;FLAVOR:Marlin
;TIME:476
;Filament used: 0.140981m
;Layer height: 0.2
;MINX:31.94
;MINY:-3.233
;MINZ:0.2
;MAXX:64.626
;MAXY:23.233
;MAXZ:13
;Generated with Creality Slicer 4.8.2-191
M104 S200
M105
M109 S200
M82 ;absolute extrusion mode

G28 ; Bazowanie osi - w Twoim programie ustawi elementy na pozycje startowe
G90 ; Pozycjonowanie absolutne
G1 F2000 ; Ustawienie domyślnej prędkości ruchu



G92 E0
G92 E0
G1 F2400 E-0.8
;LAYER_COUNT:65
;LAYER:0
M107
M204 S2000
G0 F7500 X50.307 Y23.232 Z0.2
M204 S500
;TYPE:SKIRT
G1 F2400 E0
G1 F1500 X49.617 Y23.233 E0.02295
G1 X49.171 Y23.22 E0.03779
G1 X48.898 Y23.209 E0.04688
G1 X48.485 Y23.186 E0.06063
G1 X43.263 Y22.857 E0.23466
G1 X42.599 Y22.806 E0.25681
G1 X41.667 Y22.694 E0.28803
G1 X40.728 Y22.498 E0.31994
G1 X40.453 Y22.428 E0.32938
G1 X39.554 Y22.158 E0.3606
G1 X38.682 Y21.813 E0.39179
G1 X37.843 Y21.394 E0.42298
G1 X37.042 Y20.906 E0.45418
G1 X36.286 Y20.351 E0.48537
G1 X35.58 Y19.734 E0.51655
G1 X35.012 Y19.152 E0.5436
G1 X34.849 Y18.972 E0.55168
G1 X34.25 Y18.25 E0.58288
G1 X33.714 Y17.48 E0.61409
G1 X33.246 Y16.668 E0.64526
G1 X32.849 Y15.818 E0.67646
G1 X32.525 Y14.938 E0.70765
G1 X32.274 Y14.012 E0.73956
G1 X32.227 Y13.804 E0.74665
G1 X32.059 Y12.882 E0.77782
G1 X31.957 Y11.555 E0.82209
G1 X31.94 Y10.382 E0.86111
G1 X31.94 Y9.119 E0.90312
G1 X31.95 Y8.46 E0.92504
G1 X32.004 Y7.524 E0.95622
G1 X32.138 Y6.596 E0.98741
G1 X32.425 Y5.426 E1.02747
G1 X32.498 Y5.186 E1.03582
G1 X32.809 Y4.301 E1.06702
G1 X33.194 Y3.446 E1.0982
G1 X33.651 Y2.627 E1.1294
G1 X34.175 Y1.849 E1.1606
G1 X34.765 Y1.12 E1.19179
G1 X35.378 Y0.477 E1.22134
G1 X35.556 Y0.305 E1.22957
G1 X36.258 Y-.318 E1.26079
G1 X37.01 Y-.878 E1.29197
G1 X37.807 Y-1.372 E1.32316
G1 X38.643 Y-1.797 E1.35435
G1 X39.513 Y-2.149 E1.38557
G1 X40.504 Y-2.449 E1.42
G1 X40.682 Y-2.494 E1.42611
G1 X41.6 Y-2.685 E1.4573
G1 X42.507 Y-2.795 E1.48769
G1 X43.571 Y-2.878 E1.52318
G1 X48.727 Y-3.201 E1.69501
G1 X48.982 Y-3.214 E1.7035
G1 X49.475 Y-3.233 E1.71991
G1 X50.398 Y-3.23 E1.75061
G1 X50.948 Y-3.205 E1.76892
G1 X52.257 Y-3.066 E1.8127
G1 X52.749 Y-2.984 E1.82929
G1 X53.578 Y-2.813 E1.85745
G1 X53.659 Y-2.793 E1.86022
G1 X54.186 Y-2.649 E1.87839
G1 X54.539 Y-2.543 E1.89065
G1 X55.205 Y-2.32 E1.91401
G1 X55.38 Y-2.255 E1.92022
G1 X56.014 Y-1.996 E1.943
G1 X56.309 Y-1.865 E1.95373
G1 X56.91 Y-1.577 E1.9759
G1 X57.124 Y-1.466 E1.98392
G1 X57.784 Y-1.094 E2.00912
G1 X58.017 Y-.952 E2.01819
G1 X58.671 Y-.52 E2.04426
G1 X58.907 Y-.352 E2.0539
G1 X59.469 Y0.075 E2.07737
G1 X59.678 Y0.245 E2.08633
G1 X60.249 Y0.744 E2.11155
G1 X60.418 Y0.902 E2.11925
G1 X60.807 Y1.284 E2.13738
G1 X60.961 Y1.443 E2.14474
G1 X61.395 Y1.918 E2.16614
G1 X61.488 Y2.026 E2.17088
G1 X61.851 Y2.471 E2.18998
G1 X62.06 Y2.741 E2.20134
G1 X62.491 Y3.336 E2.22578
G1 X62.688 Y3.629 E2.23752
G1 X63.177 Y4.429 E2.26871
G1 X63.597 Y5.268 E2.29991
G1 X63.944 Y6.139 E2.3311
G1 X64.195 Y6.961 E2.35968
G1 X64.262 Y7.215 E2.36842
G1 X64.463 Y8.132 E2.39964
G1 X64.584 Y9.062 E2.43084
G1 X64.626 Y9.999 E2.46203
G1 X64.559 Y11.236 E2.50323
G1 X64.548 Y11.335 E2.50655
G1 X64.405 Y12.262 E2.53774
G1 X64.183 Y13.173 E2.56893
G1 X63.884 Y14.062 E2.60013
G1 X63.511 Y14.922 E2.6313
G1 X63.182 Y15.55 E2.65489
G1 X63.014 Y15.846 E2.66621
G1 X62.319 Y16.919 E2.70873
G1 X62.157 Y17.14 E2.71784
G1 X61.804 Y17.596 E2.73702
G1 X61.639 Y17.798 E2.74569
G1 X61.109 Y18.401 E2.7724
G1 X60.932 Y18.588 E2.78096
G1 X60.3 Y19.204 E2.81031
G1 X60.041 Y19.437 E2.8219
G1 X59.454 Y19.929 E2.84738
G1 X59.203 Y20.125 E2.85797
G1 X58.681 Y20.508 E2.8795
G1 X58.539 Y20.606 E2.88524
G1 X57.845 Y21.048 E2.91261
G1 X57.433 Y21.289 E2.92848
G1 X56.708 Y21.677 E2.95583
G1 X56.62 Y21.72 E2.95909
G1 X56.135 Y21.943 E2.97684
G1 X55.786 Y22.093 E2.98948
G1 X55 Y22.396 E3.0175
G1 X54.766 Y22.476 E3.02572
G1 X53.997 Y22.708 E3.05244
G1 X53.749 Y22.773 E3.06096
G1 X52.674 Y22.998 E3.09749
G1 X52.097 Y23.089 E3.11692
G1 X50.753 Y23.217 E3.16183
G1 X50.307 Y23.232 E3.17667
M204 S2000
G0 F7500 X50.293 Y22.832
M204 S500
G1 F1500 X49.628 Y22.833 E3.19879
G1 X49.182 Y22.82 E3.21363
G1 X48.92 Y22.81 E3.22235
G1 X48.511 Y22.787 E3.23597
G1 X43.293 Y22.458 E3.40987
G1 X42.629 Y22.407 E3.43202
G1 X41.715 Y22.297 E3.46264
G1 X40.826 Y22.11 E3.49285
G1 X40.551 Y22.04 E3.50229
G1 X39.67 Y21.775 E3.53289
G1 X38.815 Y21.434 E3.5635
G1 X37.992 Y21.02 E3.59415
G1 X37.209 Y20.536 E3.62476
G1 X36.471 Y19.986 E3.65538
G1 X35.783 Y19.374 E3.686
G1 X35.309 Y18.883 E3.7087
G1 X35.146 Y18.703 E3.71678
G1 X34.558 Y17.994 E3.74741
G1 X34.034 Y17.238 E3.77801
G1 X33.578 Y16.438 E3.80863
G1 X33.192 Y15.602 E3.83926
G1 X32.881 Y14.735 E3.8699
G1 X32.664 Y13.924 E3.89782
G1 X32.617 Y13.716 E3.90491
G1 X32.453 Y12.81 E3.93553
G1 X32.357 Y11.548 E3.97763
G1 X32.34 Y10.382 E4.01642
G1 X32.34 Y9.125 E4.05822
G1 X32.35 Y8.466 E4.08014
G1 X32.404 Y7.547 E4.11076
G1 X32.538 Y6.636 E4.14139
G1 X32.808 Y5.542 E4.17887
G1 X32.881 Y5.302 E4.18721
G1 X33.187 Y4.434 E4.21782
G1 X33.567 Y3.596 E4.24843
G1 X34.018 Y2.793 E4.27906
G1 X34.538 Y2.033 E4.30969
G1 X35.121 Y1.321 E4.34029
G1 X35.656 Y0.764 E4.36598
G1 X35.834 Y0.592 E4.37421
G1 X36.523 Y-0.018 E4.40482
G1 X37.263 Y-.566 E4.43545
G1 X38.047 Y-1.048 E4.46606
G1 X38.871 Y-1.461 E4.49671
G1 X39.727 Y-1.8 E4.52734
G1 X40.602 Y-2.062 E4.55771
G1 X40.78 Y-2.107 E4.56382
G1 X41.681 Y-2.293 E4.59442
G1 X42.538 Y-2.397 E4.62313
G1 X43.419 Y-2.467 E4.65253
G1 X48.752 Y-2.802 E4.83025
G1 X48.998 Y-2.814 E4.83845
G1 X49.491 Y-2.833 E4.85485
G1 X50.38 Y-2.83 E4.88442
G1 X50.93 Y-2.805 E4.90274
G1 X52.192 Y-2.672 E4.94494
G1 X52.684 Y-2.59 E4.96153
G1 X53.482 Y-2.425 E4.98863
G1 X53.563 Y-2.405 E4.99141
G1 X54.071 Y-2.266 E5.00893
G1 X54.424 Y-2.16 E5.02119
G1 X55.066 Y-1.945 E5.0437
G1 X55.241 Y-1.88 E5.04991
G1 X55.852 Y-1.631 E5.07186
G1 X56.147 Y-1.5 E5.08259
G1 X56.726 Y-1.222 E5.10396
G1 X56.94 Y-1.111 E5.11197
G1 X57.575 Y-.753 E5.13622
G1 X57.808 Y-.611 E5.14529
G1 X58.439 Y-.194 E5.17045
G1 X58.675 Y-0.026 E5.18009
G1 X59.217 Y0.386 E5.20273
G1 X59.426 Y0.556 E5.21169
G1 X59.976 Y1.036 E5.23597
G1 X60.145 Y1.194 E5.24367
G1 X60.52 Y1.562 E5.26114
G1 X60.674 Y1.721 E5.2685
G1 X61.092 Y2.179 E5.28913
G1 X61.185 Y2.287 E5.29387
G1 X61.535 Y2.716 E5.31228
G1 X61.744 Y2.986 E5.32364
G1 X62.159 Y3.56 E5.3472
G1 X62.356 Y3.853 E5.35894
G1 X62.836 Y4.638 E5.38954
G1 X63.246 Y5.462 E5.42015
G1 X63.583 Y6.319 E5.45078
G1 X63.808 Y7.063 E5.47664
G1 X63.875 Y7.317 E5.48537
G1 X64.071 Y8.217 E5.51601
G1 X64.188 Y9.13 E5.54662
G1 X64.226 Y10.05 E5.57725
G1 X64.161 Y11.192 E5.61529
G1 X64.15 Y11.291 E5.61861
G1 X64.009 Y12.2 E5.6492
G1 X63.789 Y13.094 E5.67982
G1 X63.493 Y13.966 E5.71045
G1 X63.122 Y14.809 E5.74108
G1 X62.834 Y15.352 E5.76153
G1 X62.666 Y15.648 E5.77285
G1 X61.996 Y16.683 E5.81386
G1 X61.834 Y16.904 E5.82297
G1 X61.494 Y17.343 E5.84144
G1 X61.329 Y17.545 E5.85011
G1 X60.818 Y18.126 E5.87585
G1 X60.641 Y18.313 E5.88441
G1 X60.032 Y18.906 E5.91268
G1 X59.773 Y19.139 E5.92427
G1 X59.208 Y19.614 E5.94882
G1 X58.957 Y19.81 E5.95941
G1 X58.454 Y20.179 E5.98016
G1 X58.312 Y20.277 E5.9859
G1 X57.643 Y20.703 E6.01228
G1 X57.231 Y20.944 E6.02815
G1 X56.533 Y21.318 E6.05449
G1 X56.445 Y21.361 E6.05775
G1 X55.977 Y21.576 E6.07488
G1 X55.628 Y21.726 E6.08751
G1 X54.871 Y22.017 E6.11449
G1 X54.637 Y22.097 E6.12271
G1 X53.895 Y22.321 E6.14849
G1 X53.647 Y22.386 E6.15702
G1 X52.611 Y22.603 E6.19223
G1 X52.034 Y22.694 E6.21165
G1 X50.739 Y22.817 E6.25492
G1 X50.293 Y22.832 E6.26976
M204 S2000
G0 F7500 X50.28 Y22.432
M204 S500
G1 F1500 X49.64 Y22.434 E6.29105
G1 X49.194 Y22.421 E6.30589
G1 X48.941 Y22.41 E6.31431
G1 X48.536 Y22.388 E6.3278
G1 X43.324 Y22.059 E6.5015
G1 X42.66 Y22.008 E6.52365
G1 X41.763 Y21.899 E6.5537
G1 X40.925 Y21.723 E6.58218
G1 X40.65 Y21.653 E6.59162
G1 X39.785 Y21.391 E6.62168
G1 X38.947 Y21.055 E6.65171
G1 X38.143 Y20.645 E6.68173
G1 X37.377 Y20.166 E6.71178
G1 X36.657 Y19.621 E6.74181
G1 X35.988 Y19.015 E6.77183
G1 X35.605 Y18.615 E6.79025
G1 X35.442 Y18.435 E6.79833
G1 X34.866 Y17.739 E6.82838
G1 X34.354 Y16.995 E6.85842
G1 X33.91 Y16.209 E6.88844
G1 X33.537 Y15.387 E6.91846
G1 X33.238 Y14.534 E6.94853
G1 X33.054 Y13.836 E6.97254
G1 X33.007 Y13.628 E6.97963
G1 X32.847 Y12.739 E7.00967
G1 X32.757 Y11.542 E7.0496
G1 X32.74 Y10.381 E7.08822
G1 X32.74 Y9.131 E7.12979
G1 X32.75 Y8.472 E7.15171
G1 X32.804 Y7.571 E7.18173
G1 X32.937 Y6.677 E7.2118
G1 X33.19 Y5.659 E7.24668
G1 X33.263 Y5.419 E7.25503
G1 X33.564 Y4.567 E7.28508
G1 X33.939 Y3.746 E7.3151
G1 X34.385 Y2.96 E7.34516
G1 X34.899 Y2.218 E7.37518
G1 X35.477 Y1.523 E7.40525
G1 X35.934 Y1.052 E7.42707
G1 X36.112 Y0.88 E7.43531
G1 X36.789 Y0.282 E7.46535
G1 X37.516 Y-.254 E7.49539
G1 X38.287 Y-.724 E7.52542
G1 X39.097 Y-1.123 E7.55546
G1 X39.939 Y-1.45 E7.5855
G1 X40.7 Y-1.674 E7.61188
G1 X40.878 Y-1.719 E7.61799
G1 X41.763 Y-1.901 E7.64804
G1 X42.57 Y-1.998 E7.67508
G1 X43.621 Y-2.08 E7.71014
G1 X48.777 Y-2.403 E7.88196
G1 X49.506 Y-2.433 E7.90623
G1 X50.362 Y-2.43 E7.9347
G1 X50.912 Y-2.405 E7.95301
G1 X52.126 Y-2.277 E7.99362
G1 X52.618 Y-2.195 E8.01021
G1 X53.386 Y-2.037 E8.03628
G1 X53.467 Y-2.017 E8.03906
G1 X53.955 Y-1.883 E8.05589
G1 X54.308 Y-1.777 E8.06815
G1 X54.927 Y-1.57 E8.08986
G1 X55.102 Y-1.505 E8.09607
G1 X55.69 Y-1.265 E8.11719
G1 X55.985 Y-1.134 E8.12793
G1 X56.541 Y-.866 E8.14846
G1 X56.755 Y-.755 E8.15647
G1 X57.367 Y-.411 E8.17982
G1 X57.6 Y-.269 E8.1889
G1 X58.207 Y0.131 E8.21308
G1 X58.443 Y0.299 E8.22271
G1 X58.964 Y0.696 E8.2445
G1 X59.173 Y0.866 E8.25346
G1 X59.703 Y1.328 E8.27684
G1 X59.872 Y1.486 E8.28454
G1 X60.233 Y1.841 E8.30138
G1 X60.387 Y2 E8.30874
G1 X60.789 Y2.44 E8.32856
G1 X60.882 Y2.548 E8.3333
G1 X61.219 Y2.96 E8.35101
G1 X61.428 Y3.23 E8.36236
G1 X61.827 Y3.783 E8.38504
G1 X62.024 Y4.076 E8.39679
G1 X62.494 Y4.847 E8.42682
G1 X62.894 Y5.656 E8.45684
G1 X63.221 Y6.498 E8.48688
G1 X63.422 Y7.165 E8.51005
G1 X63.489 Y7.419 E8.51879
G1 X63.68 Y8.302 E8.54883
G1 X63.793 Y9.198 E8.57887
G1 X63.826 Y10.101 E8.60893
G1 X63.764 Y11.147 E8.64378
G1 X63.753 Y11.246 E8.64709
G1 X63.613 Y12.139 E8.67715
G1 X63.395 Y13.015 E8.70718
G1 X63.101 Y13.869 E8.73722
G1 X62.732 Y14.693 E8.76725
G1 X62.486 Y15.155 E8.78466
G1 X62.318 Y15.451 E8.79598
G1 X61.674 Y16.446 E8.8354
G1 X61.512 Y16.667 E8.84451
G1 X61.185 Y17.09 E8.86229
G1 X61.02 Y17.292 E8.87097
G1 X60.528 Y17.851 E8.89574
G1 X60.351 Y18.038 E8.9043
G1 X59.765 Y18.609 E8.93151
G1 X59.506 Y18.842 E8.9431
G1 X58.962 Y19.298 E8.96671
G1 X58.711 Y19.494 E8.9773
G1 X58.227 Y19.85 E8.99729
G1 X58.085 Y19.948 E9.00303
G1 X57.441 Y20.357 E9.0284
G1 X57.029 Y20.598 E9.04427
G1 X56.357 Y20.958 E9.06963
G1 X56.269 Y21.001 E9.07289
G1 X55.819 Y21.208 E9.08936
G1 X55.47 Y21.358 E9.102
G1 X54.742 Y21.639 E9.12795
G1 X54.508 Y21.719 E9.13618
G1 X53.794 Y21.934 E9.16098
G1 X53.546 Y21.999 E9.16951
G1 X52.549 Y22.207 E9.20338
G1 X51.972 Y22.298 E9.22281
G1 X50.726 Y22.417 E9.26444
G1 X50.28 Y22.432 E9.27928
M204 S2000
G1 F2400 E8.47928
;MESH:3DBenchy.stl
G0 F7500 X50.217 Y12.913
G0 X50.203 Y11.829
G0 X50.393 Y11.631
M204 S500
;TYPE:WALL-INNER
G1 F2400 E9.27928
G1 F1500 X49.964 Y11.652 E9.29357
G1 X49.694 Y11.64 E9.30256
G1 X48.94 Y11.591 E9.32769
G1 X43.538 Y11.252 E9.50771
G1 X43.54 Y10.67 E9.52707
G1 X43.54 Y8.746 E9.59106
G1 X47.739 Y8.485 E9.73099
G1 X48.154 Y8.457 E9.74482
G1 X48.531 Y8.435 E9.75739
G1 X49.66 Y8.362 E9.79501
G1 X50.104 Y8.349 E9.80979
G1 X50.329 Y8.364 E9.81729
G1 X50.777 Y8.432 E9.83236
G1 X51.191 Y8.55 E9.84668
G1 X51.602 Y8.725 E9.86153
G1 X51.981 Y8.944 E9.87609
G1 X52.16 Y9.072 E9.88341
G1 X52.496 Y9.362 E9.89818
G1 X52.801 Y9.7 E9.91332
G1 X53.002 Y10.002 E9.92538
G1 X52.857 Y10.224 E9.9342
G1 X52.711 Y10.41 E9.94207
G1 X52.404 Y10.726 E9.95672
G1 X52.054 Y11.007 E9.97165
G1 X51.651 Y11.251 E9.98732
G1 X51.24 Y11.433 E10.00227
G1 X50.834 Y11.554 E10.01636
G1 X50.393 Y11.631 E10.03125
M204 S2000
G0 F7500 X50.44 Y12.029
M204 S500
;TYPE:WALL-OUTER
G1 F1500 X50.207 Y12.048 E10.03902
G1 X49.951 Y12.052 E10.04754
G1 X49.675 Y12.039 E10.05673
G1 X48.914 Y11.99 E10.08209
G1 X43.443 Y11.647 E10.26442
G1 X43.272 Y11.6 E10.27032
G1 X43.175 Y11.494 E10.27509
G1 X43.138 Y11.316 E10.28114
G1 X43.14 Y10.67 E10.30263
G1 X43.139 Y9.635 E10.33705
G1 X43.14 Y8.641 E10.37011
G1 X43.191 Y8.48 E10.37573
G1 X43.291 Y8.387 E10.38027
G1 X43.436 Y8.352 E10.38523
G1 X47.713 Y8.086 E10.52776
G1 X48.127 Y8.058 E10.54156
G1 X48.507 Y8.036 E10.55422
G1 X49.634 Y7.963 E10.59178
G1 X49.884 Y7.95 E10.60011
G1 X50.114 Y7.949 E10.60776
G1 X50.371 Y7.966 E10.61633
G1 X50.861 Y8.041 E10.63281
G1 X51.107 Y8.103 E10.64125
G1 X51.332 Y8.175 E10.64911
G1 X51.57 Y8.268 E10.65761
G1 X51.776 Y8.364 E10.66517
G1 X51.998 Y8.484 E10.67356
G1 X52.196 Y8.606 E10.6813
G1 X52.408 Y8.758 E10.68997
G1 X52.775 Y9.075 E10.7061
G1 X52.952 Y9.26 E10.71462
G1 X53.106 Y9.441 E10.72252
G1 X53.256 Y9.643 E10.73089
G1 X53.44 Y9.96 E10.74308
G1 X53.427 Y10.081 E10.74713
G1 X53.178 Y10.463 E10.7623
G1 X53.017 Y10.668 E10.77096
G1 X52.676 Y11.02 E10.78727
G1 X52.494 Y11.177 E10.79526
G1 X52.281 Y11.337 E10.80412
G1 X52.072 Y11.474 E10.81243
G1 X51.825 Y11.612 E10.82184
G1 X51.384 Y11.807 E10.83788
G1 X51.166 Y11.881 E10.84554
G1 X50.915 Y11.946 E10.85416
G1 X50.44 Y12.029 E10.8702
M204 S2000
G0 F7500 X50.385 Y11.593
G0 X50.357 Y11.241
M204 S500
;TYPE:SKIN
G1 F1500 X49.962 Y11.262 E10.88336
G1 X49.719 Y11.25 E10.89145
G1 X48.965 Y11.201 E10.91658
G1 X43.929 Y10.885 E11.08441
G1 X43.93 Y9.113 E11.14334
G1 X47.764 Y8.875 E11.27111
G1 X48.18 Y8.847 E11.28497
G1 X48.555 Y8.825 E11.29747
G1 X49.685 Y8.752 E11.33513
G1 X50.09 Y8.739 E11.34861
G1 X50.293 Y8.754 E11.35538
G1 X50.697 Y8.815 E11.36897
G1 X51.061 Y8.918 E11.38155
G1 X51.431 Y9.076 E11.39493
G1 X51.762 Y9.268 E11.40766
G1 X51.922 Y9.38 E11.41415
G1 X52.225 Y9.644 E11.42752
G1 X52.493 Y9.94 E11.4408
G1 X52.535 Y10.004 E11.44335
G1 X52.418 Y10.154 E11.44968
G1 X52.146 Y10.432 E11.46261
G1 X51.833 Y10.685 E11.476
G1 X51.471 Y10.904 E11.49007
G1 X51.105 Y11.066 E11.50338
G1 X50.738 Y11.176 E11.51612
G1 X50.357 Y11.241 E11.52898
M204 S2000
G0 F7500 X50.405 Y11.518
G0 X51.568 Y11.101
G0 X52.647 Y10.311
G0 X52.303 Y10.04
M204 S500
G1 F1500 X51.653 Y9.391 E11.55953
M204 S2000
G0 F7500 X51.874 Y9.01
G0 X52.667 Y9.807
G0 X52.298 Y10.67
G0 X52.022 Y10.325
M204 S500
G1 F1500 X50.671 Y8.974 E11.62308
M204 S2000
G0 F7500 X50.033 Y8.902
M204 S500
G1 F1500 X51.705 Y10.574 E11.70172
M204 S2000
G0 F7500 X51.348 Y10.782
M204 S500
G1 F1500 X49.492 Y8.926 E11.78902
M204 S2000
G0 F7500 X48.96 Y8.96
M204 S500
G1 F1500 X50.946 Y10.946 E11.88244
M204 S2000
G0 F7500 X50.489 Y11.055
M204 S500
G1 F1500 X48.428 Y8.994 E11.97938
M204 S2000
G0 F7500 X47.896 Y9.028
M204 S500
G1 F1500 X49.969 Y11.099 E12.07684
M204 S2000
G0 F7500 X49.369 Y11.065
M204 S500
G1 F1500 X47.364 Y9.061 E12.17113
M204 S2000
G0 F7500 X46.831 Y9.094
M204 S500
G1 F1500 X48.765 Y11.027 E12.26207
M204 S2000
G0 F7500 X48.161 Y10.989
M204 S500
G1 F1500 X46.299 Y9.127 E12.34966
M204 S2000
G0 F7500 X45.766 Y9.16
M204 S500
G1 F1500 X47.558 Y10.951 E12.43392
M204 S2000
G0 F7500 X46.955 Y10.914
M204 S500
G1 F1500 X45.233 Y9.193 E12.5149
M204 S2000
G0 F7500 X44.7 Y9.226
M204 S500
G1 F1500 X46.351 Y10.876 E12.59253
M204 S2000
G0 F7500 X45.748 Y10.838
M204 S500
G1 F1500 X44.168 Y9.259 E12.66683
M204 S2000
G0 F7500 X44.091 Y9.747
M204 S500
G1 F1500 X45.145 Y10.801 E12.7164
M204 S2000
G0 F7500 X44.541 Y10.762
M204 S500
G1 F1500 X44.091 Y10.312 E12.73757
M204 S2000
G0 F7500 X43.74 Y10.313
G1 F2400 E11.93757
;MESH:NONMESH
G0 F300 X43.74 Y10.313 Z0.4
G0 F7500 X43.65 Y10.313
G0 X43.72 Y11.081
G0 X50.322 Y11.737
G0 X50.325 Y11.782
;TIME_ELAPSED:22.441912
;LAYER:1
M106 S85
M204 S500
;TYPE:WALL-INNER
;MESH:3DBenchy.stl
G1 F2400 E12.73757
G1 F696.3 X49.886 Y11.795 E12.75218
G1 X49.6 Y11.779 E12.7617
G1 X49.266 Y11.753 E12.77285
G1 X48.911 Y11.731 E12.78468
G1 X48.265 Y11.684 E12.80622
G1 X43.444 Y11.357 E12.96694
G1 X43.444 Y10.836 E12.98426
G1 X44.945 Y10.835 E13.03419
G1 X44.945 Y9.165 E13.08973
G1 X43.643 Y9.164 E13.13304
G1 X43.444 Y9.164 E13.13966
G1 X43.444 Y8.965 E13.14394
G1 X43.445 Y8.65 E13.15442
G1 X43.55 Y8.635 E13.15794
G1 X49.682 Y8.217 E13.36237
G1 X49.921 Y8.204 E13.37033
G1 X50.381 Y8.222 E13.38564
G1 X50.824 Y8.292 E13.40056
G1 X51.075 Y8.356 E13.40917
G1 X51.508 Y8.511 E13.42447
G1 X51.924 Y8.717 E13.43991
G1 X52.157 Y8.863 E13.44905
G1 X52.372 Y9.017 E13.45785
G1 X52.715 Y9.319 E13.47305
G1 X53.014 Y9.652 E13.48793
G1 X53.248 Y9.986 E13.5015
G1 X53.115 Y10.214 E13.51028
G1 X52.841 Y10.551 E13.52472
G1 X52.663 Y10.732 E13.53317
G1 X52.334 Y11.01 E13.54749
G1 X52.114 Y11.165 E13.55644
G1 X51.882 Y11.307 E13.56549
G1 X51.466 Y11.507 E13.58084
G1 X51.01 Y11.661 E13.59685
G1 X50.776 Y11.717 E13.60485
G1 X50.325 Y11.782 E13.62001
M204 S2000
G0 F8250 X50.372 Y12.18
M204 S500
;TYPE:WALL-OUTER
G1 F696.3 X50.121 Y12.195 E13.62837
G1 X49.882 Y12.195 E13.63632
G1 X49.569 Y12.178 E13.64675
G1 X49.238 Y12.152 E13.65779
G1 X48.882 Y12.13 E13.66965
G1 X48.239 Y12.083 E13.6911
G1 X48.1 Y12.075 E13.69573
G1 X43.299 Y11.748 E13.85578
G1 X43.147 Y11.684 E13.86127
G1 X43.061 Y11.556 E13.86639
G1 X43.044 Y11.439 E13.87033
G1 X43.044 Y10.436 E13.90369
G1 X44.545 Y10.435 E13.95361
G1 X44.545 Y9.565 E13.98255
G1 X43.044 Y9.564 E14.03247
G1 X43.045 Y8.537 E14.06663
G1 X43.1 Y8.37 E14.07248
G1 X43.209 Y8.279 E14.0772
G1 X43.51 Y8.237 E14.08731
G1 X48.632 Y7.889 E14.25806
G1 X49.655 Y7.818 E14.29217
G1 X49.92 Y7.804 E14.30099
G1 X50.159 Y7.806 E14.30894
G1 X50.415 Y7.823 E14.31747
G1 X50.675 Y7.858 E14.3262
G1 X50.917 Y7.903 E14.33439
G1 X51.185 Y7.971 E14.34358
G1 X51.419 Y8.048 E14.35178
G1 X51.675 Y8.147 E14.36091
G1 X51.904 Y8.252 E14.36928
G1 X52.123 Y8.37 E14.37756
G1 X52.381 Y8.531 E14.38767
G1 X52.605 Y8.692 E14.39685
G1 X52.815 Y8.864 E14.40588
G1 X52.997 Y9.035 E14.41418
G1 X53.171 Y9.219 E14.42261
G1 X53.335 Y9.413 E14.43105
G1 X53.48 Y9.608 E14.43914
G1 X53.634 Y9.846 E14.44857
G1 X53.687 Y10.027 E14.45484
G1 X53.448 Y10.437 E14.47062
G1 X53.285 Y10.649 E14.47952
G1 X53.126 Y10.832 E14.48758
G1 X52.941 Y11.02 E14.49635
G1 X52.576 Y11.329 E14.51226
G1 X52.332 Y11.501 E14.52219
G1 X52.08 Y11.655 E14.53201
G1 X51.858 Y11.77 E14.54033
G1 X51.61 Y11.881 E14.54936
G1 X51.369 Y11.971 E14.55792
G1 X51.121 Y12.046 E14.56654
G1 X50.845 Y12.111 E14.57597
G1 X50.372 Y12.18 E14.59187
M204 S2000
G0 F8250 X50.328 Y11.743
G0 X50.293 Y11.392
M204 S500
;TYPE:SKIN
G1 F696.3 X49.896 Y11.405 E14.60508
G1 X49.573 Y11.387 E14.61584
G1 X49.294 Y11.363 E14.62515
G1 X48.82 Y11.334 E14.64095
G1 X48.293 Y11.295 E14.65852
G1 X45.335 Y11.095 E14.75713
G1 X45.335 Y8.906 E14.82994
G1 X49.709 Y8.607 E14.97576
G1 X49.928 Y8.594 E14.98305
G1 X50.338 Y8.61 E14.9967
G1 X50.753 Y8.676 E15.01068
G1 X50.964 Y8.73 E15.01792
G1 X51.356 Y8.871 E15.03178
G1 X51.733 Y9.058 E15.04577
G1 X52.123 Y9.318 E15.06136
G1 X52.441 Y9.598 E15.07546
G1 X52.705 Y9.892 E15.0886
G1 X52.783 Y10.004 E15.09314
G1 X52.558 Y10.282 E15.10503
G1 X52.397 Y10.446 E15.11268
G1 X52.084 Y10.71 E15.1263
G1 X51.911 Y10.832 E15.13334
G1 X51.695 Y10.964 E15.14176
G1 X51.316 Y11.147 E15.15575
G1 X50.912 Y11.283 E15.16993
G1 X50.695 Y11.335 E15.17735
G1 X50.293 Y11.392 E15.19086
M204 S2000
G0 F8250 X50.332 Y11.67
G0 X51.403 Y11.349
G0 X52.232 Y10.872
G0 X52.715 Y10.435
G0 X53.038 Y9.995
G0 X52.762 Y9.536
G0 X52.432 Y9.831
M204 S500
G1 F696.3 X51.272 Y10.99 E15.2454
M204 S2000
G0 F8250 X50.495 Y11.201
M204 S500
G1 F696.3 X52.146 Y9.551 E15.32303
M204 S2000
G0 F8250 X51.822 Y9.31
M204 S500
G1 F696.3 X49.887 Y11.244 E15.41402
M204 S2000
G0 F8250 X49.358 Y11.208
M204 S500
G1 F696.3 X51.463 Y9.102 E15.51306
M204 S2000
G0 F8250 X51.064 Y8.936
M204 S500
G1 F696.3 X48.826 Y11.174 E15.61833
M204 S2000
G0 F8250 X48.3 Y11.134
M204 S500
G1 F696.3 X50.616 Y8.818 E15.72727
M204 S2000
G0 F8250 X50.107 Y8.762
M204 S500
G1 F696.3 X47.77 Y11.098 E15.83717
M204 S2000
G0 F8250 X47.24 Y11.063
M204 S500
G1 F696.3 X49.522 Y8.782 E15.94448
M204 S2000
G0 F8250 X48.915 Y8.823
M204 S500
G1 F696.3 X46.71 Y11.027 E16.04818
M204 S2000
G0 F8250 X46.181 Y10.991
M204 S500
G1 F696.3 X48.308 Y8.865 E16.1482
M204 S2000
G0 F8250 X47.701 Y8.906
M204 S500
G1 F696.3 X45.651 Y10.955 E16.2446
M204 S2000
G0 F8250 X45.496 Y10.544
M204 S500
G1 F696.3 X47.094 Y8.948 E16.31972
M204 S2000
G0 F8250 X46.487 Y8.989
M204 S500
G1 F696.3 X45.496 Y9.979 E16.36631
M204 S2000
G0 F8250 X45.496 Y9.414
M204 S500
G1 F696.3 X45.879 Y9.03 E16.38435
M204 S2000
G0 F8250 X45.161 Y8.9
M204 S500
;TYPE:SKIN
G1 F696.3 X45.056 Y9.006 E16.38683
M204 S2000
G0 F8250 X44.773 Y9.006
M204 S500
G1 F696.3 X45.087 Y8.692 E16.39422
M204 S2000
G0 F8250 X44.783 Y8.712
M204 S500
G1 F696.3 X44.49 Y9.006 E16.40112
M204 S2000
G0 F8250 X44.479 Y8.733
M204 S500
G1 F696.3 X44.207 Y9.006 E16.40753
M204 S2000
G0 F8250 X44.176 Y8.754
M204 S500
G1 F696.3 X43.924 Y9.006 E16.41345
M204 S2000
G0 F8250 X43.872 Y8.775
M204 S500
G1 F696.3 X43.641 Y9.006 E16.41889
M204 S2000
G0 F8250 X43.583 Y9.024
G0 X44.773 Y9.337
G0 X44.773 Y10.663
G0 X43.915 Y10.945
G0 X43.914 Y10.994
M204 S500
G1 F696.3 X43.695 Y11.214 E16.42405
M204 S2000
G0 F8250 X43.96 Y11.232
M204 S500
G1 F696.3 X44.197 Y10.994 E16.42963
M204 S2000
G0 F8250 X44.225 Y11.25
M204 S500
G1 F696.3 X44.48 Y10.994 E16.43564
M204 S2000
G0 F8250 X44.489 Y11.268
M204 S500
G1 F696.3 X44.763 Y10.994 E16.44209
M204 S2000
G0 F8250 X45.046 Y10.994
M204 S500
G1 F696.3 X44.754 Y11.286 E16.44896
M204 S2000
G0 F8250 X45.019 Y11.304
M204 S500
G1 F696.3 X45.161 Y11.162 E16.45229
M204 S2000
G0 F8250 X45.154 Y11.273
G1 F2400 E15.65229
;MESH:NONMESH
G0 F300 X45.154 Y11.273 Z0.6
G0 F8250 X45.148 Y11.361
G0 X50.32 Y11.881
G0 X50.322 Y11.926
;TIME_ELAPSED:34.603937
;LAYER:2
M106 S170
M204 S500
;TYPE:WALL-INNER
;MESH:3DBenchy.stl
G1 F2400 E16.45229
G1 F761.1 X49.854 Y11.936 E16.46786
G1 X49.568 Y11.919 E16.47739
G1 X48.749 Y11.859 E16.50471
G1 X48.185 Y11.815 E16.52352
G1 X43.349 Y11.463 E16.68479
G1 X43.35 Y10.863 E16.70475
G1 X44.944 Y10.863 E16.75777
G1 X44.945 Y9.138 E16.81514
G1 X43.35 Y9.137 E16.86819
G1 X43.35 Y8.547 E16.88781
G1 X43.442 Y8.531 E16.89092
G1 X46.951 Y8.276 E17.00794
G1 X47.605 Y8.226 E17.02975
G1 X48.18 Y8.185 E17.04893
G1 X49.753 Y8.067 E17.10139
G1 X49.998 Y8.059 E17.10954
G1 X50.46 Y8.086 E17.12494
G1 X50.686 Y8.118 E17.13253
G1 X51.124 Y8.217 E17.14746
G1 X51.55 Y8.362 E17.16243
G1 X51.966 Y8.555 E17.17768
G1 X52.213 Y8.7 E17.18721
G1 X52.579 Y8.96 E17.20214
G1 X52.787 Y9.138 E17.21125
G1 X53.091 Y9.446 E17.22564
G1 X53.27 Y9.663 E17.235
G1 X53.494 Y9.988 E17.24813
G1 X53.435 Y10.108 E17.25257
G1 X53.29 Y10.312 E17.2609
G1 X52.999 Y10.656 E17.27588
G1 X52.807 Y10.842 E17.28477
G1 X52.472 Y11.122 E17.2993
G1 X52.262 Y11.266 E17.30777
G1 X51.861 Y11.499 E17.32319
G1 X51.628 Y11.606 E17.33172
G1 X51.205 Y11.76 E17.34669
G1 X50.776 Y11.866 E17.36139
G1 X50.322 Y11.926 E17.37662
M204 S2000
G0 F9000 X50.1 Y12.338
M204 S500
;TYPE:WALL-OUTER
G1 F761.1 X49.848 Y12.336 E17.385
G1 X49.539 Y12.318 E17.3953
G1 X48.718 Y12.258 E17.42268
G1 X48.155 Y12.214 E17.44146
G1 X43.224 Y11.855 E17.6059
G1 X43.061 Y11.793 E17.6117
G1 X42.975 Y11.682 E17.61637
G1 X42.949 Y11.541 E17.62114
G1 X42.951 Y10.463 E17.65699
G1 X44.544 Y10.463 E17.70998
G1 X44.545 Y9.538 E17.74074
G1 X42.95 Y9.537 E17.79379
G1 X42.95 Y8.46 E17.82961
G1 X42.996 Y8.281 E17.83576
G1 X43.095 Y8.185 E17.84035
G1 X43.394 Y8.133 E17.85044
G1 X46.921 Y7.877 E17.96806
G1 X47.575 Y7.827 E17.98987
G1 X48.151 Y7.786 E18.00908
G1 X49.733 Y7.667 E18.06184
G1 X50 Y7.659 E18.07073
G1 X50.251 Y7.668 E18.07908
G1 X50.499 Y7.688 E18.08736
G1 X50.753 Y7.724 E18.09589
G1 X51.231 Y7.831 E18.11218
G1 X51.696 Y7.99 E18.12853
G1 X51.916 Y8.083 E18.13647
G1 X52.169 Y8.21 E18.14589
G1 X52.421 Y8.358 E18.15561
G1 X52.63 Y8.498 E18.16397
G1 X52.83 Y8.648 E18.17229
G1 X53.047 Y8.834 E18.1818
G1 X53.224 Y9.003 E18.18993
G1 X53.4 Y9.191 E18.1985
G1 X53.579 Y9.408 E18.20786
G1 X53.725 Y9.606 E18.21604
G1 X53.88 Y9.849 E18.22563
G1 X53.935 Y9.999 E18.23094
G1 X53.781 Y10.312 E18.24254
G1 X53.608 Y10.554 E18.25244
G1 X53.447 Y10.756 E18.26103
G1 X53.285 Y10.936 E18.26908
G1 X53.081 Y11.134 E18.27854
G1 X52.9 Y11.295 E18.28659
G1 X52.699 Y11.452 E18.29508
G1 X52.488 Y11.597 E18.30359
G1 X52.261 Y11.738 E18.31248
G1 X52.033 Y11.861 E18.3211
G1 X51.784 Y11.975 E18.3302
G1 X51.326 Y12.142 E18.34642
G1 X50.854 Y12.259 E18.36259
G1 X50.594 Y12.3 E18.37135
G1 X50.364 Y12.324 E18.37904
G1 X50.1 Y12.338 E18.38783
M204 S2000
G0 F9000 X50.091 Y11.899
G0 X49.869 Y11.546
M204 S500
;TYPE:SKIN
G1 F761.1 X49.464 Y11.521 E18.40133
G1 X48.778 Y11.471 E18.4242
G1 X48.214 Y11.427 E18.44302
G1 X45.334 Y11.217 E18.53906
G1 X45.335 Y8.784 E18.61999
G1 X46.979 Y8.665 E18.67481
G1 X47.633 Y8.615 E18.69662
G1 X48.208 Y8.574 E18.7158
G1 X49.774 Y8.457 E18.76803
G1 X49.989 Y8.449 E18.77518
G1 X50.433 Y8.476 E18.78998
G1 X50.618 Y8.502 E18.79619
G1 X51.018 Y8.592 E18.80983
G1 X51.408 Y8.725 E18.82353
G1 X51.783 Y8.899 E18.83728
G1 X51.993 Y9.022 E18.84538
G1 X52.339 Y9.268 E18.8595
G1 X52.533 Y9.434 E18.86799
G1 X52.799 Y9.704 E18.8806
G1 X53.031 Y10.003 E18.89318
G1 X52.982 Y10.072 E18.896
G1 X52.715 Y10.388 E18.90976
G1 X52.541 Y10.556 E18.9178
G1 X52.242 Y10.805 E18.93074
G1 X52.045 Y10.941 E18.93871
G1 X51.69 Y11.148 E18.95237
G1 X51.472 Y11.248 E18.96035
G1 X51.092 Y11.387 E18.97381
G1 X50.703 Y11.483 E18.98714
G1 X50.299 Y11.536 E19.00069
G1 X49.869 Y11.546 E19.01499
M204 S2000
G0 F9000 X49.852 Y11.825
G0 X51.157 Y11.596
G0 X51.779 Y11.348
G0 X52.693 Y10.714
G0 X53.291 Y10.005
G0 X52.433 Y8.992
G0 X52.177 Y9.35
M204 S500
G1 F761.1 X52.813 Y9.986 E19.04491
M204 S2000
G0 F9000 X52.568 Y10.305
M204 S500
G1 F761.1 X51.027 Y8.765 E19.11737
M204 S2000
G0 F9000 X50.328 Y8.632
M204 S500
G1 F761.1 X52.269 Y10.572 E19.20865
M204 S2000
G0 F9000 X51.944 Y10.813
M204 S500
G1 F761.1 X49.752 Y8.62 E19.31177
M204 S2000
G0 F9000 X49.225 Y8.659
M204 S500
G1 F761.1 X51.585 Y11.019 E19.42278
M204 S2000
G0 F9000 X51.182 Y11.182
M204 S500
G1 F761.1 X48.699 Y8.699 E19.53957
M204 S2000
G0 F9000 X48.172 Y8.738
M204 S500
G1 F761.1 X50.741 Y11.307 E19.66041
M204 S2000
G0 F9000 X50.244 Y11.376
M204 S500
G1 F761.1 X47.644 Y8.776 E19.78271
M204 S2000
G0 F9000 X47.118 Y8.815
M204 S500
G1 F761.1 X49.676 Y11.372 E19.903
M204 S2000
G0 F9000 X49.069 Y11.33
M204 S500
G1 F761.1 X46.592 Y8.854 E20.01949
M204 S2000
G0 F9000 X46.065 Y8.893
M204 S500
G1 F761.1 X48.458 Y11.285 E20.13203
M204 S2000
G0 F9000 X47.847 Y11.24
M204 S500
G1 F761.1 X45.537 Y8.931 E20.24066
M204 S2000
G0 F9000 X45.496 Y9.455
M204 S500
G1 F761.1 X47.236 Y11.195 E20.3225
M204 S2000
G0 F9000 X46.625 Y11.15
M204 S500
G1 F761.1 X45.495 Y10.019 E20.37568
M204 S2000
G0 F9000 X45.495 Y10.585
M204 S500
G1 F761.1 X46.015 Y11.105 E20.40014
M204 S2000
G0 F9000 X45.16 Y11.099
M204 S500
;TYPE:SKIN
G1 F761.1 X45.084 Y11.023 E20.40193
M204 S2000
G0 F9000 X44.801 Y11.023
M204 S500
G1 F761.1 X45.16 Y11.382 E20.41037
M204 S2000
G0 F9000 X44.911 Y11.415
M204 S500
G1 F761.1 X44.518 Y11.023 E20.4196
M204 S2000
G0 F9000 X44.235 Y11.023
M204 S500
G1 F761.1 X44.605 Y11.393 E20.4283
M204 S2000
G0 F9000 X44.301 Y11.371
M204 S500
G1 F761.1 X43.953 Y11.023 E20.43649
M204 S2000
G0 F9000 X43.67 Y11.023
M204 S500
G1 F761.1 X43.996 Y11.349 E20.44415
M204 S2000
G0 F9000 X43.69 Y11.326
M204 S500
G1 F761.1 X43.511 Y11.146 E20.44837
M204 S2000
G0 F9000 X43.46 Y11.146
G0 X44.047 Y10.697
G0 X44.772 Y10.691
G0 X44.773 Y9.31
G0 X43.603 Y9.027
G0 X43.603 Y8.977
M204 S500
G1 F761.1 X43.511 Y8.885 E20.45054
M204 S2000
G0 F9000 X43.59 Y8.681
M204 S500
G1 F761.1 X43.886 Y8.977 E20.4575
M204 S2000
G0 F9000 X44.169 Y8.977
M204 S500
G1 F761.1 X43.854 Y8.662 E20.46491
M204 S2000
G0 F9000 X44.117 Y8.642
M204 S500
G1 F761.1 X44.452 Y8.977 E20.47279
M204 S2000
G0 F9000 X44.735 Y8.977
M204 S500
G1 F761.1 X44.38 Y8.623 E20.48112
M204 S2000
G0 F9000 X44.644 Y8.604
M204 S500
G1 F761.1 X45.018 Y8.977 E20.48991
M204 S2000
G0 F9000 X45.161 Y8.838
M204 S500
G1 F761.1 X44.908 Y8.585 E20.49586
M204 S2000
G0 F9000 X44.91 Y8.624
G1 F2400 E19.69586
;MESH:NONMESH
G0 F300 X44.91 Y8.624 Z0.8
G0 F9000 X44.904 Y8.535
G0 X49.993 Y8.23
G0 X51.075 Y8.381
G0 X51.881 Y8.703
G0 X52.677 Y9.269
G0 X53.291 Y10.005
G0 X52.693 Y10.714
G0 X51.871 Y11.284
G0 X50.045 Y12.038
G0 X50.045 Y12.082
;TIME_ELAPSED:47.285612
;LAYER:3
M106 S255
M204 S500
;TYPE:WALL-INNER
;MESH:3DBenchy.stl
G1 F2400 E20.49586
G1 F814.6 X49.584 Y12.065 E20.5112
G1 X49.183 Y12.03 E20.52459
G1 X46.444 Y11.813 E20.61597
G1 X45.751 Y11.761 E20.63909
G1 X43.256 Y11.567 E20.72232
G1 X43.257 Y10.655 E20.75266
G1 X44.945 Y10.654 E20.8088
G1 X44.945 Y9.349 E20.8522
G1 X43.926 Y9.344 E20.8861
G1 X43.257 Y9.344 E20.90835
G1 X43.256 Y8.433 E20.93865
G1 X48.939 Y7.99 E21.12824
G1 X49.488 Y7.944 E21.14656
G1 X49.748 Y7.925 E21.15523
G1 X49.994 Y7.919 E21.16342
G1 X50.436 Y7.942 E21.17814
G1 X50.672 Y7.972 E21.18605
G1 X50.935 Y8.02 E21.19494
G1 X51.138 Y8.07 E21.2019
G1 X51.391 Y8.145 E21.21067
G1 X51.814 Y8.309 E21.22576
G1 X52.238 Y8.527 E21.24162
G1 X52.615 Y8.776 E21.25665
G1 X52.981 Y9.075 E21.27237
G1 X53.132 Y9.221 E21.27935
G1 X53.312 Y9.413 E21.2881
G1 X53.593 Y9.767 E21.30314
G1 X53.732 Y9.992 E21.31193
G1 X53.499 Y10.361 E21.32645
G1 X53.206 Y10.705 E21.34148
G1 X52.865 Y11.029 E21.35712
G1 X52.695 Y11.166 E21.36438
G1 X52.49 Y11.313 E21.37277
G1 X52.095 Y11.552 E21.38813
G1 X51.679 Y11.749 E21.40344
G1 X51.444 Y11.837 E21.41179
G1 X50.996 Y11.967 E21.4273
G1 X50.762 Y12.014 E21.43524
G1 X50.505 Y12.052 E21.44388
G1 X50.313 Y12.07 E21.45029
G1 X50.045 Y12.082 E21.45922
M204 S2000
G0 F9000 X50.054 Y12.482
M204 S500
;TYPE:WALL-OUTER
G1 F814.6 X49.808 Y12.477 E21.4674
G1 X49.55 Y12.463 E21.47599
G1 X49.15 Y12.429 E21.48935
G1 X46.413 Y12.212 E21.58066
G1 X45.72 Y12.16 E21.60378
G1 X43.132 Y11.959 E21.69011
G1 X42.971 Y11.896 E21.69587
G1 X42.882 Y11.781 E21.7007
G1 X42.856 Y11.643 E21.70537
G1 X42.858 Y10.255 E21.75154
G1 X44.545 Y10.254 E21.80765
G1 X44.545 Y9.747 E21.82451
G1 X43.925 Y9.744 E21.84513
G1 X42.858 Y9.744 E21.88062
G1 X42.856 Y8.361 E21.92662
G1 X42.902 Y8.18 E21.93283
G1 X43.008 Y8.077 E21.93775
G1 X43.138 Y8.041 E21.94223
G1 X48.907 Y7.591 E22.13469
G1 X49.455 Y7.545 E22.15298
G1 X49.73 Y7.525 E22.16215
G1 X49.991 Y7.519 E22.17084
G1 X50.482 Y7.544 E22.18719
G1 X50.738 Y7.577 E22.19578
G1 X51.007 Y7.626 E22.20487
G1 X51.251 Y7.686 E22.21323
G1 X51.509 Y7.762 E22.22217
G1 X51.741 Y7.846 E22.23038
G1 X51.987 Y7.948 E22.23924
G1 X52.206 Y8.053 E22.24731
G1 X52.438 Y8.181 E22.25613
G1 X52.644 Y8.308 E22.26418
G1 X52.859 Y8.459 E22.27291
G1 X53.051 Y8.607 E22.28098
G1 X53.242 Y8.772 E22.28937
G1 X53.424 Y8.947 E22.29777
G1 X53.604 Y9.139 E22.30652
G1 X53.767 Y9.332 E22.31493
G1 X53.913 Y9.527 E22.32303
G1 X54.062 Y9.747 E22.33187
G1 X54.177 Y10.012 E22.34147
G1 X53.973 Y10.388 E22.3557
G1 X53.824 Y10.595 E22.36418
G1 X53.664 Y10.793 E22.37265
G1 X53.495 Y10.982 E22.38108
G1 X53.309 Y11.167 E22.38981
G1 X53.13 Y11.329 E22.39784
G1 X52.934 Y11.487 E22.40621
G1 X52.713 Y11.645 E22.41525
G1 X52.508 Y11.777 E22.42336
G1 X52.288 Y11.903 E22.43179
G1 X52.052 Y12.022 E22.44058
G1 X51.822 Y12.123 E22.44894
G1 X51.579 Y12.214 E22.45757
G1 X51.341 Y12.29 E22.46588
G1 X51.079 Y12.358 E22.47488
G1 X50.828 Y12.409 E22.4834
G1 X50.561 Y12.448 E22.49237
G1 X50.33 Y12.47 E22.50009
G1 X50.054 Y12.482 E22.50928
M204 S2000
G0 F9000 X50.049 Y12.043
G0 X50.041 Y11.692
M204 S500
;TYPE:SKIN
G1 F814.6 X49.598 Y11.675 E22.52402
G1 X49.216 Y11.642 E22.53678
G1 X46.475 Y11.425 E22.62823
G1 X43.646 Y11.207 E22.7226
G1 X43.647 Y11.045 E22.72799
G1 X45.335 Y11.044 E22.78413
G1 X45.335 Y8.961 E22.85341
G1 X43.647 Y8.954 E22.90956
G1 X43.646 Y8.793 E22.91491
G1 X48.97 Y8.378 E23.09252
G1 X49.519 Y8.333 E23.11085
G1 X49.984 Y8.309 E23.12633
G1 X50.416 Y8.332 E23.14072
G1 X50.602 Y8.356 E23.14696
G1 X50.865 Y8.404 E23.15585
G1 X51.027 Y8.444 E23.1614
G1 X51.271 Y8.516 E23.16986
G1 X51.649 Y8.663 E23.18335
G1 X52.041 Y8.865 E23.19802
G1 X52.382 Y9.09 E23.21161
G1 X52.718 Y9.364 E23.22603
G1 X53.013 Y9.663 E23.24
G1 X53.271 Y9.99 E23.25385
G1 X53.181 Y10.132 E23.25944
G1 X52.924 Y10.434 E23.27263
G1 X52.604 Y10.739 E23.28734
G1 X52.264 Y10.993 E23.30145
G1 X51.911 Y11.207 E23.31518
G1 X51.52 Y11.392 E23.32957
G1 X51.317 Y11.468 E23.33678
G1 X50.903 Y11.588 E23.35111
G1 X50.705 Y11.628 E23.35783
G1 X50.449 Y11.666 E23.36644
G1 X50.295 Y11.68 E23.37158
G1 X50.041 Y11.692 E23.38004
M204 S2000
G0 F9000 X50.031 Y11.971
G0 X51.39 Y11.674
G0 X52.403 Y11.166
G0 X53.083 Y10.587
G0 X53.524 Y9.991
G0 X53.312 Y9.589
G0 X52.964 Y9.864
M204 S500
G1 F814.6 X51.698 Y11.129 E23.43957
M204 S2000
G0 F9000 X50.822 Y11.44
M204 S500
G1 F814.6 X52.694 Y9.568 E23.52762
M204 S2000
G0 F9000 X52.392 Y9.305
M204 S500
G1 F814.6 X50.171 Y11.525 E23.63206
M204 S2000
G0 F9000 X49.617 Y11.515
M204 S500
G1 F814.6 X52.061 Y9.071 E23.74702
M204 S2000
G0 F9000 X51.697 Y8.868
M204 S500
G1 F814.6 X49.095 Y11.471 E23.86944
M204 S2000
G0 F9000 X48.57 Y11.43
M204 S500
G1 F814.6 X51.301 Y8.699 E23.99789
M204 S2000
G0 F9000 X50.864 Y8.57
M204 S500
G1 F814.6 X48.046 Y11.388 E24.13044
M204 S2000
G0 F9000 X47.521 Y11.347
M204 S500
G1 F814.6 X50.378 Y8.491 E24.26481
M204 S2000
G0 F9000 X49.824 Y8.48
M204 S500
G1 F814.6 X46.997 Y11.306 E24.39776
M204 S2000
G0 F9000 X46.473 Y11.265
M204 S500
G1 F814.6 X49.22 Y8.518 E24.52697
M204 S2000
G0 F9000 X48.605 Y8.567
M204 S500
G1 F814.6 X45.947 Y11.224 E24.65197
M204 S2000
G0 F9000 X45.496 Y11.11
M204 S500
G1 F814.6 X47.992 Y8.615 E24.76935
M204 S2000
G0 F9000 X47.379 Y8.663
M204 S500
G1 F814.6 X45.496 Y10.544 E24.85787
M204 S2000
G0 F9000 X45.496 Y9.979
M204 S500
G1 F814.6 X46.765 Y8.711 E24.91754
M204 S2000
G0 F9000 X46.152 Y8.758
M204 S500
G1 F814.6 X45.496 Y9.414 E24.94839
M204 S2000
G0 F9000 X45.028 Y9.266
G1 F2400 E24.14839
;MESH:NONMESH
G0 F300 X45.028 Y9.266 Z1
G0 F9000 X45.127 Y10.836
G0 X43.439 Y10.837
G0 X43.437 Y11.4
G0 X50.017 Y12.182
G0 X50.016 Y12.222
;TIME_ELAPSED:59.207743
;LAYER:4
M204 S500
;TYPE:WALL-INNER
;MESH:3DBenchy.stl
G1 F2400 E24.94839
G1 F600 X49.761 Y12.216 E24.95688
G1 X49.22 Y12.173 E24.97493
G1 X48.458 Y12.107 E25.00037
G1 X46.262 Y11.923 E25.07366
G1 X43.165 Y11.668 E25.17702
G1 X43.167 Y8.333 E25.28794
G1 X47.998 Y7.932 E25.44917
G1 X49.482 Y7.806 E25.49871
G1 X49.978 Y7.778 E25.51523
G1 X50.447 Y7.8 E25.53085
G1 X50.909 Y7.868 E25.54638
G1 X51.161 Y7.924 E25.55496
G1 X51.409 Y7.995 E25.56354
G1 X51.842 Y8.155 E25.5789
G1 X52.064 Y8.257 E25.58702
G1 X52.291 Y8.374 E25.59552
G1 X52.68 Y8.619 E25.61081
G1 X52.89 Y8.771 E25.61943
G1 X53.054 Y8.905 E25.62647
G1 X53.246 Y9.08 E25.63511
G1 X53.569 Y9.422 E25.65076
G1 X53.845 Y9.78 E25.6658
G1 X53.986 Y10.002 E25.67454
G1 X53.735 Y10.369 E25.68933
G1 X53.596 Y10.545 E25.69679
G1 X53.423 Y10.742 E25.70551
G1 X53.256 Y10.912 E25.71344
G1 X53.07 Y11.081 E25.7218
G1 X52.716 Y11.358 E25.73675
G1 X52.504 Y11.499 E25.74521
G1 X52.296 Y11.623 E25.75327
G1 X52.07 Y11.74 E25.76173
G1 X51.651 Y11.921 E25.77691
G1 X51.201 Y12.065 E25.79263
G1 X50.967 Y12.12 E25.80062
G1 X50.716 Y12.164 E25.8091
G1 X50.267 Y12.212 E25.82412
G1 X50.016 Y12.222 E25.83247
M204 S2000
G0 F9000 X50.023 Y12.622
M204 S500
;TYPE:WALL-OUTER
G1 F600 X49.737 Y12.616 E25.84199
G1 X49.185 Y12.572 E25.8604
G1 X48.424 Y12.506 E25.88581
G1 X46.229 Y12.322 E25.95907
G1 X43.33 Y12.084 E26.05582
G1 X43.023 Y12.057 E26.06607
G1 X42.868 Y11.989 E26.0717
G1 X42.784 Y11.864 E26.07671
G1 X42.765 Y11.748 E26.08062
G1 X42.767 Y8.235 E26.19746
G1 X42.822 Y8.063 E26.20347
G1 X42.936 Y7.967 E26.20842
G1 X43.044 Y7.941 E26.21212
G1 X47.965 Y7.533 E26.37635
G1 X49.449 Y7.407 E26.42589
G1 X49.71 Y7.387 E26.43459
G1 X49.975 Y7.378 E26.44341
G1 X50.226 Y7.385 E26.45176
G1 X50.492 Y7.402 E26.46063
G1 X50.735 Y7.433 E26.46878
G1 X50.989 Y7.476 E26.47735
G1 X51.265 Y7.538 E26.48675
G1 X51.522 Y7.611 E26.49564
G1 X51.763 Y7.694 E26.50412
G1 X51.988 Y7.782 E26.51215
G1 X52.235 Y7.895 E26.52119
G1 X52.486 Y8.025 E26.53059
G1 X52.717 Y8.162 E26.53952
G1 X52.915 Y8.295 E26.54746
G1 X53.125 Y8.447 E26.55608
G1 X53.324 Y8.61 E26.56463
G1 X53.531 Y8.799 E26.57396
G1 X53.864 Y9.151 E26.59007
G1 X54.02 Y9.344 E26.59833
G1 X54.174 Y9.553 E26.60696
G1 X54.39 Y9.891 E26.6203
G1 X54.417 Y10.012 E26.62443
G1 X54.34 Y10.193 E26.63097
G1 X54.204 Y10.405 E26.63935
G1 X54.058 Y10.606 E26.64761
G1 X53.897 Y10.809 E26.65623
G1 X53.718 Y11.013 E26.66525
G1 X53.537 Y11.197 E26.67384
G1 X53.337 Y11.379 E26.68283
G1 X53.145 Y11.535 E26.69106
G1 X52.938 Y11.691 E26.69968
G1 X52.722 Y11.835 E26.70831
G1 X52.491 Y11.972 E26.71725
G1 X52.24 Y12.102 E26.72665
G1 X51.791 Y12.296 E26.74292
G1 X51.554 Y12.377 E26.75125
G1 X51.31 Y12.45 E26.75972
G1 X51.037 Y12.514 E26.76904
G1 X50.788 Y12.558 E26.77745
G1 X50.534 Y12.593 E26.78598
G1 X50.288 Y12.612 E26.79419
G1 X50.023 Y12.622 E26.80301
M204 S2000
G0 F9000 X50.02 Y12.182
G0 X48.719 Y12.049
M204 S500
;TYPE:FILL
G1 F1200 X49.84 Y7.866 E26.94705
M204 S2000
G0 F9000 X48.934 Y7.934
M204 S500
G1 F1200 X52.441 Y11.441 E27.112
M204 S2000
G0 F9000 X53.711 Y9.738
M204 S500
G1 F1200 X45.953 Y11.816 E27.37913
M204 S2000
G0 F9000 X44.954 Y11.163
G0 X44.954 Y10.873
M204 S500
;TYPE:SKIN
G1 F600 X43.555 Y10.873 E27.42566
G1 X43.557 Y9.127 E27.48373
G1 X44.955 Y9.129 E27.53023
G1 X44.954 Y10.873 E27.58824
M204 S2000
G0 F9000 X44.954 Y11.163
G0 X43.347 Y11.091
G0 X43.276 Y10.503
G0 X43.716 Y10.504
M204 S500
G1 F600 X43.925 Y10.712 E27.59805
M204 S2000
G0 F9000 X44.491 Y10.712
M204 S500
G1 F600 X43.717 Y9.94 E27.63441
M204 S2000
G0 F9000 X43.718 Y9.375
M204 S500
G1 F600 X44.795 Y10.451 E27.68504
M204 S2000
G0 F9000 X44.796 Y9.887
M204 S500
G1 F600 X44.197 Y9.288 E27.71322
M204 S2000
G0 F9000 X44.198 Y8.538
G1 F2400 E26.91322
;MESH:NONMESH
G0 F300 X44.198 Y8.538 Z1.2
G0 F9000 X45.075 Y8.873
G0 X49.959 Y12.321
G0 X49.958 Y12.358
;TIME_ELAPSED:68.048819
;LAYER:5
M204 S500
;TYPE:WALL-INNER
;MESH:3DBenchy.stl
G1 F2400 E27.71322
G1 F664.9 X49.664 Y12.347 E27.723
G1 X47.116 Y12.12 E27.80808
G1 X43.104 Y11.771 E27.94203
G1 X43.077 Y11.766 E27.94294
G1 X43.076 Y8.308 E28.05795
G1 X43.079 Y8.236 E28.06035
G1 X43.225 Y8.219 E28.06524
G1 X46.264 Y7.954 E28.1667
G1 X46.52 Y7.934 E28.17524
G1 X49.664 Y7.654 E28.28022
G1 X49.914 Y7.643 E28.28855
G1 X50.351 Y7.655 E28.30309
G1 X50.795 Y7.707 E28.31796
G1 X51.029 Y7.751 E28.32588
G1 X51.28 Y7.81 E28.33445
G1 X51.504 Y7.877 E28.34223
G1 X51.749 Y7.96 E28.35083
G1 X51.997 Y8.061 E28.35974
G1 X52.204 Y8.158 E28.36734
G1 X52.436 Y8.279 E28.37604
G1 X52.654 Y8.408 E28.38447
G1 X52.873 Y8.556 E28.39326
G1 X53.105 Y8.729 E28.40289
G1 X53.445 Y9.029 E28.41797
G1 X53.624 Y9.213 E28.42651
G1 X53.786 Y9.393 E28.43456
G1 X53.945 Y9.592 E28.44303
G1 X54.202 Y9.965 E28.4581
G1 X54.106 Y10.186 E28.46611
G1 X53.983 Y10.357 E28.47312
G1 X53.817 Y10.57 E28.4821
G1 X53.651 Y10.76 E28.49049
G1 X53.473 Y10.942 E28.49896
G1 X53.126 Y11.251 E28.51441
G1 X52.924 Y11.408 E28.52292
G1 X52.687 Y11.571 E28.53249
G1 X52.272 Y11.808 E28.54838
G1 X52.025 Y11.926 E28.55749
G1 X51.817 Y12.013 E28.56499
G1 X51.581 Y12.1 E28.57335
G1 X51.374 Y12.164 E28.58056
G1 X51.117 Y12.23 E28.58938
G1 X50.653 Y12.314 E28.60507
G1 X50.455 Y12.336 E28.61169
G1 X50.176 Y12.354 E28.62099
G1 X49.958 Y12.358 E28.62824
M204 S2000
G0 F9000 X49.95 Y12.758
M204 S500
;TYPE:WALL-OUTER
G1 F664.9 X49.649 Y12.747 E28.63826
G1 X47.08 Y12.518 E28.72405
G1 X43.042 Y12.167 E28.85886
G1 X42.845 Y12.129 E28.86553
G1 X42.731 Y12.033 E28.87049
G1 X42.677 Y11.865 E28.87636
G1 X42.676 Y8.293 E28.99516
G1 X42.684 Y8.083 E29.00215
G1 X42.753 Y7.939 E29.00746
G1 X42.885 Y7.857 E29.01263
G1 X43.178 Y7.822 E29.02245
G1 X46.233 Y7.555 E29.12444
G1 X46.487 Y7.535 E29.13292
G1 X49.647 Y7.254 E29.23843
G1 X49.899 Y7.243 E29.24682
G1 X50.134 Y7.244 E29.25464
G1 X50.386 Y7.257 E29.26303
G1 X50.859 Y7.312 E29.27887
G1 X51.103 Y7.358 E29.28713
G1 X51.384 Y7.424 E29.29673
G1 X51.633 Y7.498 E29.30537
G1 X51.892 Y7.586 E29.31447
G1 X52.148 Y7.69 E29.32366
G1 X52.389 Y7.803 E29.33251
G1 X52.621 Y7.924 E29.34121
G1 X52.868 Y8.07 E29.35076
G1 X53.106 Y8.23 E29.36029
G1 X53.345 Y8.409 E29.37023
G1 X53.533 Y8.567 E29.37839
G1 X53.732 Y8.75 E29.38739
G1 X53.911 Y8.934 E29.39592
G1 X54.099 Y9.143 E29.40527
G1 X54.258 Y9.342 E29.41375
G1 X54.412 Y9.553 E29.42243
G1 X54.563 Y9.786 E29.43167
G1 X54.648 Y10.024 E29.44007
G1 X54.449 Y10.393 E29.45402
G1 X54.299 Y10.603 E29.4626
G1 X54.133 Y10.816 E29.47158
G1 X53.937 Y11.04 E29.48148
G1 X53.759 Y11.222 E29.48995
G1 X53.57 Y11.401 E29.49861
G1 X53.371 Y11.567 E29.50723
G1 X53.151 Y11.738 E29.5165
G1 X52.914 Y11.901 E29.52606
G1 X52.677 Y12.044 E29.53527
G1 X52.445 Y12.169 E29.54403
G1 X52.197 Y12.288 E29.55318
G1 X51.969 Y12.383 E29.5614
G1 X51.705 Y12.48 E29.57075
G1 X51.485 Y12.548 E29.57841
G1 X51.194 Y12.623 E29.58841
G1 X50.723 Y12.708 E29.60432
G1 X50.485 Y12.735 E29.61229
G1 X50.186 Y12.754 E29.62226
G1 X49.95 Y12.758 E29.63011
M204 S2000
G0 F9000 X49.954 Y12.318
G0 X48.542 Y12.167
M204 S500
;TYPE:FILL
G1 F1329.7 X49.731 Y7.731 E29.78286
M204 S2000
G0 F9000 X48.994 Y7.795
M204 S500
G1 F1329.7 X52.678 Y11.479 E29.95614
M204 S2000
G0 F9000 X53.997 Y9.807
M204 S500
G1 F1329.7 X48.015 Y11.409 E30.16211
M204 S2000
G0 F9000 X47.943 Y11.696
M204 S500
;TYPE:SKIN
G1 F664.9 X46.737 Y11.696 E30.20223
G1 X44.822 Y11.529 E30.26616
G1 X44.822 Y10.873 E30.28798
G1 X43.467 Y10.873 E30.33305
G1 X43.466 Y9.127 E30.39112
G1 X44.822 Y9.128 E30.43622
G1 X44.822 Y8.471 E30.45807
G1 X46.298 Y8.342 E30.50735
G1 X46.757 Y8.304 E30.52267
G1 X47.943 Y8.304 E30.56212
G1 X47.943 Y11.696 E30.67493
M204 S2000
G0 F9000 X47.333 Y11.535
M204 S500
G1 F664.9 X47.784 Y11.084 E30.69615
M204 S2000
G0 F9000 X47.784 Y10.519
M204 S500
G1 F664.9 X46.768 Y11.535 E30.74394
M204 S2000
G0 F9000 X46.245 Y11.492
M204 S500
G1 F664.9 X47.784 Y9.954 E30.8163
M204 S2000
G0 F9000 X47.784 Y9.388
M204 S500
G1 F664.9 X45.724 Y11.448 E30.9132
M204 S2000
G0 F9000 X45.203 Y11.402
M204 S500
G1 F664.9 X47.784 Y8.822 E31.03458
M204 S2000
G0 F9000 X47.577 Y8.464
M204 S500
G1 F664.9 X44.983 Y11.057 E31.15657
M204 S2000
G0 F9000 X44.762 Y10.712
M204 S500
G1 F664.9 X47.012 Y8.464 E31.26236
M204 S2000
G0 F9000 X46.418 Y8.492
M204 S500
G1 F664.9 X44.197 Y10.712 E31.3668
M204 S2000
G0 F9000 X43.631 Y10.712
M204 S500
G1 F664.9 X45.798 Y8.546 E31.46871
M204 S2000
G0 F9000 X45.179 Y8.6
M204 S500
G1 F664.9 X44.984 Y8.795 E31.47788
M204 S2000
G0 F9000 X44.491 Y9.288
M204 S500
G1 F664.9 X43.628 Y10.149 E31.51842
M204 S2000
G0 F9000 X43.628 Y9.585
M204 S500
G1 F664.9 X43.926 Y9.287 E31.53244
M204 S2000
G0 F9000 X43.927 Y8.838
G0 X44.603 Y8.28
G0 X47.038 Y8.024
G0 X47.088 Y8.105
M204 S500
;TYPE:SKIN
G1 F664.9 X47.385 Y8.092 E31.53691
G1 X47.978 Y8.064 E31.54585
M204 S2000
G0 F9000 X48.069 Y7.973
G0 X48.233 Y11.845
G0 X48.068 Y11.932
M204 S500
G1 F664.9 X47.796 Y11.921 E31.54996
G1 X46.982 Y11.886 E31.56228
M204 S2000
G0 F9000 X46.972 Y11.908
G1 F2400 E30.76228
;MESH:NONMESH
G0 F300 X46.972 Y11.908 Z1.4
G0 F9000 X46.972 Y11.976
G0 X49.98 Y12.457
G0 X49.979 Y12.49
;TIME_ELAPSED:79.830039
;LAYER:6
M204 S500
;TYPE:WALL-INNER
;MESH:3DBenchy.stl
G1 F2400 E31.56228
G1 F738.4 X49.504 Y12.466 E31.5781
G1 X47.04 Y12.235 E31.66041
G1 X42.99 Y11.866 E31.79568
G1 X42.99 Y11.138 E31.81989
G1 X42.99 Y11.137 E31.81992
G1 X42.99 Y10.887 E31.82824
G1 X43.234 Y10.943 E31.83331
G1 X43.3 Y10.959 E31.83557
G1 X43.522 Y11.01 E31.84314
G1 X43.542 Y10.783 E31.84786
G1 X43.61 Y10.041 E31.87264
G1 X43.6 Y9.143 E31.90251
G1 X43.599 Y9.142 E31.90256
G1 X43.598 Y8.855 E31.9121
G1 X43.33 Y8.959 E31.91773
G1 X43.262 Y8.986 E31.92016
G1 X42.991 Y9.091 E31.92983
G1 X42.991 Y8.801 E31.93549
G1 X42.991 Y8.8 E31.93552
G1 X42.991 Y8.143 E31.95737
G1 X43.096 Y8.126 E31.96091
G1 X43.649 Y8.073 E31.97939
G1 X48.337 Y7.645 E32.13596
G1 X49.542 Y7.531 E32.17622
G1 X50.018 Y7.51 E32.19207
G1 X50.489 Y7.533 E32.20775
G1 X50.948 Y7.596 E32.22316
G1 X51.406 Y7.702 E32.2388
G1 X51.861 Y7.85 E32.25471
G1 X52.275 Y8.027 E32.26968
G1 X52.508 Y8.147 E32.2784
G1 X52.887 Y8.375 E32.29311
G1 X53.101 Y8.525 E32.3018
G1 X53.468 Y8.82 E32.31747
G1 X53.794 Y9.134 E32.33252
G1 X53.946 Y9.301 E32.34003
G1 X54.106 Y9.495 E32.34839
G1 X54.265 Y9.708 E32.35723
G1 X54.454 Y10.003 E32.36889
G1 X54.217 Y10.359 E32.38311
G1 X53.938 Y10.708 E32.39797
G1 X53.778 Y10.882 E32.40584
G1 X53.594 Y11.065 E32.41447
G1 X53.247 Y11.365 E32.42972
G1 X52.872 Y11.636 E32.44511
G1 X52.656 Y11.77 E32.45357
G1 X52.254 Y11.982 E32.46868
G1 X51.813 Y12.168 E32.4846
G1 X51.607 Y12.238 E32.49184
G1 X51.359 Y12.311 E32.50044
G1 X50.911 Y12.411 E32.5157
G1 X50.439 Y12.472 E32.53153
G1 X49.979 Y12.49 E32.54684
M204 S2000
G0 F9000 X49.974 Y12.89
M204 S500
;TYPE:WALL-OUTER
G1 F738.4 X49.716 Y12.883 E32.55543
G1 X49.474 Y12.865 E32.5635
G1 X47.003 Y12.633 E32.64605
G1 X42.87 Y12.256 E32.78408
G1 X42.708 Y12.195 E32.78984
G1 X42.615 Y12.075 E32.79489
G1 X42.59 Y11.935 E32.79962
G1 X42.59 Y10.211 E32.85696
G1 X42.603 Y10.262 E32.85871
G1 X42.825 Y10.438 E32.86813
G1 X43.165 Y10.517 E32.87974
G1 X43.21 Y10.025 E32.89617
G1 X43.204 Y9.438 E32.9157
G1 X42.69 Y9.638 E32.93404
G1 X42.591 Y9.815 E32.94079
G1 X42.591 Y8.04 E32.99982
G1 X42.645 Y7.872 E33.00569
G1 X42.757 Y7.776 E33.0106
G1 X43.037 Y7.73 E33.02004
G1 X43.611 Y7.675 E33.03922
G1 X48.3 Y7.247 E33.19582
G1 X49.511 Y7.132 E33.23628
G1 X49.772 Y7.115 E33.24498
G1 X50.019 Y7.11 E33.2532
G1 X50.276 Y7.116 E33.26175
G1 X50.519 Y7.134 E33.26985
G1 X50.774 Y7.163 E33.27839
G1 X51.03 Y7.204 E33.28701
G1 X51.27 Y7.254 E33.29516
G1 X51.521 Y7.319 E33.30379
G1 X51.764 Y7.392 E33.31223
G1 X52.003 Y7.476 E33.32065
G1 X52.229 Y7.567 E33.32876
G1 X52.458 Y7.671 E33.33712
G1 X52.691 Y7.791 E33.34584
G1 X52.912 Y7.917 E33.3543
G1 X53.117 Y8.047 E33.36237
G1 X53.331 Y8.197 E33.37107
G1 X53.526 Y8.345 E33.37921
G1 X53.726 Y8.514 E33.38792
G1 X53.906 Y8.679 E33.39604
G1 X54.09 Y8.865 E33.40474
G1 X54.255 Y9.046 E33.41289
G1 X54.415 Y9.24 E33.42125
G1 X54.602 Y9.492 E33.43169
G1 X54.851 Y9.881 E33.44705
G1 X54.883 Y10.016 E33.45166
G1 X54.819 Y10.175 E33.45736
G1 X54.684 Y10.386 E33.4657
G1 X54.542 Y10.592 E33.47402
G1 X54.395 Y10.785 E33.48209
G1 X54.232 Y10.979 E33.49051
G1 X54.06 Y11.166 E33.49897
G1 X53.874 Y11.351 E33.50769
G1 X53.694 Y11.515 E33.51579
G1 X53.498 Y11.676 E33.52423
G1 X53.289 Y11.834 E33.53294
G1 X53.082 Y11.977 E33.54131
G1 X52.866 Y12.11 E33.54974
G1 X52.653 Y12.23 E33.55788
G1 X52.418 Y12.347 E33.56661
G1 X52.195 Y12.447 E33.57474
G1 X51.95 Y12.544 E33.5835
G1 X51.72 Y12.622 E33.59158
G1 X51.469 Y12.696 E33.60028
G1 X50.984 Y12.804 E33.61681
G1 X50.725 Y12.844 E33.62552
G1 X50.482 Y12.87 E33.63365
G1 X50.221 Y12.886 E33.64235
G1 X49.974 Y12.89 E33.65057
M204 S2000
G0 F9000 X49.976 Y12.45
G0 X48.366 Y12.279
M204 S500
;TYPE:FILL
G1 F1476.8 X49.618 Y7.608 E33.81141
M204 S2000
G0 F9000 X49.057 Y7.659
M204 S500
G1 F1476.8 X52.908 Y11.509 E33.99252
M204 S2000
G0 F9000 X54.278 Y9.878
M204 S500
G1 F1476.8 X48.015 Y11.556 E34.20818
M204 S2000
G0 F9000 X47.943 Y11.696
M204 S500
;TYPE:SKIN
G1 F738.4 X45.421 Y11.696 E34.29206
G1 X44.822 Y11.642 E34.31206
G1 X44.822 Y10.873 E34.33764
G1 X43.926 Y10.873 E34.36744
G1 X44 Y10.057 E34.39469
G1 X43.991 Y9.128 E34.42559
G1 X44.822 Y9.128 E34.45323
G1 X44.822 Y8.357 E34.47888
G1 X45.405 Y8.304 E34.49835
G1 X47.943 Y8.304 E34.58276
G1 X47.943 Y11.696 E34.69558
M204 S2000
G0 F9000 X47.943 Y11.976
G0 X48.161 Y8.096
G0 X47.333 Y8.024
G0 X47.333 Y8.465
M204 S500
G1 F738.4 X47.784 Y8.916 E34.71679
M204 S2000
G0 F9000 X47.784 Y9.481
M204 S500
G1 F738.4 X46.768 Y8.465 E34.76458
M204 S2000
G0 F9000 X46.202 Y8.465
M204 S500
G1 F738.4 X47.784 Y10.046 E34.83897
M204 S2000
G0 F9000 X47.784 Y10.612
M204 S500
G1 F738.4 X45.636 Y8.465 E34.93998
M204 S2000
G0 F9000 X45.099 Y8.493
M204 S500
G1 F738.4 X47.784 Y11.178 E35.06628
M204 S2000
G0 F9000 X47.577 Y11.535
M204 S500
G1 F738.4 X44.983 Y8.943 E35.18825
M204 S2000
G0 F9000 X44.763 Y9.288
M204 S500
G1 F738.4 X47.011 Y11.535 E35.29396
M204 S2000
G0 F9000 X46.445 Y11.535
M204 S500
G1 F738.4 X44.197 Y9.288 E35.39968
M204 S2000
G0 F9000 X44.159 Y9.816
M204 S500
G1 F738.4 X45.879 Y11.535 E35.48056
M204 S2000
G0 F9000 X45.302 Y11.524
M204 S500
G1 F738.4 X44.983 Y11.204 E35.49558
M204 S2000
G0 F9000 X44.491 Y10.712
M204 S500
G1 F738.4 X44.134 Y10.355 E35.51238
M204 S2000
G0 F9000 X43.697 Y10.315
G0 X43.781 Y8.92
G0 X44.17 Y8.848
G0 X44.17 Y8.978
M204 S500
;TYPE:SKIN
G1 F738.4 X43.46 Y8.268 E35.52908
M204 S2000
G0 F9000 X43.718 Y8.243
M204 S500
G1 F738.4 X44.453 Y8.978 E35.54636
M204 S2000
G0 F9000 X44.673 Y8.916
M204 S500
G1 F738.4 X43.977 Y8.219 E35.56274
M204 S2000
G0 F9000 X44.235 Y8.195
M204 S500
G1 F738.4 X44.673 Y8.633 E35.57304
M204 S2000
G0 F9000 X44.673 Y8.35
M204 S500
G1 F738.4 X44.495 Y8.172 E35.57723
M204 S2000
G0 F9000 X43.738 Y8.878
G0 X43.831 Y8.922
M204 S500
G1 F738.4 X43.392 Y8.483 E35.58981
G1 X43.273 Y8.647 E35.59391
M204 S2000
G0 F9000 X43.378 Y8.752
G0 X44.613 Y8.167
G0 X45.527 Y8.012
G0 X45.571 Y8.116
M204 S500
G1 F738.4 X45.842 Y8.105 E35.59842
G1 X48.01 Y8.01 E35.63447
G1 X48.149 Y7.866 E35.63779
M204 S2000
G0 F9000 X48.173 Y7.89
G0 X48.161 Y11.904
G0 X47.886 Y11.976
G0 X48.03 Y11.988
M204 S500
G1 F738.4 X47.75 Y11.991 E35.64257
G1 X45.67 Y11.891 E35.67815
M204 S2000
G0 F9000 X45.649 Y12.008
G1 F2400 E34.87815
;MESH:NONMESH
G0 F300 X45.649 Y12.008 Z1.6
G0 F9000 X50.097 Y12.617
;TIME_ELAPSED:92.290369
;LAYER:7
M204 S500
;TYPE:WALL-INNER
;MESH:3DBenchy.stl
G1 F2400 E35.67815
G1 F705.8 X49.862 Y12.614 E35.68596
G1 X49.603 Y12.602 E35.69459
G1 X45.946 Y12.249 E35.81678
G1 X42.91 Y11.96 E35.91822
G1 X42.901 Y11.86 E35.92156
G1 X42.892 Y10.909 E35.95319
G1 X42.891 Y10.869 E35.95452
G1 X43.025 Y10.907 E35.957
G1 X43.597 Y10.656 E35.97778
G1 X43.883 Y10.079 E35.9992
G1 X43.703 Y9.469 E36.02035
G1 X43.232 Y9.138 E36.0395
G1 X42.878 Y9.147 E36.05127
G1 X42.878 Y8.642 E36.06807
G1 X43.013 Y8.36 E36.07847
G1 X42.902 Y8.222 E36.08436
G1 X42.891 Y8.209 E36.08493
G1 X42.903 Y8.047 E36.09033
G1 X42.974 Y8.039 E36.0913
G1 X43.155 Y8.017 E36.09623
G1 X48.493 Y7.506 E36.27458
G1 X49.563 Y7.401 E36.31034
G1 X50.046 Y7.383 E36.32642
G1 X50.3 Y7.391 E36.33487
G1 X50.777 Y7.436 E36.35081
G1 X51.02 Y7.477 E36.359
G1 X51.28 Y7.531 E36.36783
G1 X51.732 Y7.659 E36.38346
G1 X51.977 Y7.746 E36.39211
G1 X52.422 Y7.939 E36.40824
G1 X52.641 Y8.053 E36.41645
G1 X52.872 Y8.185 E36.4253
G1 X53.104 Y8.335 E36.43449
G1 X53.3 Y8.476 E36.44252
G1 X53.509 Y8.642 E36.4514
G1 X53.69 Y8.798 E36.45934
G1 X53.879 Y8.979 E36.46805
G1 X54.046 Y9.151 E36.47602
G1 X54.21 Y9.34 E36.48434
G1 X54.354 Y9.519 E36.49199
G1 X54.51 Y9.734 E36.50082
G1 X54.664 Y9.996 E36.51093
G1 X54.437 Y10.371 E36.52551
G1 X54.274 Y10.581 E36.53435
G1 X54.112 Y10.774 E36.54273
G1 X53.956 Y10.943 E36.55038
G1 X53.766 Y11.132 E36.55929
G1 X53.399 Y11.447 E36.57538
G1 X52.994 Y11.738 E36.59197
G1 X52.748 Y11.887 E36.60153
G1 X52.523 Y12.01 E36.61006
G1 X52.309 Y12.114 E36.61798
G1 X52.057 Y12.222 E36.62709
G1 X51.619 Y12.377 E36.64255
G1 X51.373 Y12.445 E36.65104
G1 X51.119 Y12.504 E36.65971
G1 X50.889 Y12.547 E36.66749
G1 X50.593 Y12.586 E36.67742
G1 X50.349 Y12.606 E36.68556
G1 X50.097 Y12.617 E36.69395
M204 S2000
G0 F9000 X50.108 Y13.017
M204 S500
;TYPE:WALL-OUTER
G1 F705.8 X49.843 Y13.014 E36.70277
G1 X49.584 Y13.002 E36.71139
G1 X45.908 Y12.647 E36.83423
G1 X42.77 Y12.348 E36.93907
G1 X42.612 Y12.276 E36.94484
G1 X42.527 Y12.148 E36.94995
G1 X42.501 Y11.879 E36.95894
G1 X42.49 Y10.728 E36.99723
G1 X42.48 Y10.119 E37.01748
G1 X42.67 Y10.392 E37.02855
G1 X42.995 Y10.483 E37.03977
G1 X43.303 Y10.348 E37.05096
G1 X43.455 Y10.042 E37.06232
G1 X43.359 Y9.716 E37.07362
G1 X43.11 Y9.541 E37.08375
G1 X42.777 Y9.55 E37.09483
G1 X42.519 Y9.772 E37.10615
G1 X42.479 Y10.086 E37.11668
G1 X42.478 Y8.551 E37.16773
G1 X42.543 Y8.415 E37.17274
G1 X42.48 Y8.337 E37.17608
G1 X42.512 Y7.903 E37.19055
G1 X42.584 Y7.751 E37.19615
G1 X42.719 Y7.666 E37.20145
G1 X43.114 Y7.619 E37.21468
G1 X48.455 Y7.108 E37.39314
G1 X49.529 Y7.003 E37.42903
G1 X49.797 Y6.987 E37.43796
G1 X50.052 Y6.983 E37.44644
G1 X50.32 Y6.991 E37.45536
G1 X50.573 Y7.01 E37.4638
G1 X50.843 Y7.041 E37.47284
G1 X51.094 Y7.083 E37.4813
G1 X51.362 Y7.139 E37.49041
G1 X51.615 Y7.205 E37.4991
G1 X51.866 Y7.282 E37.50783
G1 X52.111 Y7.369 E37.51648
G1 X52.356 Y7.469 E37.52528
G1 X52.606 Y7.584 E37.53444
G1 X52.841 Y7.706 E37.54324
G1 X53.072 Y7.839 E37.55211
G1 X53.333 Y8.007 E37.56243
G1 X53.549 Y8.163 E37.57129
G1 X53.758 Y8.329 E37.58017
G1 X53.967 Y8.509 E37.58935
G1 X54.156 Y8.69 E37.59805
G1 X54.344 Y8.884 E37.60703
G1 X54.512 Y9.078 E37.61557
G1 X54.678 Y9.284 E37.62437
G1 X54.834 Y9.499 E37.6332
G1 X54.985 Y9.728 E37.64233
G1 X55.107 Y10.014 E37.65267
G1 X54.904 Y10.399 E37.66715
G1 X54.753 Y10.616 E37.67594
G1 X54.59 Y10.827 E37.68481
G1 X54.419 Y11.031 E37.69366
G1 X54.238 Y11.227 E37.70253
G1 X54.043 Y11.421 E37.71168
G1 X53.847 Y11.597 E37.72044
G1 X53.646 Y11.762 E37.72909
G1 X53.432 Y11.923 E37.738
G1 X53.214 Y12.072 E37.74678
G1 X52.94 Y12.238 E37.75744
G1 X52.698 Y12.37 E37.76661
G1 X52.467 Y12.482 E37.77514
G1 X52.215 Y12.59 E37.78426
G1 X51.967 Y12.684 E37.79308
G1 X51.725 Y12.763 E37.80155
G1 X51.464 Y12.835 E37.81056
G1 X51.21 Y12.894 E37.81923
G1 X50.943 Y12.944 E37.82826
G1 X50.635 Y12.984 E37.83859
G1 X50.377 Y13.006 E37.84721
G1 X50.108 Y13.017 E37.85616
M204 S2000
G0 F9000 X50.102 Y12.578
G0 X48.19 Y12.385
M204 S500
;TYPE:FILL
G1 F1411.7 X49.503 Y7.487 E38.02482
M204 S2000
G0 F9000 X49.125 Y7.526
M204 S500
G1 F1411.7 X53.135 Y11.535 E38.21342
M204 S2000
G0 F9000 X54.546 Y9.953
M204 S500
G1 F1411.7 X48.015 Y11.703 E38.4383
M204 S2000
G0 F9000 X47.943 Y11.696
M204 S500
;TYPE:SKIN
G1 F705.8 X44.822 Y11.696 E38.54211
G1 X44.822 Y8.304 E38.65492
G1 X47.943 Y8.304 E38.75873
G1 X47.943 Y11.696 E38.87155
M204 S2000
G0 F9000 X47.333 Y11.535
M204 S500
G1 F705.8 X47.784 Y11.084 E38.89276
M204 S2000
G0 F9000 X47.784 Y10.519
M204 S500
G1 F705.8 X46.768 Y11.535 E38.94055
M204 S2000
G0 F9000 X46.202 Y11.535
M204 S500
G1 F705.8 X47.784 Y9.954 E39.01494
M204 S2000
G0 F9000 X47.784 Y9.388
M204 S500
G1 F705.8 X45.636 Y11.535 E39.11595
M204 S2000
G0 F9000 X45.071 Y11.535
M204 S500
G1 F705.8 X47.784 Y8.822 E39.24356
M204 S2000
G0 F9000 X47.577 Y8.465
M204 S500
G1 F705.8 X44.983 Y11.057 E39.36553
M204 S2000
G0 F9000 X44.983 Y10.492
M204 S500
G1 F705.8 X47.011 Y8.465 E39.4609
M204 S2000
G0 F9000 X46.445 Y8.465
M204 S500
G1 F705.8 X44.983 Y9.927 E39.52966
M204 S2000
G0 F9000 X44.983 Y9.361
M204 S500
G1 F705.8 X45.879 Y8.465 E39.57181
M204 S2000
G0 F9000 X45.314 Y8.465
M204 S500
G1 F705.8 X44.983 Y8.796 E39.58738
M204 S2000
G0 F9000 X45.138 Y8.075
M204 S500
;TYPE:SKIN
G1 F705.8 X45.436 Y8.06 E39.59517
G1 X47.817 Y7.941 E39.65743
G1 X48.03 Y8.012 E39.6633
M204 S2000
G0 F9000 X48.173 Y7.868
G0 X44.904 Y8.024
G0 X44.904 Y8.026
M204 S500
G1 F705.8 X44.775 Y8.155 E39.66633
M204 S2000
G0 F9000 X44.775 Y8.024
G0 X43.329 Y8.187
M204 S500
G1 F705.8 X43.202 Y8.313 E39.6693
M204 S2000
G0 F9000 X44.604 Y11.904
G0 X44.709 Y11.897
M204 S500
G1 F705.8 X44.979 Y11.909 E39.67567
G1 X47.954 Y12.046 E39.74578
G1 X48.092 Y12.19 E39.75048
M204 S2000
G0 F9000 X48.415 Y12.158
G1 F2400 E38.95048
;MESH:NONMESH
G0 F300 X48.415 Y12.158 Z1.8
G0 F9000 X44.604 Y11.904
G0 X43.002 Y10.607
G0 X42.693 Y10.094
G0 X42.391 Y9.94
G0 X42.457 Y9.797
;TIME_ELAPSED:104.277608
;LAYER:8
M204 S500
;TYPE:WALL-OUTER
;MESH:3DBenchy.stl
G1 F2400 E39.75048
G1 F1092.3 X42.433 Y9.995 E39.75711
G1 X42.411 Y9.946 E39.7589
G1 X42.457 Y9.797 E39.76408
M204 S2000
G0 F9000 X42.418 Y9.812
G0 X42.66 Y9.416
G0 X43.087 Y9.401
G0 X43.414 Y9.623
G0 X43.67 Y10.786
G0 X42.983 Y11.12
G0 X42.993 Y11.886
G0 X49.955 Y12.739
M204 S500
;TYPE:WALL-INNER
G1 F1092.3 X49.694 Y12.729 E39.77277
G1 X49.391 Y12.704 E39.78288
G1 X46.906 Y12.454 E39.86595
G1 X42.876 Y12.055 E40.00065
G1 X42.834 Y12.051 E40.00205
G1 X42.8 Y11.797 E40.01057
G1 X42.8 Y11.712 E40.0134
G1 X42.819 Y11.674 E40.01481
G1 X42.985 Y11.356 E40.02674
G1 X42.832 Y11.229 E40.03336
G1 X42.8 Y11.203 E40.03473
G1 X42.836 Y10.897 E40.04498
G1 X42.975 Y10.904 E40.04961
G1 X43.013 Y10.887 E40.05099
G1 X43.542 Y10.653 E40.07023
G1 X43.824 Y10.072 E40.09171
G1 X43.639 Y9.458 E40.11304
G1 X43.162 Y9.136 E40.13218
G1 X42.862 Y9.146 E40.14216
G1 X42.899 Y9.042
G1 X43.06 Y8.593 E40.15803
G1 X43.097 Y8.49 E40.16167
G1 X42.842 Y8.502 E40.17016
G1 X42.812 Y8.503 E40.17116
G1 X42.802 Y8.447 E40.17305
G1 X42.802 Y8.157 E40.1827
G1 X42.805 Y8.128 E40.18362
G1 X42.824 Y7.949 E40.1896
G1 X46.952 Y7.543 E40.32756
G1 X49.596 Y7.276 E40.41595
G1 X50.083 Y7.262 E40.43215
G1 X50.352 Y7.271 E40.44111
G1 X50.603 Y7.289 E40.44948
G1 X50.857 Y7.321 E40.45799
G1 X51.1 Y7.362 E40.46619
G1 X51.349 Y7.416 E40.47466
G1 X51.602 Y7.482 E40.48336
G1 X51.863 Y7.564 E40.49246
G1 X52.081 Y7.643 E40.50017
G1 X52.344 Y7.752 E40.50964
G1 X52.564 Y7.855 E40.51772
G1 X52.799 Y7.978 E40.52654
G1 X53.018 Y8.106 E40.53498
G1 X53.225 Y8.241 E40.5432
G1 X53.453 Y8.405 E40.55254
G1 X53.653 Y8.56 E40.56095
G1 X53.856 Y8.735 E40.56987
G1 X54.051 Y8.92 E40.57881
G1 X54.217 Y9.092 E40.58676
G1 X54.39 Y9.289 E40.59548
G1 X54.548 Y9.486 E40.60388
G1 X54.706 Y9.703 E40.61281
G1 X54.855 Y9.928 E40.62178
G1 X54.892 Y10.011 E40.6248
G1 X54.634 Y10.4 E40.64033
G1 X54.464 Y10.62 E40.64958
G1 X54.295 Y10.82 E40.65829
G1 X54.125 Y11.004 E40.66662
G1 X53.935 Y11.191 E40.67548
G1 X53.75 Y11.358 E40.68377
G1 X53.531 Y11.54 E40.69324
G1 X53.337 Y11.683 E40.70126
G1 X53.128 Y11.823 E40.70963
G1 X52.894 Y11.966 E40.71875
G1 X52.656 Y12.098 E40.7278
G1 X52.443 Y12.203 E40.7357
G1 X52.19 Y12.312 E40.74486
G1 X51.96 Y12.401 E40.75306
G1 X51.697 Y12.488 E40.76228
G1 X51.472 Y12.554 E40.77008
G1 X51.198 Y12.618 E40.77944
G1 X50.961 Y12.663 E40.78746
G1 X50.712 Y12.697 E40.79582
G1 X50.446 Y12.724 E40.80471
G1 X49.955 Y12.739 E40.82105
M204 S2000
G0 F9000 X49.944 Y13.139
M204 S500
;TYPE:WALL-OUTER
G1 F1092.3 X49.668 Y13.129 E40.83023
G1 X49.358 Y13.103 E40.84058
G1 X46.866 Y12.852 E40.92388
G1 X42.703 Y12.44 E41.06302
G1 X42.548 Y12.376 E41.0686
G1 X42.457 Y12.256 E41.07361
G1 X42.4 Y11.827 E41.088
G1 X42.4 Y11.614 E41.09509
G1 X42.481 Y11.458 E41.10093
G1 X42.4 Y11.391 E41.10443
G1 X42.4 Y11.056 E41.11557
G1 X42.44 Y10.976 E41.11855
G1 X42.414 Y10.53 E41.13341
G1 X42.45 Y10.527 E41.13461
G1 X42.407 Y10.12 E41.14822
G1 X42.422 Y10.085 E41.14949
G1 X42.418 Y10.116 E41.15053
G1 X42.614 Y10.396 E41.16189
G1 X42.941 Y10.482 E41.17314
G1 X43.246 Y10.347 E41.18423
G1 X43.396 Y10.038 E41.19566
G1 X43.297 Y9.71 E41.20705
G1 X43.046 Y9.54 E41.21714
G1 X42.714 Y9.552 E41.22819
G1 X42.466 Y9.767 E41.2391
G1 X42.501 Y9.653 E41.24307
G1 X42.444 Y9.658 E41.24497
G1 X42.412 Y9.427 E41.25273
G1 X42.444 Y9.396 E41.25421
G1 X42.413 Y9.215 E41.26032
G1 X42.519 Y8.918 E41.27081
G1 X42.415 Y8.923 E41.27427
G1 X42.444 Y8.726 E41.28089
G1 X42.402 Y8.479 E41.28923
G1 X42.402 Y8.134 E41.3007
G1 X42.436 Y7.809 E41.31157
G1 X42.507 Y7.66 E41.31706
G1 X42.704 Y7.559 E41.32442
G1 X46.912 Y7.145 E41.46506
G1 X49.556 Y6.878 E41.55344
G1 X49.833 Y6.864 E41.56267
G1 X50.093 Y6.862 E41.57132
G1 X50.371 Y6.871 E41.58057
G1 X50.64 Y6.891 E41.58954
G1 X50.906 Y6.924 E41.59845
G1 X51.185 Y6.971 E41.60786
G1 X51.444 Y7.027 E41.61668
G1 X51.71 Y7.097 E41.62583
G1 X51.982 Y7.182 E41.6353
G1 X52.234 Y7.273 E41.64422
G1 X52.497 Y7.382 E41.65368
G1 X52.749 Y7.5 E41.66294
G1 X52.993 Y7.627 E41.67209
G1 X53.228 Y7.765 E41.68115
G1 X53.459 Y7.916 E41.69033
G1 X53.687 Y8.08 E41.69967
G1 X53.914 Y8.257 E41.70925
G1 X54.117 Y8.432 E41.71816
G1 X54.326 Y8.63 E41.72774
G1 X54.513 Y8.823 E41.73667
G1 X54.702 Y9.039 E41.74622
G1 X54.871 Y9.25 E41.75521
G1 X55.04 Y9.482 E41.76476
G1 X55.189 Y9.707 E41.77373
G1 X55.295 Y9.882 E41.78054
G1 X55.325 Y10.013 E41.78501
G1 X55.248 Y10.196 E41.79161
G1 X55.104 Y10.424 E41.80058
G1 X54.951 Y10.645 E41.80952
G1 X54.781 Y10.865 E41.81877
G1 X54.601 Y11.078 E41.82804
G1 X54.406 Y11.289 E41.8376
G1 X54.213 Y11.479 E41.84661
G1 X54.006 Y11.666 E41.85589
G1 X53.787 Y11.848 E41.86536
G1 X53.56 Y12.015 E41.87473
G1 X53.336 Y12.165 E41.8837
G1 X53.098 Y12.31 E41.89297
G1 X52.848 Y12.449 E41.90248
G1 X52.608 Y12.567 E41.91138
G1 X52.345 Y12.681 E41.92091
G1 X52.086 Y12.781 E41.93014
G1 X51.823 Y12.868 E41.93936
G1 X51.563 Y12.944 E41.94837
G1 X51.289 Y13.008 E41.95772
G1 X51.028 Y13.057 E41.96656
G1 X50.754 Y13.095 E41.97576
G1 X50.486 Y13.122 E41.98472
G1 X50.206 Y13.137 E41.99404
G1 X49.944 Y13.139 E42.00276
M204 S2000
G0 F9000 X49.95 Y12.7
G0 X51.897 Y12.242
G0 X52.388 Y12.033
G0 X52.455 Y10.718
G0 X52.234 Y10.718
M204 S500
;TYPE:FILL
G1 F2184.6 X54.778 Y10.036 E42.09036
M204 S2000
G0 F9000 X53.362 Y11.563
M204 S500
G1 F2184.6 X52.234 Y10.435 E42.14342
M204 S2000
G0 F9000 X52.455 Y10.435
G0 X52.388 Y12.033
G0 X52.165 Y11.897
M204 S500
;TYPE:SKIN
G1 F1092.3 X51.819 Y12.037 E42.15583
G1 X51.579 Y12.116 E42.16423
G1 X51.376 Y12.176 E42.17128
G1 X51.117 Y12.236 E42.18012
G1 X50.673 Y12.309 E42.19508
G1 X50.424 Y12.334 E42.20341
G1 X49.958 Y12.349 E42.21891
G1 X49.709 Y12.339 E42.2272
G1 X49.43 Y12.316 E42.23651
G1 X46.945 Y12.066 E42.31958
G1 X43.246 Y11.7 E42.44321
G1 X43.477 Y11.256 E42.45986
G1 X43.36 Y11.16 E42.46489
G1 X43.831 Y10.952 E42.48202
G1 X44.241 Y10.105 E42.51332
G1 X43.972 Y9.212 E42.54434
G1 X43.393 Y8.821 E42.56757
G1 X43.593 Y8.265 E42.58723
G1 X46.991 Y7.931 E42.70079
G1 X49.618 Y7.666 E42.78861
G1 X50.082 Y7.652 E42.80405
G1 X50.332 Y7.661 E42.81237
G1 X50.792 Y7.705 E42.82774
G1 X51.234 Y7.79 E42.84271
G1 X51.504 Y7.86 E42.85198
G1 X51.931 Y8.004 E42.86697
G1 X52.165 Y8.101 E42.8754
G1 X52.165 Y11.897 E43.00165
M204 S2000
G0 F9000 X52.275 Y12.155
G0 X52.455 Y8.611
G0 X52.004 Y8.611
M204 S500
G1 F1092.3 X51.393 Y7.999 E43.03041
M204 S2000
G0 F9000 X50.684 Y7.857
M204 S500
G1 F1092.3 X52.004 Y9.177 E43.0925
M204 S2000
G0 F9000 X52.004 Y9.742
M204 S500
G1 F1092.3 X50.076 Y7.814 E43.18319
M204 S2000
G0 F9000 X49.534 Y7.837
M204 S500
G1 F1092.3 X52.004 Y10.307 E43.29937
M204 S2000
G0 F9000 X52.004 Y10.873
M204 S500
G1 F1092.3 X49.02 Y7.888 E43.43975
M204 S2000
G0 F9000 X48.506 Y7.94
M204 S500
G1 F1092.3 X52.004 Y11.438 E43.60429
M204 S2000
G0 F9000 X51.851 Y11.851
M204 S500
G1 F1092.3 X47.992 Y7.992 E43.7858
M204 S2000
G0 F9000 X47.478 Y8.044
M204 S500
G1 F1092.3 X51.426 Y11.992 E43.97151
M204 S2000
G0 F9000 X50.966 Y12.097
M204 S500
G1 F1092.3 X46.964 Y8.096 E44.15972
M204 S2000
G0 F9000 X46.449 Y8.146
M204 S500
G1 F1092.3 X50.47 Y12.167 E44.34886
M204 S2000
G0 F9000 X49.924 Y12.186
M204 S500
G1 F1092.3 X45.934 Y8.197 E44.53651
M204 S2000
G0 F9000 X45.419 Y8.248
M204 S500
G1 F1092.3 X49.315 Y12.143 E44.71975
M204 S2000
G0 F9000 X48.686 Y12.079
M204 S500
G1 F1092.3 X44.904 Y8.298 E44.89762
M204 S2000
G0 F9000 X44.389 Y8.349
M204 S500
G1 F1092.3 X48.057 Y12.016 E45.07012
M204 S2000
G0 F9000 X47.429 Y11.953
M204 S500
G1 F1092.3 X43.874 Y8.4 E45.23729
M204 S2000
G0 F9000 X43.608 Y8.699
M204 S500
G1 F1092.3 X43.833 Y8.924 E45.24788
M204 S2000
G0 F9000 X44.148 Y9.24
M204 S500
G1 F1092.3 X46.8 Y11.89 E45.37257
M204 S2000
G0 F9000 X46.172 Y11.828
M204 S500
G1 F1092.3 X44.391 Y10.047 E45.45634
M204 S2000
G0 F9000 X44.245 Y10.466
M204 S500
G1 F1092.3 X45.544 Y11.766 E45.51747
M204 S2000
G0 F9000 X44.917 Y11.704
M204 S500
G1 F1092.3 X44.06 Y10.847 E45.55778
M204 S2000
G0 F9000 X43.791 Y11.144
M204 S500
G1 F1092.3 X44.289 Y11.642 E45.5812
M204 S2000
G0 F9000 X43.662 Y11.581
M204 S500
G1 F1092.3 X43.547 Y11.466 E45.58661
M204 S2000
G0 F9000 X43.159 Y11.263
G0 X43.542 Y10.05
G0 X43.132 Y8.949
G0 X43.234 Y8.374
G0 X43.233 Y8.324
M204 S500
;TYPE:SKIN
G1 F1092.3 X43.002 Y8.093 E45.59205
M204 S2000
G0 F9000 X43.26 Y8.068
M204 S500
G1 F1092.3 X43.422 Y8.231 E45.59587
M204 S2000
G0 F9000 X43.32 Y8.325
G0 X43.027 Y9.401
G0 X43.414 Y9.623
G0 X43.542 Y10.05
G0 X43.346 Y10.453
G0 X43.028 Y10.593
G0 X42.665 Y10.614
G0 X42.744 Y10.663
M204 S500
G1 F1092.3 X42.624 Y10.825 E45.60009
M204 S2000
G0 F9000 X42.603 Y10.838
G0 X42.993 Y11.886
G0 X49.957 Y12.569
G0 X51.167 Y12.451
G0 X52.129 Y12.153
G0 X55.037 Y9.947
M204 S500
G1 F1092.3 X55.106 Y10.014 E45.60169
M204 S2000
G0 F9000 X54.75 Y9.951
G1 F2400 E44.80169
;MESH:NONMESH
G0 F300 X54.75 Y9.951 Z2
G0 F9000 X52.388 Y12.033
G0 X51.444 Y12.377
G0 X50.435 Y12.553
G0 X49.409 Y12.534
G0 X42.993 Y11.886
G0 X42.728 Y10.854
;TIME_ELAPSED:118.565321
;LAYER:9
M204 S500
;TYPE:WALL-INNER
;MESH:3DBenchy.stl
G1 F2400 E45.60169
G1 F1157.8 X42.922 Y10.903 E45.60834
G1 X43.483 Y10.653 E45.62877
G1 X43.769 Y10.063 E45.65058
G1 X43.571 Y9.452 E45.67194
G1 X43.098 Y9.132 E45.69093
G1 X42.763 Y9.148 E45.70209
G1 X42.734 Y8.66 E45.71835
G1 X42.845 Y8.424 E45.72702
G1 X42.743 Y8.272 E45.73311
G1 X42.753 Y8.114 E45.73838
G1 X42.753 Y7.861 E45.74679
G1 X46.262 Y7.505 E45.8641
G1 X49.473 Y7.173 E45.97147
G1 X49.723 Y7.154 E45.97981
G1 X49.994 Y7.145 E45.98883
G1 X50.252 Y7.149 E45.99741
G1 X50.511 Y7.164 E46.00604
G1 X50.766 Y7.189 E46.01456
G1 X51.034 Y7.229 E46.02357
G1 X51.3 Y7.281 E46.03259
G1 X51.57 Y7.345 E46.04182
G1 X51.809 Y7.414 E46.05009
G1 X52.073 Y7.504 E46.05937
G1 X52.326 Y7.601 E46.06838
G1 X52.554 Y7.702 E46.07667
G1 X52.805 Y7.828 E46.08601
G1 X53.035 Y7.955 E46.09475
G1 X53.229 Y8.073 E46.1023
G1 X53.464 Y8.23 E46.1117
G1 X53.674 Y8.386 E46.1204
G1 X53.9 Y8.569 E46.13008
G1 X54.086 Y8.738 E46.13844
G1 X54.246 Y8.891 E46.1458
G1 X54.432 Y9.085 E46.15474
G1 X54.604 Y9.285 E46.16351
G1 X54.783 Y9.511 E46.1731
G1 X54.94 Y9.731 E46.18209
G1 X55.102 Y10.011 E46.19285
G1 X54.968 Y10.224 E46.20122
G1 X54.826 Y10.43 E46.20954
G1 X54.664 Y10.639 E46.21834
G1 X54.477 Y10.861 E46.22799
G1 X54.301 Y11.051 E46.2366
G1 X54.101 Y11.247 E46.24592
G1 X53.904 Y11.425 E46.25475
G1 X53.687 Y11.603 E46.26408
G1 X53.466 Y11.767 E46.27324
G1 X53.27 Y11.899 E46.2811
G1 X53.055 Y12.033 E46.28952
G1 X52.868 Y12.14 E46.29669
G1 X52.617 Y12.268 E46.30606
G1 X52.179 Y12.457 E46.32193
G1 X51.925 Y12.547 E46.33089
G1 X51.671 Y12.626 E46.33974
G1 X51.468 Y12.681 E46.34673
G1 X51.185 Y12.743 E46.35637
G1 X50.717 Y12.816 E46.37212
G1 X50.496 Y12.836 E46.3795
G1 X50.208 Y12.85 E46.38909
G1 X49.965 Y12.853 E46.39717
G1 X49.696 Y12.843 E46.40613
G1 X49.397 Y12.819 E46.4161
G1 X45.411 Y12.409 E46.54938
G1 X44.286 Y12.296 E46.58698
G1 X42.817 Y12.145 E46.6361
G1 X42.753 Y12.138 E46.63824
G1 X42.753 Y11.892 E46.64642
G1 X42.753 Y11.873 E46.64706
G1 X42.806 Y11.884
G1 X42.843 Y11.892 E46.64769
G1 X42.84 Y11.864
G1 X42.736 Y10.924 E46.67689
G1 X42.728 Y10.854
M204 S2000
G0 F9000 X42.886 Y10.481
M204 S500
;TYPE:WALL-OUTER
G1 F1157.8 X43.187 Y10.347 E46.68784
G1 X43.339 Y10.033 E46.69945
G1 X43.233 Y9.706 E46.71088
G1 X42.984 Y9.538 E46.72087
G1 X42.65 Y9.554 E46.73199
G1 X42.389 Y9.795 E46.74381
G1 X42.368 Y10.146 E46.7555
G1 X42.564 Y10.399 E46.76615
G1 X42.886 Y10.481 E46.7772
M204 S2000
G0 F9000 X42.923 Y10.919
G1 F2400 E45.9772
G0 F9000 X43.034 Y11.987
G0 X47.851 Y12.468
G0 X47.851 Y11.876
G0 X47.933 Y11.686
M204 S500
;TYPE:WALL-INNER
G1 F2400 E46.7772
G1 F1157.8 X47.933 Y8.314 E46.88935
G1 X44.832 Y8.314 E46.99249
G1 X44.832 Y11.686 E47.10465
G1 X47.933 Y11.686 E47.20779
M204 S2000
G0 F9000 X47.533 Y11.286
M204 S500
;TYPE:WALL-OUTER
G1 F1157.8 X47.533 Y8.714 E47.29333
G1 X45.232 Y8.714 E47.36986
G1 X45.232 Y11.286 E47.45541
G1 X47.533 Y11.286 E47.53194
M204 S2000
G1 F2400 E46.73194
G0 F9000 X47.733 Y11.286
G0 X48.129 Y11.882
G0 X48.065 Y12.49
G0 X49.963 Y13.052
G0 X49.955 Y13.253
M204 S500
G1 F2400 E47.53194
G1 F1157.8 X49.672 Y13.243 E47.54136
G1 X49.365 Y13.218 E47.5516
G1 X45.371 Y12.807 E47.68514
G1 X44.245 Y12.694 E47.72278
G1 X42.62 Y12.526 E47.77712
G1 X42.458 Y12.451 E47.78306
G1 X42.375 Y12.327 E47.78802
G1 X42.353 Y12.2 E47.79231
G1 X42.353 Y11.891 E47.80258
G1 X42.326 Y11.626 E47.81144
G1 X42.347 Y11.376 E47.81979
G1 X42.384 Y11.384 E47.82105
G1 X42.328 Y10.877 E47.83801
G1 X42.332 Y10.562 E47.84849
G1 X42.46 Y10.27 E47.85909
G1 X42.343 Y10.27 E47.86299
G1 X42.338 Y9.992 E47.87223
G1 X42.353 Y9.967 E47.8732
G1 X42.326 Y9.669 E47.88316
G1 X42.332 Y9.395 E47.89227
G1 X42.362 Y9.142 E47.90075
G1 X42.345 Y8.843 E47.91071
G1 X42.328 Y8.582 E47.91941
G1 X42.386 Y8.459 E47.92393
G1 X42.335 Y8.383 E47.92697
G1 X42.353 Y8.101 E47.93637
G1 X42.353 Y7.803 E47.94628
G1 X42.4 Y7.623 E47.95247
G1 X42.495 Y7.521 E47.95711
G1 X42.64 Y7.47 E47.96222
G1 X43.971 Y7.336 E48.00671
G1 X45.948 Y7.133 E48.07281
G1 X46.223 Y7.107 E48.082
G1 X49.438 Y6.774 E48.1895
G1 X49.704 Y6.754 E48.19838
G1 X49.987 Y6.745 E48.20779
G1 X50.259 Y6.749 E48.21684
G1 X50.547 Y6.766 E48.22644
G1 X50.821 Y6.793 E48.23559
G1 X51.107 Y6.835 E48.24521
G1 X51.377 Y6.888 E48.25436
G1 X51.663 Y6.956 E48.26414
G1 X51.938 Y7.035 E48.27365
G1 X52.202 Y7.125 E48.28293
G1 X52.479 Y7.232 E48.29281
G1 X52.733 Y7.344 E48.30204
G1 X53 Y7.478 E48.31198
G1 X53.23 Y7.606 E48.32073
G1 X53.451 Y7.74 E48.32933
G1 X53.686 Y7.897 E48.33873
G1 X53.926 Y8.075 E48.34866
G1 X54.152 Y8.258 E48.35834
G1 X54.355 Y8.442 E48.36745
G1 X54.529 Y8.608 E48.37545
G1 X54.735 Y8.824 E48.38538
G1 X54.918 Y9.037 E48.39472
G1 X55.097 Y9.263 E48.4043
G1 X55.265 Y9.498 E48.41391
G1 X55.427 Y9.747 E48.42379
G1 X55.535 Y10.015 E48.4334
G1 X55.457 Y10.2 E48.44008
G1 X55.306 Y10.438 E48.44946
G1 X55.147 Y10.668 E48.45876
G1 X54.97 Y10.897 E48.46838
G1 X54.783 Y11.119 E48.47804
G1 X54.581 Y11.337 E48.48792
G1 X54.379 Y11.535 E48.49733
G1 X54.163 Y11.73 E48.50701
G1 X53.932 Y11.919 E48.51693
G1 X53.698 Y12.093 E48.52663
G1 X53.49 Y12.233 E48.53497
G1 X53.267 Y12.372 E48.54371
G1 X53.05 Y12.496 E48.55203
G1 X52.791 Y12.628 E48.56169
G1 X52.552 Y12.735 E48.5704
G1 X52.324 Y12.83 E48.57862
G1 X52.044 Y12.929 E48.5885
G1 X51.791 Y13.008 E48.59731
G1 X51.554 Y13.072 E48.60548
G1 X51.273 Y13.134 E48.61505
G1 X51.016 Y13.178 E48.62372
G1 X50.769 Y13.213 E48.63202
G1 X50.515 Y13.236 E48.6405
G1 X50.227 Y13.25 E48.65009
G1 X49.955 Y13.253 E48.65914
M204 S2000
G0 F9000 X49.96 Y12.814
G0 X51.875 Y12.383
G0 X52.515 Y12.118
G0 X52.471 Y10.861
G0 X52.251 Y10.86
M204 S500
;TYPE:FILL
G1 F2315.7 X54.924 Y10.144 E48.75118
M204 S2000
G0 F9000 X53.581 Y11.581
M204 S500
G1 F2315.7 X52.25 Y10.25 E48.81378
M204 S2000
G0 F9000 X52.471 Y10.251
G0 X52.443 Y11.375
G0 X52.182 Y11.623
M204 S500
;TYPE:SKIN
G1 F1157.8 X52.292 Y11.629 E48.81745
G1 X52.292 Y11.984 E48.82925
G1 X52.049 Y12.089 E48.83806
G1 X51.801 Y12.177 E48.84681
G1 X51.56 Y12.252 E48.85521
G1 X51.377 Y12.302 E48.86151
G1 X51.119 Y12.358 E48.8703
G1 X50.657 Y12.43 E48.88585
G1 X50.477 Y12.446 E48.89186
G1 X50.189 Y12.46 E48.90145
G1 X49.975 Y12.463 E48.90857
G1 X49.71 Y12.453 E48.91739
G1 X49.436 Y12.431 E48.92653
G1 X45.985 Y12.076 E49.04192
G1 X48.323 Y12.076 E49.11968
G1 X48.323 Y7.924 E49.25777
G1 X45.996 Y7.924 E49.33517
G1 X49.512 Y7.561 E49.45273
G1 X49.736 Y7.544 E49.46021
G1 X50.001 Y7.535 E49.46903
G1 X50.229 Y7.539 E49.47661
G1 X50.488 Y7.554 E49.48524
G1 X50.708 Y7.575 E49.49259
G1 X50.968 Y7.614 E49.50133
G1 X51.204 Y7.659 E49.50932
G1 X51.472 Y7.723 E49.51849
G1 X51.682 Y7.783 E49.52575
G1 X51.939 Y7.87 E49.53478
G1 X52.177 Y7.962 E49.54326
G1 X52.292 Y8.013 E49.54745
G1 X52.292 Y8.371 E49.55936
G1 X52.18 Y8.377 E49.56309
G1 X52.182 Y8.805 E49.57732
G1 X52.182 Y11.623 E49.67105
M204 S2000
G0 F9000 X52.443 Y11.375
G0 X52.515 Y12.118
G0 X51.422 Y12.516
G0 X50.199 Y12.679
G0 X44.414 Y12.197
G0 X44.442 Y11.92
M204 S500
G1 F1157.8 X43.224 Y11.795 E49.71177
G1 X43.161 Y11.223 E49.73091
G1 X43.772 Y10.951 E49.75316
G1 X44.188 Y10.092 E49.7849
G1 X43.901 Y9.204 E49.81594
G1 X43.209 Y8.736 E49.84373
G1 X43.13 Y8.735 E49.84635
G1 X43.292 Y8.39 E49.85903
G1 X43.171 Y8.211 E49.86622
G1 X44.442 Y8.082 E49.90871
G1 X44.442 Y11.92 E50.03636
M204 S2000
G0 F9000 X44.414 Y12.197
G0 X43.034 Y11.987
G0 X42.934 Y11.093
G0 X43.956 Y10.077
G0 X42.935 Y8.957
G0 X42.934 Y8.025
G0 X43.725 Y7.873
G0 X43.769 Y8.312
M204 S500
G1 F1157.8 X43.405 Y8.676 E50.05348
M204 S2000
G0 F9000 X43.743 Y8.904
M204 S500
G1 F1157.8 X44.283 Y8.364 E50.07888
M204 S2000
G0 F9000 X44.283 Y8.93
M204 S500
G1 F1157.8 X44.055 Y9.158 E50.08961
M204 S2000
G0 F9000 X44.283 Y9.496
M204 S500
G1 F1157.8 X44.194 Y9.585 E50.09379
M204 S2000
G0 F9000 X43.773 Y9.719
G0 X43.901 Y10.227
G0 X44.642 Y10.227
G0 X44.722 Y10.626
G0 X44.283 Y10.626
M204 S500
G1 F1157.8 X43.946 Y10.963 E50.10964
M204 S2000
G0 F9000 X43.791 Y11.117
M204 S500
G1 F1157.8 X43.359 Y11.549 E50.12996
M204 S2000
G0 F9000 X43.783 Y11.692
M204 S500
G1 F1157.8 X44.283 Y11.192 E50.15348
M204 S2000
G0 F9000 X44.722 Y11.192
G0 X45.104 Y11.414
G0 X47.661 Y11.414
G0 X48.043 Y10.951
G0 X48.484 Y10.951
M204 S500
G1 F1157.8 X51.528 Y7.906 E50.29669
M204 S2000
G0 F9000 X51.952 Y8.048
M204 S500
G1 F1157.8 X48.484 Y11.516 E50.45981
M204 S2000
G0 F9000 X48.484 Y12.082
M204 S500
G1 F1157.8 X52.019 Y8.547 E50.62609
M204 S2000
G0 F9000 X52.021 Y9.11
M204 S500
G1 F1157.8 X48.915 Y12.216 E50.77218
M204 S2000
G0 F9000 X49.428 Y12.269
M204 S500
G1 F1157.8 X52.021 Y9.676 E50.89415
M204 S2000
G0 F9000 X52.021 Y10.241
M204 S500
G1 F1157.8 X49.962 Y12.301 E50.99102
M204 S2000
G0 F9000 X50.55 Y12.278
M204 S500
G1 F1157.8 X52.021 Y10.806 E51.06024
M204 S2000
G0 F9000 X52.021 Y11.372
M204 S500
G1 F1157.8 X51.221 Y12.172 E51.09787
M204 S2000
G0 F9000 X52.043 Y11.916
M204 S500
G1 F1157.8 X52.131 Y11.828 E51.102
M204 S2000
G1 F2400 E50.302
G0 F9000 X52.582 Y11.828
G0 X52.515 Y12.118
G0 X51.875 Y12.383
G0 X51.577 Y12.445
G0 X51.759 Y13.911
G0 X50.571 Y14.099
G0 X49.53 Y14.083
G0 X44.453 Y13.584
G0 X44.65 Y11.868
G0 X47.661 Y11.414
G0 X48.043 Y10.385
G0 X48.484 Y10.385
M204 S500
G1 F2400 E51.102
G1 F1157.8 X51.071 Y7.797 E51.22371
M204 S2000
G0 F9000 X50.579 Y7.724
M204 S500
G1 F1157.8 X48.484 Y9.82 E51.32228
M204 S2000
G0 F9000 X48.484 Y9.255
M204 S500
G1 F1157.8 X50.041 Y7.697 E51.39554
M204 S2000
G0 F9000 X49.443 Y7.729
M204 S500
G1 F1157.8 X48.484 Y8.689 E51.44067
M204 S2000
G0 F9000 X48.484 Y8.123
M204 S500
G1 F1157.8 X48.812 Y7.795 E51.4561
M204 S2000
G1 F2400 E50.6561
G0 F9000 X48.768 Y7.357
G0 X46.283 Y7.714
G0 X46.283 Y8.124
G0 X45.824 Y8.204
G0 X45.824 Y7.955
M204 S500
;TYPE:SKIN
G1 F2400 E51.4561
G1 F1157.8 X45.624 Y8.155 E51.4608
M204 S2000
G0 F9000 X45.341 Y8.155
M204 S500
G1 F1157.8 X45.78 Y7.715 E51.47114
M204 S2000
G0 F9000 X45.466 Y7.747
M204 S500
G1 F1157.8 X45.058 Y8.155 E51.48073
M204 S2000
G0 F9000 X44.775 Y8.155
M204 S500
G1 F1157.8 X45.15 Y7.779 E51.48957
M204 S2000
G0 F9000 X44.836 Y7.811
M204 S500
G1 F1157.8 X44.618 Y8.029 E51.49469
M204 S2000
G0 F9000 X44.692 Y8.174
G0 X44.761 Y11.796
G0 X44.761 Y11.845
M204 S500
G1 F1157.8 X44.618 Y11.988 E51.49806
M204 S2000
G0 F9000 X44.711 Y12.177
M204 S500
G1 F1157.8 X45.044 Y11.845 E51.50588
M204 S2000
G0 F9000 X45.327 Y11.845
M204 S500
G1 F1157.8 X44.968 Y12.204 E51.51432
M204 S2000
G0 F9000 X45.225 Y12.229
M204 S500
G1 F1157.8 X45.609 Y11.845 E51.52335
M204 S2000
G0 F9000 X45.819 Y11.918
M204 S500
G1 F1157.8 X45.482 Y12.255 E51.53128
M204 S2000
G0 F9000 X45.738 Y12.282
M204 S500
G1 F1157.8 X45.804 Y12.216 E51.53283
M204 S2000
G0 F9000 X45.791 Y12.337
G0 X43.034 Y11.987
G0 X42.934 Y11.093
G0 X43.471 Y10.049
G0 X43.348 Y9.618
G0 X42.603 Y9.196
M204 S500
G1 F1157.8 X42.525 Y9.274 E51.53466
M204 S2000
G0 F9000 X42.834 Y9.045
G1 F2400 E50.73466
;MESH:NONMESH
G0 F300 X42.834 Y9.045 Z2.2
G0 F9000 X43.348 Y9.618
G0 X43.472 Y9.999
G0 X43.101 Y10.854
;TIME_ELAPSED:134.931560
;LAYER:10
M204 S500
;TYPE:WALL-INNER
;MESH:3DBenchy.stl
G1 F2400 E51.53466
G1 F1194.1 X43.555 Y10.475 E51.55433
G1 X43.696 Y10.005 E51.57065
G1 X43.498 Y9.417 E51.59129
G1 X42.929 Y9.102 E51.61292
G1 X42.774 Y9.131 E51.61817
G1 X42.655 Y9.154 E51.6222
G1 X42.748 Y8.999 E51.62437
G1 X42.654 Y8.624 E51.63723
G1 X42.655 Y8.189 E51.6517
G1 X42.683 Y8.076 E51.65557
G1 X42.682 Y7.779 E51.66545
G1 X45.937 Y7.437 E51.77431
G1 X46.446 Y7.386 E51.79132
G1 X49.517 Y7.061 E51.89403
G1 X49.776 Y7.044 E51.90267
G1 X50.265 Y7.04 E51.91893
G1 X50.526 Y7.054 E51.92763
G1 X50.792 Y7.081 E51.93652
G1 X51.048 Y7.118 E51.94512
G1 X51.293 Y7.161 E51.95339
G1 X51.547 Y7.219 E51.96206
G1 X51.838 Y7.299 E51.9721
G1 X52.086 Y7.38 E51.98078
G1 X52.352 Y7.479 E51.99022
G1 X52.623 Y7.595 E52.00002
G1 X52.867 Y7.713 E52.00903
G1 X53.111 Y7.846 E52.01828
G1 X53.349 Y7.99 E52.02753
G1 X53.592 Y8.152 E52.03724
G1 X53.78 Y8.29 E52.045
G1 X53.983 Y8.452 E52.05364
G1 X54.19 Y8.631 E52.06274
G1 X54.518 Y8.952 E52.078
G1 X54.695 Y9.149 E52.08681
G1 X54.855 Y9.341 E52.09513
G1 X55.014 Y9.551 E52.10389
G1 X55.283 Y9.949 E52.11986
G1 X55.311 Y10.002 E52.12186
G1 X55.232 Y10.133 E52.12695
G1 X55.061 Y10.388 E52.13716
G1 X54.908 Y10.592 E52.14564
G1 X54.723 Y10.819 E52.15538
G1 X54.523 Y11.044 E52.16539
G1 X54.345 Y11.223 E52.17379
G1 X54.127 Y11.425 E52.18367
G1 X53.914 Y11.605 E52.19295
G1 X53.678 Y11.786 E52.20284
G1 X53.492 Y11.916 E52.21039
G1 X53.265 Y12.062 E52.21936
G1 X53.014 Y12.209 E52.22904
G1 X52.767 Y12.337 E52.23829
G1 X52.513 Y12.454 E52.24759
G1 X52.251 Y12.56 E52.25699
G1 X51.987 Y12.654 E52.26631
G1 X51.744 Y12.729 E52.27477
G1 X51.283 Y12.84 E52.29054
G1 X51.011 Y12.889 E52.29974
G1 X50.753 Y12.925 E52.3084
G1 X50.496 Y12.948 E52.31698
G1 X50.2 Y12.961 E52.32684
G1 X49.955 Y12.962 E52.33498
G1 X49.7 Y12.952 E52.34347
G1 X49.469 Y12.935 E52.35118
G1 X46.803 Y12.652 E52.44035
G1 X42.682 Y12.223 E52.57815
G1 X42.686 Y11.565 E52.60004
G1 X42.709 Y11.555 E52.60087
G1 X42.687 Y11.233 E52.61161
G1 X42.686 Y11.213 E52.61227
G1 X42.684 Y10.853 E52.62425
G1 X42.704 Y10.853 E52.62489
G1 X43.101 Y10.854 E52.63809
M204 S2000
G0 F9000 X42.956 Y10.454
M204 S500
;TYPE:WALL-OUTER
G1 F1194.1 X43.206 Y10.245 E52.64893
G1 X43.276 Y10.012 E52.65702
G1 X43.168 Y9.692 E52.66826
G1 X42.862 Y9.522 E52.6799
G1 X42.527 Y9.586 E52.69124
G1 X42.308 Y9.851 E52.70268
G1 X42.332 Y10.209 E52.71461
G1 X42.602 Y10.453 E52.72671
G1 X42.956 Y10.454 E52.73849
M204 S2000
G0 F9000 X43.105 Y10.867
G1 F2400 E51.93849
G0 F9000 X43.738 Y10.596
G0 X44.642 Y10.596
G0 X45.104 Y11.414
G0 X47.933 Y11.686
M204 S500
;TYPE:WALL-INNER
G1 F2400 E52.73849
G1 F1194.1 X47.933 Y8.314 E52.85064
G1 X44.832 Y8.314 E52.95378
G1 X44.832 Y11.686 E53.06593
G1 X47.933 Y11.686 E53.16907
M204 S2000
G0 F9000 X47.533 Y11.286
M204 S500
;TYPE:WALL-OUTER
G1 F1194.1 X47.533 Y8.714 E53.25462
G1 X45.232 Y8.714 E53.33115
G1 X45.232 Y11.286 E53.4167
G1 X47.533 Y11.286 E53.49323
M204 S2000
G1 F2400 E52.69323
G0 F9000 X47.733 Y11.286
G0 X48.129 Y11.882
G0 X48.052 Y12.592
G0 X49.948 Y13.161
G0 X49.94 Y13.362
M204 S500
G1 F2400 E53.49323
G1 F1194.1 X49.683 Y13.352 E53.50178
G1 X49.43 Y13.333 E53.51022
G1 X46.761 Y13.05 E53.59949
G1 X42.577 Y12.614 E53.7394
G1 X42.406 Y12.547 E53.74551
G1 X42.313 Y12.426 E53.75059
G1 X42.282 Y12.277 E53.75565
G1 X42.285 Y11.734 E53.77371
G1 X42.254 Y11.726 E53.77477
G1 X42.255 Y11.319 E53.78831
G1 X42.291 Y11.303 E53.78962
G1 X42.268 Y10.969 E53.80076
G1 X42.284 Y10.966 E53.8013
G1 X42.281 Y10.39 E53.82046
G1 X42.269 Y10.121 E53.82941
G1 X42.254 Y9.987 E53.8339
G1 X42.255 Y8.991 E53.86702
G1 X42.314 Y8.912 E53.8703
G1 X42.254 Y8.673 E53.8785
G1 X42.255 Y8.142 E53.89616
G1 X42.283 Y8.028 E53.90006
G1 X42.282 Y7.729 E53.91001
G1 X42.331 Y7.54 E53.9165
G1 X42.424 Y7.439 E53.92107
G1 X42.573 Y7.388 E53.92631
G1 X45.895 Y7.039 E54.03741
G1 X46.405 Y6.988 E54.05445
G1 X49.475 Y6.663 E54.15713
G1 X49.765 Y6.644 E54.1668
G1 X50.013 Y6.638 E54.17505
G1 X50.269 Y6.64 E54.18356
G1 X50.565 Y6.656 E54.19342
G1 X50.846 Y6.684 E54.20282
G1 X51.106 Y6.722 E54.21156
G1 X51.373 Y6.769 E54.22057
G1 X51.65 Y6.832 E54.23002
G1 X51.944 Y6.913 E54.24016
G1 X52.226 Y7.005 E54.25003
G1 X52.497 Y7.106 E54.25965
G1 X52.78 Y7.227 E54.26989
G1 X53.041 Y7.353 E54.27953
G1 X53.313 Y7.501 E54.28982
G1 X53.571 Y7.657 E54.29985
G1 X53.814 Y7.819 E54.30957
G1 X54.029 Y7.977 E54.31844
G1 X54.245 Y8.149 E54.32762
G1 X54.452 Y8.328 E54.33673
G1 X54.635 Y8.502 E54.34512
G1 X54.816 Y8.685 E54.35369
G1 X54.993 Y8.882 E54.36249
G1 X55.169 Y9.093 E54.37163
G1 X55.333 Y9.31 E54.38068
G1 X55.488 Y9.527 E54.38955
G1 X55.63 Y9.75 E54.39834
G1 X55.728 Y9.932 E54.40522
G1 X55.71 Y10.117 E54.4114
G1 X55.564 Y10.357 E54.42074
G1 X55.392 Y10.612 E54.43097
G1 X55.218 Y10.845 E54.44065
G1 X55.022 Y11.085 E54.45095
G1 X54.822 Y11.31 E54.46096
G1 X54.617 Y11.517 E54.47065
G1 X54.39 Y11.727 E54.48094
G1 X54.165 Y11.917 E54.49073
G1 X53.918 Y12.106 E54.50108
G1 X53.708 Y12.253 E54.5096
G1 X53.474 Y12.403 E54.51885
G1 X53.207 Y12.56 E54.52915
G1 X52.949 Y12.693 E54.5388
G1 X52.669 Y12.823 E54.54907
G1 X52.395 Y12.934 E54.55891
G1 X52.119 Y13.032 E54.56865
G1 X51.862 Y13.111 E54.57759
G1 X51.607 Y13.179 E54.58637
G1 X51.354 Y13.234 E54.59498
G1 X51.082 Y13.283 E54.60417
G1 X50.797 Y13.322 E54.61374
G1 X50.514 Y13.348 E54.62319
G1 X50.218 Y13.361 E54.63304
G1 X49.94 Y13.362 E54.64229
M204 S2000
G0 F9000 X49.947 Y12.923
G0 X51.937 Y12.49
G0 X52.646 Y12.197
G0 X52.651 Y11.513
G0 X52.486 Y11.002
G0 X52.265 Y11.002
M204 S500
;TYPE:FILL
G1 F2388.3 X55.05 Y10.256 E54.73819
M204 S2000
G0 F9000 X53.794 Y11.595
M204 S500
G1 F2388.3 X52.264 Y10.065 E54.81015
M204 S2000
G0 F9000 X52.486 Y10.065
G0 X52.458 Y11.376
G0 X52.196 Y11.624
M204 S500
;TYPE:SKIN
G1 F1194.1 X52.433 Y11.643 E54.81806
G1 X52.433 Y12.061 E54.83196
G1 X52.111 Y12.197 E54.84359
G1 X51.872 Y12.281 E54.85201
G1 X51.636 Y12.353 E54.86022
G1 X51.203 Y12.458 E54.87504
G1 X50.943 Y12.505 E54.88383
G1 X50.479 Y12.558 E54.89936
G1 X50.183 Y12.571 E54.90922
G1 X49.968 Y12.572 E54.91637
G1 X49.715 Y12.562 E54.92479
G1 X49.51 Y12.547 E54.93162
G1 X46.844 Y12.264 E55.02079
G1 X45.037 Y12.076 E55.08122
G1 X48.323 Y12.076 E55.19051
G1 X48.323 Y7.924 E55.32861
G1 X45.036 Y7.924 E55.43793
G1 X45.978 Y7.825 E55.46944
G1 X46.487 Y7.774 E55.48645
G1 X49.542 Y7.451 E55.58863
G1 X49.801 Y7.434 E55.59726
G1 X50.248 Y7.43 E55.61213
G1 X50.505 Y7.444 E55.62069
G1 X50.742 Y7.468 E55.62861
G1 X50.992 Y7.504 E55.63701
G1 X51.452 Y7.597 E55.65262
G1 X51.726 Y7.673 E55.66208
G1 X51.965 Y7.751 E55.67044
G1 X52.198 Y7.838 E55.67871
G1 X52.433 Y7.939 E55.68722
G1 X52.433 Y8.358 E55.70116
G1 X52.196 Y8.376 E55.70906
G1 X52.196 Y11.624 E55.81709
M204 S2000
G0 F9000 X52.458 Y11.376
G0 X52.646 Y12.197
G0 X51.692 Y12.566
G0 X50.489 Y12.777
G0 X49.908 Y12.764
G0 X44.413 Y12.292
G0 X44.442 Y12.014
M204 S500
G1 F1194.1 X43.074 Y11.872 E55.86284
G1 X43.074 Y11.822 E55.8645
G1 X43.117 Y11.804 E55.86605
G1 X43.08 Y11.244 E55.88472
G1 X43.242 Y11.244 E55.8901
G1 X43.895 Y10.699 E55.91839
G1 X44.105 Y9.999 E55.9427
G1 X43.82 Y9.15 E55.97249
G1 X43.085 Y8.743 E56.00043
G1 X43.044 Y8.577 E56.00612
G1 X43.045 Y8.235 E56.01749
G1 X43.071 Y8.13 E56.02109
G1 X44.442 Y7.986 E56.06694
G1 X44.442 Y12.014 E56.20091
M204 S2000
G0 F9000 X44.413 Y12.292
G0 X42.864 Y12.06
G0 X42.867 Y11.035
G0 X43.144 Y10.97
G0 X43.401 Y11.32
M204 S500
G1 F1194.1 X43.874 Y11.793 E56.22316
M204 S2000
G0 F9000 X44.284 Y11.636
M204 S500
G1 F1194.1 X43.709 Y11.062 E56.25018
M204 S2000
G0 F9000 X44.018 Y10.805
M204 S500
G1 F1194.1 X44.284 Y11.071 E56.2627
M204 S2000
G0 F9000 X44.284 Y10.505
M204 S500
G1 F1194.1 X44.158 Y10.38 E56.2686
M204 S2000
G0 F9000 X43.737 Y10.254
G0 X43.808 Y9.682
G0 X44.642 Y9.682
G0 X44.722 Y9.375
G0 X44.284 Y9.375
M204 S500
G1 F1194.1 X43.955 Y9.047 E56.28405
M204 S2000
G0 F9000 X43.943 Y9.035
M204 S500
G1 F1194.1 X43.205 Y8.296 E56.31879
M204 S2000
G0 F9000 X43.7 Y8.226
M204 S500
G1 F1194.1 X44.284 Y8.809 E56.34623
M204 S2000
G0 F9000 X44.284 Y8.243
M204 S500
G1 F1194.1 X44.212 Y8.172 E56.3496
M204 S2000
G1 F2400 E55.5496
G0 F9000 X44.168 Y7.734
G0 X46.468 Y7.595
G0 X46.468 Y8.124
G0 X48.073 Y8.204
G0 X48.483 Y7.917
M204 S500
G1 F2400 E56.3496
G1 F1194.1 X52.035 Y11.469 E56.51667
M204 S2000
G0 F9000 X52.035 Y10.903
M204 S500
G1 F1194.1 X48.821 Y7.69 E56.66783
M204 S2000
G0 F9000 X49.332 Y7.635
M204 S500
G1 F1194.1 X52.035 Y10.337 E56.79494
M204 S2000
G0 F9000 X52.035 Y9.773
M204 S500
G1 F1194.1 X49.858 Y7.595 E56.89737
M204 S2000
G0 F9000 X50.429 Y7.602
M204 S500
G1 F1194.1 X52.035 Y9.207 E56.97288
M204 S2000
G0 F9000 X52.035 Y8.641
M204 S500
G1 F1194.1 X51.079 Y7.686 E57.01783
M204 S2000
G0 F9000 X51.839 Y7.88
M204 S500
G1 F1194.1 X52.177 Y8.218 E57.03373
M204 S2000
G1 F2400 E56.23373
G0 F9000 X52.459 Y8.653
G0 X52.656 Y7.807
G0 X51.624 Y7.429
G0 X50.518 Y7.225
G0 X48.123 Y8.556
G0 X48.483 Y8.483
M204 S500
G1 F2400 E57.03373
G1 F1194.1 X52.047 Y12.047 E57.20137
M204 S2000
G0 F9000 X51.623 Y12.189
M204 S500
G1 F1194.1 X48.483 Y9.049 E57.34906
M204 S2000
G0 F9000 X48.483 Y9.614
M204 S500
G1 F1194.1 X51.168 Y12.3 E57.47538
M204 S2000
G0 F9000 X50.675 Y12.373
M204 S500
G1 F1194.1 X48.483 Y10.179 E57.57853
M204 S2000
G0 F9000 X48.483 Y10.745
M204 S500
G1 F1194.1 X50.147 Y12.41 E57.65682
M204 S2000
G0 F9000 X49.562 Y12.39
M204 S500
G1 F1194.1 X48.483 Y11.31 E57.7076
M204 S2000
G0 F9000 X48.483 Y11.876
M204 S500
G1 F1194.1 X48.93 Y12.323 E57.72863
M204 S2000
G0 F9000 X48.883 Y12.761
G0 X44.842 Y12.336
G0 X44.856 Y12.209
M204 S500
;TYPE:SKIN
G1 F1194.1 X44.618 Y11.971 E57.73422
M204 S2000
G0 F9000 X44.775 Y11.845
M204 S500
G1 F1194.1 X44.87 Y11.941 E57.73647
M204 S2000
G0 F9000 X44.87 Y11.796
G0 X44.761 Y8.204
G0 X44.761 Y8.155
M204 S500
G1 F1194.1 X44.618 Y8.012 E57.73983
M204 S2000
G0 F9000 X44.865 Y7.977
M204 S500
G1 F1194.1 X44.626 Y7.737 E57.74547
M204 S2000
G0 F9000 X44.622 Y7.686
G0 X42.864 Y7.942
G0 X42.922 Y8.014
M204 S500
G1 F1194.1 X42.844 Y7.935 E57.74731
M204 S2000
G0 F9000 X42.819 Y7.902
G0 X42.495 Y8.998
G0 X42.509 Y9.014
M204 S500
G1 F1194.1 X42.519 Y9.307 E57.7528
M204 S2000
G0 F9000 X42.602 Y9.368
G0 X42.885 Y9.378
G0 X43.28 Y9.598
G0 X43.42 Y10.011
G0 X43.326 Y10.323
G0 X43.066 Y10.539
G0 X42.482 Y10.659
G0 X42.475 Y10.675
M204 S500
G1 F1194.1 X42.479 Y11.529 E57.75586
M204 S2000
G0 F9000 X42.528 Y11.578
G0 X42.864 Y12.06
G0 X49.962 Y12.791
G0 X51.254 Y12.672
G0 X52.449 Y12.295
G0 X52.713 Y12.016
G0 X52.582 Y12.016
M204 S500
G1 F1194.1 X52.725 Y12.16 E57.75924
M204 S2000
G0 F9000 X52.984 Y12.11
G1 F2400 E56.95924
;MESH:NONMESH
G0 F300 X52.984 Y12.11 Z2.4
G0 F9000 X51.254 Y12.672
G0 X49.962 Y12.791
G0 X42.864 Y12.06
G0 X42.867 Y11.035
G0 X43.05 Y10.853
;TIME_ELAPSED:151.170408
;LAYER:11
M204 S500
;TYPE:WALL-INNER
;MESH:3DBenchy.stl
G1 F2400 E57.75924
G1 F1233.2 X43.499 Y10.469 E57.77889
G1 X43.638 Y9.997 E57.79525
G1 X43.43 Y9.409 E57.816
G1 X42.868 Y9.102 E57.8373
G1 X42.618 Y9.15 E57.84576
G1 X42.618 Y9.102
G1 X42.618 Y7.7 E57.8924
G1 X49.525 Y6.962 E58.12343
G1 X49.786 Y6.944 E58.13213
G1 X50.062 Y6.936 E58.14132
G1 X50.336 Y6.941 E58.15043
G1 X50.609 Y6.958 E58.15953
G1 X50.85 Y6.983 E58.16759
G1 X51.106 Y7.018 E58.17618
G1 X51.402 Y7.074 E58.1862
G1 X51.665 Y7.136 E58.19519
G1 X51.888 Y7.198 E58.20289
G1 X52.318 Y7.342 E58.21797
G1 X52.554 Y7.436 E58.22642
G1 X52.811 Y7.55 E58.23577
G1 X53.059 Y7.677 E58.24504
G1 X53.261 Y7.789 E58.25272
G1 X53.48 Y7.922 E58.26124
G1 X53.854 Y8.179 E58.27633
G1 X54.236 Y8.486 E58.29263
G1 X54.562 Y8.79 E58.30746
G1 X54.739 Y8.975 E58.31597
G1 X55.03 Y9.313 E58.33081
G1 X55.312 Y9.696 E58.34663
G1 X55.496 Y9.987 E58.35808
G1 X55.406 Y10.163 E58.36465
G1 X55.138 Y10.549 E58.38028
G1 X55.006 Y10.719 E58.38744
G1 X54.819 Y10.938 E58.39702
G1 X54.48 Y11.292 E58.41332
G1 X54.152 Y11.588 E58.42802
G1 X53.914 Y11.777 E58.43812
G1 X53.528 Y12.046 E58.45377
G1 X53.319 Y12.176 E58.46196
G1 X52.916 Y12.396 E58.47723
G1 X52.694 Y12.501 E58.4854
G1 X52.271 Y12.675 E58.50061
G1 X51.83 Y12.819 E58.51604
G1 X51.621 Y12.874 E58.52323
G1 X51.339 Y12.939 E58.53285
G1 X51.067 Y12.987 E58.54204
G1 X50.774 Y13.027 E58.55188
G1 X50.52 Y13.049 E58.56036
G1 X50.268 Y13.06 E58.56875
G1 X50.015 Y13.063 E58.57716
G1 X49.729 Y13.053 E58.58668
G1 X49.471 Y13.034 E58.59528
G1 X47.648 Y12.837 E58.65627
G1 X42.618 Y12.3 E58.82452
G1 X42.618 Y10.853 E58.87265
G1 X43.05 Y10.853 E58.88702
M204 S2000
G0 F9000 X42.902 Y10.453
M204 S500
;TYPE:WALL-OUTER
G1 F1233.2 X43.149 Y10.242 E58.89782
G1 X43.218 Y10.008 E58.90593
G1 X43.104 Y9.687 E58.91726
G1 X42.802 Y9.522 E58.92871
G1 X42.468 Y9.586 E58.94002
G1 X42.25 Y9.851 E58.95143
G1 X42.275 Y10.212 E58.96347
G1 X42.543 Y10.453 E58.97546
G1 X42.902 Y10.453 E58.9874
M204 S2000
G0 F9000 X43.054 Y10.865
G1 F2400 E58.1874
G0 F9000 X43.683 Y10.588
G0 X44.642 Y10.588
G0 X45.104 Y11.414
G0 X47.933 Y11.686
M204 S500
;TYPE:WALL-INNER
G1 F2400 E58.9874
G1 F1233.2 X47.933 Y8.314 E59.09955
G1 X44.832 Y8.314 E59.20269
G1 X44.832 Y11.686 E59.31484
G1 X47.933 Y11.686 E59.41798
M204 S2000
G0 F9000 X47.533 Y11.286
M204 S500
;TYPE:WALL-OUTER
G1 F1233.2 X47.533 Y8.714 E59.50353
G1 X45.232 Y8.714 E59.58006
G1 X45.232 Y11.286 E59.66561
G1 X47.533 Y11.286 E59.74214
M204 S2000
G1 F2400 E58.94214
G0 F9000 X47.733 Y11.286
G0 X48.129 Y11.882
G0 X48.041 Y12.687
G0 X50.011 Y13.262
G0 X50.006 Y13.463
M204 S500
G1 F2400 E59.74214
G1 F1233.2 X49.709 Y13.453 E59.75202
G1 X49.429 Y13.432 E59.76136
G1 X47.605 Y13.235 E59.82238
G1 X42.489 Y12.689 E59.9935
G1 X42.328 Y12.613 E59.99943
G1 X42.24 Y12.482 E60.00467
G1 X42.218 Y12.356 E60.00893
G1 X42.218 Y7.624 E60.16632
G1 X42.276 Y7.447 E60.17251
G1 X42.4 Y7.338 E60.178
G1 X42.506 Y7.309 E60.18166
G1 X49.483 Y6.564 E60.41503
G1 X49.771 Y6.544 E60.42463
G1 X50.058 Y6.536 E60.43418
G1 X50.346 Y6.541 E60.44376
G1 X50.65 Y6.56 E60.45389
G1 X50.891 Y6.585 E60.46195
G1 X51.173 Y6.624 E60.47142
G1 X51.476 Y6.681 E60.48168
G1 X51.766 Y6.749 E60.49158
G1 X52.007 Y6.816 E60.4999
G1 X52.466 Y6.97 E60.51601
G1 X52.702 Y7.064 E60.52446
G1 X52.985 Y7.19 E60.53476
G1 X53.253 Y7.327 E60.54477
G1 X53.469 Y7.447 E60.55299
G1 X53.688 Y7.58 E60.56151
G1 X53.89 Y7.713 E60.56955
G1 X54.105 Y7.867 E60.57835
G1 X54.487 Y8.174 E60.59465
G1 X54.678 Y8.346 E60.6032
G1 X54.851 Y8.513 E60.6112
G1 X55.028 Y8.698 E60.61971
G1 X55.347 Y9.069 E60.63599
G1 X55.64 Y9.466 E60.6524
G1 X55.892 Y9.865 E60.66809
G1 X55.928 Y10.019 E60.67335
G1 X55.748 Y10.372 E60.68653
G1 X55.467 Y10.778 E60.70295
G1 X55.31 Y10.979 E60.71144
G1 X55.108 Y11.215 E60.72177
G1 X54.769 Y11.569 E60.73807
G1 X54.582 Y11.744 E60.74659
G1 X54.401 Y11.901 E60.75456
G1 X54.149 Y12.101 E60.76526
G1 X53.948 Y12.247 E60.77352
G1 X53.739 Y12.386 E60.78187
G1 X53.522 Y12.521 E60.79037
G1 X53.093 Y12.755 E60.80662
G1 X52.862 Y12.864 E60.81512
G1 X52.413 Y13.049 E60.83127
G1 X51.947 Y13.201 E60.84757
G1 X51.711 Y13.264 E60.8557
G1 X51.42 Y13.331 E60.86563
G1 X51.12 Y13.384 E60.87576
G1 X50.827 Y13.423 E60.88559
G1 X50.537 Y13.449 E60.89528
G1 X50.285 Y13.46 E60.90367
G1 X50.006 Y13.463 E60.91295
M204 S2000
G0 F9000 X50.011 Y13.024
G0 X51.776 Y12.657
G0 X52.798 Y12.256
G0 X52.794 Y11.449
G0 X52.502 Y11.145
G0 X52.282 Y11.145
M204 S500
;TYPE:FILL
G1 F2466.5 X55.159 Y10.374 E61.01201
M204 S2000
G0 F9000 X54.002 Y11.603
M204 S500
G1 F2466.5 X52.281 Y9.882 E61.09296
M204 S2000
G0 F9000 X52.502 Y9.882
G0 X52.471 Y8.688
G0 X52.212 Y8.422
M204 S500
;TYPE:SKIN
G1 F1233.2 X52.212 Y11.626 E61.19953
G1 X52.575 Y11.656 E61.21164
G1 X52.575 Y12.125 E61.22724
G1 X52.532 Y12.146 E61.22884
G1 X52.137 Y12.308 E61.24304
G1 X51.713 Y12.446 E61.25787
G1 X51.528 Y12.495 E61.26423
G1 X51.259 Y12.557 E61.27341
G1 X51 Y12.603 E61.28216
G1 X50.727 Y12.641 E61.29133
G1 X50.503 Y12.659 E61.2988
G1 X50.251 Y12.67 E61.30719
G1 X50.025 Y12.673 E61.31471
G1 X49.743 Y12.663 E61.3241
G1 X49.512 Y12.646 E61.3318
G1 X47.689 Y12.449 E61.39279
G1 X43.008 Y11.949 E61.54936
G1 X43.008 Y11.243 E61.57284
G1 X43.194 Y11.243 E61.57903
G1 X43.84 Y10.69 E61.60731
G1 X44.048 Y9.986 E61.63173
G1 X43.748 Y9.138 E61.66165
G1 X43.008 Y8.734 E61.68969
G1 X43.008 Y8.051 E61.71241
G1 X49.552 Y7.352 E61.9313
G1 X49.813 Y7.334 E61.94
G1 X50.066 Y7.326 E61.94842
G1 X50.312 Y7.331 E61.9566
G1 X50.585 Y7.348 E61.9657
G1 X51.033 Y7.402 E61.98071
G1 X51.326 Y7.458 E61.99063
G1 X51.777 Y7.572 E62.0061
G1 X52.184 Y7.709 E62.02038
G1 X52.575 Y7.872 E62.03447
G1 X52.575 Y8.431 E62.05307
G1 X52.212 Y8.422 E62.06514
M204 S2000
G1 F2400 E61.26514
G0 F9000 X52.502 Y8.688
G0 X52.792 Y8.654
G0 X52.799 Y7.743
G0 X51.618 Y7.3
G0 X50.886 Y7.194
G0 X50.064 Y7.106
G0 X48.123 Y8.617
G0 X48.073 Y8.204
G0 X48.323 Y7.924
M204 S500
G1 F2400 E62.06514
G1 F1233.2 X44.442 Y7.924 E62.19423
G1 X44.442 Y12.076 E62.33232
G1 X48.323 Y12.076 E62.46141
G1 X48.323 Y7.924 E62.5995
M204 S2000
G1 F2400 E61.7995
G0 F9000 X48.073 Y8.204
G0 X44.642 Y8.347
G0 X44.574 Y7.702
G0 X43.312 Y7.815
G0 X42.799 Y7.863
G0 X42.728 Y8.347
G0 X43.169 Y8.347
M204 S500
G1 F2400 E62.5995
G1 F1233.2 X43.339 Y8.177 E62.6075
M204 S2000
G0 F9000 X43.345 Y8.736
M204 S500
G1 F1233.2 X43.972 Y8.109 E62.63699
M204 S2000
G0 F9000 X44.283 Y8.364
M204 S500
G1 F1233.2 X43.711 Y8.936 E62.66389
M204 S2000
G0 F9000 X43.96 Y9.253
M204 S500
G1 F1233.2 X44.283 Y8.93 E62.67909
M204 S2000
G0 F9000 X44.283 Y9.496
M204 S500
G1 F1233.2 X44.108 Y9.67 E62.6873
M204 S2000
G0 F9000 X44.283 Y10.06
M204 S500
G1 F1233.2 X44.156 Y10.187 E62.69327
M204 S2000
G0 F9000 X44.283 Y10.626
M204 S500
G1 F1233.2 X43.169 Y11.74 E62.74567
M204 S2000
G0 F9000 X43.621 Y11.854
M204 S500
G1 F1233.2 X44.283 Y11.192 E62.77681
M204 S2000
G0 F9000 X44.283 Y11.757
M204 S500
G1 F1233.2 X44.132 Y11.909 E62.78393
M204 S2000
G0 F9000 X44.085 Y12.345
G0 X48.174 Y12.782
G0 X48.221 Y12.345
M204 S500
G1 F1233.2 X48.331 Y12.235 E62.78911
M204 S2000
G0 F9000 X48.484 Y12.082
M204 S500
G1 F1233.2 X52.051 Y8.515 E62.95689
M204 S2000
G0 F9000 X52.3 Y8.265
M204 S500
G1 F1233.2 X52.414 Y8.152 E62.96223
M204 S2000
G0 F9000 X52.136 Y7.864
M204 S500
G1 F1233.2 X48.484 Y11.516 E63.13401
M204 S2000
G0 F9000 X48.484 Y10.951
M204 S500
G1 F1233.2 X51.712 Y7.722 E63.28586
M204 S2000
G0 F9000 X51.26 Y7.608
M204 S500
G1 F1233.2 X48.484 Y10.385 E63.41646
M204 S2000
G0 F9000 X48.484 Y9.82
M204 S500
G1 F1233.2 X50.77 Y7.533 E63.52401
M204 S2000
G0 F9000 X50.246 Y7.491
M204 S500
G1 F1233.2 X48.484 Y9.255 E63.60694
M204 S2000
G0 F9000 X48.484 Y8.689
M204 S500
G1 F1233.2 X49.667 Y7.506 E63.66258
M204 S2000
G0 F9000 X49.038 Y7.569
M204 S500
G1 F1233.2 X48.484 Y8.123 E63.68864
M204 S2000
G0 F9000 X48.276 Y7.765
M204 S500
G1 F1233.2 X48.405 Y7.637 E63.69469
M204 S2000
G0 F9000 X48.359 Y7.198
G0 X50.599 Y7.129
G0 X51.832 Y7.359
G0 X52.799 Y7.743
G0 X52.792 Y8.654
G0 X52.502 Y9.081
G0 X52.051 Y9.081
M204 S500
G1 F1233.2 X48.731 Y12.4 E63.85082
M204 S2000
G0 F9000 X49.242 Y12.455
M204 S500
G1 F1233.2 X52.051 Y9.646 E63.98295
M204 S2000
G0 F9000 X52.051 Y10.211
M204 S500
G1 F1233.2 X49.76 Y12.503 E64.09074
M204 S2000
G0 F9000 X50.322 Y12.505
M204 S500
G1 F1233.2 X52.051 Y10.777 E64.17204
M204 S2000
G0 F9000 X52.051 Y11.342
M204 S500
G1 F1233.2 X50.944 Y12.449 E64.22411
M204 S2000
G0 F9000 X51.666 Y12.293
M204 S500
G1 F1233.2 X52.177 Y11.782 E64.24815
M204 S2000
G0 F9000 X52.474 Y11.377
G0 X52.794 Y11.449
G0 X52.798 Y12.256
G0 X51.583 Y12.707
G0 X50.26 Y12.889
G0 X49.465 Y12.851
G0 X42.799 Y12.137
G0 X42.8 Y11.035
G0 X43.626 Y10.191
G0 X42.862 Y8.973
G0 X42.905 Y8.894
M204 S500
;TYPE:SKIN
G1 F1233.2 X42.856 Y8.943 E64.2493
M204 S2000
G0 F9000 X43.034 Y9.079
G1 F2400 E63.4493
;MESH:NONMESH
G0 F300 X43.034 Y9.079 Z2.6
G0 F9000 X43.65 Y10.567
G0 X42.8 Y11.035
G0 X42.799 Y12.137
G0 X50.02 Y12.892
G0 X51.056 Y12.796
G0 X52.286 Y12.55
G0 X52.141 Y12.197
;TIME_ELAPSED:167.049192
;LAYER:12
M204 S500
;TYPE:WALL-INNER
;MESH:3DBenchy.stl
G1 F2400 E64.2493
G1 F702 X52.155 Y12.198 E64.24977
G1 X52.155 Y7.802 E64.39598
G1 X52.14 Y7.803 E64.39648
G1 X52.141 Y7.451 E64.40818
G1 X52.141 Y7.167 E64.41763
G1 X52.408 Y7.264 E64.42321
G1 X52.572 Y7.324 E64.42902
G1 X52.805 Y7.425 E64.43747
G1 X53.228 Y7.635 E64.45317
G1 X53.629 Y7.873 E64.46868
G1 X53.841 Y8.015 E64.47717
G1 X54.208 Y8.293 E64.49248
G1 X54.405 Y8.459 E64.50105
G1 X54.598 Y8.633 E64.50969
G1 X54.92 Y8.962 E64.52501
G1 X55.227 Y9.327 E64.54087
G1 X55.382 Y9.53 E64.54936
G1 X55.639 Y9.914 E64.56473
G1 X55.68 Y9.985 E64.56746
G1 X55.556 Y10.213 E64.57609
G1 X55.285 Y10.596 E64.5917
G1 X55.129 Y10.794 E64.60008
G1 X54.818 Y11.145 E64.61568
G1 X54.626 Y11.34 E64.62478
G1 X54.285 Y11.645 E64.64
G1 X54.086 Y11.805 E64.64849
G1 X53.712 Y12.071 E64.66375
G1 X53.495 Y12.209 E64.67231
G1 X53.082 Y12.441 E64.68806
G1 X52.874 Y12.543 E64.69577
G1 X52.643 Y12.646 E64.70418
G1 X52.322 Y12.767 E64.71559
G1 X52.237 Y12.798 E64.7186
G1 X52.195 Y12.814 E64.72009
G1 X52.142 Y12.831 E64.72194
G1 X52.142 Y12.815
G1 X52.14 Y12.542 E64.72816
G1 X52.14 Y12.451 E64.7308
G1 X52.141 Y12.197 E64.73925
M204 S2000
G0 F9000 X51.377 Y11.983
M204 S500
;TYPE:WALL-OUTER
G1 F702 X51.388 Y11.758 E64.74674
G1 X51.755 Y11.777 E64.75896
G1 X51.755 Y8.223 E64.87717
G1 X51.388 Y8.242 E64.88939
G1 X51.376 Y8.018 E64.89685
G1 X51.74 Y7.999 E64.90898
G1 X51.741 Y7.149 E64.93725
G1 X51.628 Y6.879 E64.94698
G1 X51.304 Y6.757 E64.9585
G1 X51.012 Y6.708 E64.96835
G1 X50.727 Y6.674 E64.97789
G1 X50.443 Y6.652 E64.98737
G1 X50.16 Y6.643 E64.99678
G1 X49.879 Y6.646 E65.00613
G1 X49.601 Y6.66 E65.01539
G1 X49.325 Y6.686 E65.02461
G1 X45.926 Y7.05 E65.13831
G1 X42.589 Y7.404 E65.24992
G1 X42.372 Y7.548 E65.25858
G1 X42.326 Y7.71 E65.26418
G1 X42.323 Y9.469 E65.32269
G1 X42.376 Y9.641 E65.32867
G1 X42.217 Y9.787 E65.33585
G1 X42.19 Y10.15 E65.34796
G1 X42.343 Y10.331 E65.35584
G1 X42.324 Y10.54 E65.36282
G1 X42.323 Y12.297 E65.42126
G1 X42.453 Y12.539 E65.4304
G1 X42.615 Y12.597 E65.43612
G1 X49.545 Y13.335 E65.66792
G1 X49.823 Y13.353 E65.67718
G1 X50.104 Y13.357 E65.68653
G1 X50.386 Y13.351 E65.69591
G1 X50.727 Y13.326 E65.70728
G1 X51.012 Y13.292 E65.71683
G1 X51.313 Y13.242 E65.72698
G1 X51.629 Y13.12 E65.73824
G1 X51.742 Y12.846 E65.7481
G1 X51.74 Y12.541 E65.75825
G1 X51.742 Y12.002 E65.77617
G1 X51.377 Y11.983 E65.78833
M204 S2000
G0 F9000 X52.195 Y11.688
G1 F2400 E64.98833
G0 F9000 X51.881 Y12.872
G0 X51.732 Y13.226
G0 X51.3 Y13.383
G0 X50.258 Y13.555
M204 S500
G1 F2400 E65.78833
G1 F702 X49.968 Y13.554 E65.79797
G1 X49.672 Y13.541 E65.80783
G1 X49.334 Y13.511 E65.81912
G1 X45.942 Y13.144 E65.93259
G1 X45.663 Y13.126 E65.94189
G1 X45.388 Y13.157 E65.9511
G1 X45.111 Y13.148 E65.96031
G1 X44.869 Y13.122 E65.96841
G1 X43.659 Y12.982 E66.00892
G1 X43.044 Y12.916 E66.02949
G1 X42.402 Y12.852 E66.05095
G1 X42.228 Y12.785 E66.05715
G1 X42.114 Y12.659 E66.06281
G1 X42.06 Y12.47 E66.06934
G1 X42.062 Y7.517 E66.23408
G1 X42.11 Y7.346 E66.23999
G1 X42.222 Y7.223 E66.24552
G1 X42.373 Y7.155 E66.25103
G1 X43.603 Y7.025 E66.29217
G1 X44.853 Y6.88 E66.33402
G1 X45.162 Y6.848 E66.34435
G1 X45.441 Y6.834 E66.35364
G1 X45.738 Y6.869 E66.36359
G1 X46.036 Y6.846 E66.37353
G1 X47.582 Y6.68 E66.42525
G1 X49.43 Y6.478 E66.48708
G1 X49.709 Y6.457 E66.49638
G1 X49.963 Y6.446 E66.50484
G1 X50.244 Y6.446 E66.51419
G1 X50.501 Y6.455 E66.52274
G1 X50.787 Y6.477 E66.53228
G1 X51.038 Y6.505 E66.54068
G1 X51.289 Y6.543 E66.54912
G1 X51.526 Y6.589 E66.55715
G1 X51.771 Y6.644 E66.56551
G1 X52.015 Y6.71 E66.57391
G1 X52.249 Y6.781 E66.58205
G1 X52.488 Y6.864 E66.59046
G1 X52.73 Y6.957 E66.59908
G1 X52.963 Y7.057 E66.60752
G1 X53.194 Y7.166 E66.61601
G1 X53.413 Y7.28 E66.62422
G1 X53.641 Y7.41 E66.63295
G1 X53.853 Y7.541 E66.64124
G1 X54.065 Y7.684 E66.64975
G1 X54.278 Y7.839 E66.65851
G1 X54.466 Y7.987 E66.66647
G1 X54.663 Y8.153 E66.67504
G1 X54.866 Y8.336 E66.68413
G1 X55.042 Y8.509 E66.69233
G1 X55.223 Y8.701 E66.70111
G1 X55.379 Y8.882 E66.70906
G1 X55.545 Y9.084 E66.71775
G1 X55.7 Y9.287 E66.72625
G1 X55.845 Y9.495 E66.73468
G1 X55.981 Y9.706 E66.74303
G1 X56.088 Y9.892 E66.75017
G1 X56.109 Y10.032 E66.75488
G1 X55.893 Y10.429 E66.76991
G1 X55.752 Y10.638 E66.77829
G1 X55.6 Y10.843 E66.78678
G1 X55.443 Y11.043 E66.79524
G1 X55.278 Y11.236 E66.80368
G1 X55.103 Y11.426 E66.81228
G1 X54.911 Y11.621 E66.82138
G1 X54.731 Y11.789 E66.82957
G1 X54.536 Y11.957 E66.83813
G1 X54.337 Y12.117 E66.84662
G1 X54.124 Y12.274 E66.85542
G1 X53.927 Y12.409 E66.86336
G1 X53.71 Y12.547 E66.87192
G1 X53.483 Y12.679 E66.88065
G1 X53.258 Y12.8 E66.88915
G1 X53.036 Y12.909 E66.89737
G1 X52.804 Y13.012 E66.90582
G1 X52.562 Y13.108 E66.91448
G1 X52.33 Y13.191 E66.92267
G1 X52.091 Y13.267 E66.93101
G1 X51.843 Y13.337 E66.93958
G1 X51.596 Y13.397 E66.94804
G1 X51.295 Y13.455 E66.95823
G1 X51.046 Y13.494 E66.96662
G1 X50.566 Y13.541 E66.98266
G1 X50.258 Y13.555 E66.99291
M204 S2000
G0 F9000 X51.217 Y13.085
G0 X51.3 Y13.383
G0 X51.732 Y13.226
G0 X52.234 Y11.304
M204 S500
;TYPE:FILL
G1 F1404 X55.257 Y10.494 E67.097
M204 S2000
G0 F9000 X54.204 Y11.605
M204 S500
G1 F1404 X52.235 Y9.636 E67.18962
M204 S2000
G0 F9000 X51.89 Y13.008
G0 X51.867 Y12.998
M204 S500
;TYPE:SKIN
G1 F702 X51.982 Y13.114 E67.19234
M204 S2000
G0 F9000 X52.242 Y12.801
G1 F2400 E66.39234
G0 F9000 X51.732 Y13.226
G0 X51.3 Y13.383
G0 X51.217 Y13.085
G0 X50.102 Y13.197
G0 X45.957 Y12.765
G0 X45.96 Y11.501
G0 X45.232 Y11.242
M204 S500
;TYPE:WALL-OUTER
G1 F2400 E67.19234
G1 F702 X45.197 Y11.174 E67.19488
G1 X45.197 Y8.843 E67.27241
G1 X45.232 Y8.75 E67.27571
G1 X45.232 Y11.242 E67.3586
M204 S2000
G0 F9000 X45.269 Y11.286
M204 S500
G1 F702 X47.533 Y11.286 E67.4339
G1 X47.533 Y8.714 E67.51944
G1 X45.283 Y8.714 E67.59428
G1 X45.354 Y8.679 E67.59691
G1 X48.07 Y8.679 E67.68725
G1 X48.07 Y8.284 E67.70039
G1 X49.05 Y8.23 E67.73303
G1 X49.064 Y8.371 E67.73774
G1 X48.214 Y8.419 E67.76606
G1 X48.214 Y11.581 E67.87123
G1 X49.064 Y11.629 E67.89954
G1 X49.05 Y11.771 E67.90429
G1 X48.08 Y11.716 E67.9366
G1 X48.058 Y11.322 E67.94973
G1 X45.359 Y11.32 E68.0395
G1 X45.269 Y11.286 E68.0427
M204 S2000
G0 F9000 X47.703 Y11.156
G0 X47.731 Y11.124
M204 S500
;TYPE:SKIN
G1 F702 X47.873 Y10.982 E68.04809
G1 X47.882 Y9.014 E68.10097
G1 X48.023 Y8.872 E68.10635
M204 S2000
G0 F9000 X47.714 Y9.179
G1 F2400 E67.30635
;MESH:NONMESH
G0 F300 X47.714 Y9.179 Z2.8
G0 F9000 X47.733 Y9.179
G0 X48.085 Y11.402
G0 X49.261 Y11.453
G0 X51.875 Y11.453
G0 X52.171 Y11.54
;TIME_ELAPSED:179.055239
;LAYER:13
M204 S500
;TYPE:WALL-INNER
;MESH:3DBenchy.stl
G1 F2400 E68.10635
G1 F716.1 X52.171 Y8.455 E68.20896
G1 X52.279 Y8.45 E68.21256
G1 X52.282 Y7.398 E68.24755
G1 X52.282 Y7.112 E68.25706
G1 X52.55 Y7.212 E68.26267
G1 X52.731 Y7.28 E68.2691
G1 X52.935 Y7.369 E68.2765
G1 X53.163 Y7.479 E68.28492
G1 X53.373 Y7.591 E68.29284
G1 X53.599 Y7.722 E68.30153
G1 X54.001 Y7.985 E68.31751
G1 X54.206 Y8.137 E68.32599
G1 X54.581 Y8.448 E68.3422
G1 X54.774 Y8.628 E68.35098
G1 X55.112 Y8.979 E68.36718
G1 X55.278 Y9.171 E68.37562
G1 X55.578 Y9.56 E68.39196
G1 X55.832 Y9.947 E68.40736
G1 X55.857 Y10 E68.40931
G1 X55.681 Y10.29 E68.42059
G1 X55.547 Y10.482 E68.42838
G1 X55.355 Y10.735 E68.43894
G1 X55.046 Y11.096 E68.45475
G1 X54.874 Y11.275 E68.463
G1 X54.691 Y11.452 E68.47147
G1 X54.501 Y11.622 E68.47995
G1 X54.32 Y11.773 E68.48779
G1 X54.119 Y11.929 E68.49625
G1 X53.915 Y12.075 E68.5046
G1 X53.702 Y12.215 E68.51308
G1 X53.508 Y12.332 E68.52061
G1 X53.276 Y12.461 E68.52944
G1 X52.854 Y12.668 E68.54507
G1 X52.64 Y12.756 E68.55277
G1 X52.551 Y12.792 E68.55596
G1 X52.283 Y12.889 E68.56544
G1 X52.283 Y12.793
G1 X52.283 Y12.696 E68.56823
G1 X52.28 Y11.544 E68.60655
G1 X52.171 Y11.54 E68.61018
M204 S2000
G0 F9000 X51.393 Y11.989
M204 S500
;TYPE:WALL-OUTER
G1 F716.1 X51.404 Y11.764 E68.61767
G1 X51.771 Y11.783 E68.62989
G1 X51.771 Y8.217 E68.7485
G1 X51.404 Y8.236 E68.76072
G1 X51.407 Y8.09 E68.76558
G1 X51.88 Y8.068 E68.78132
G1 X51.882 Y7.052 E68.81512
G1 X51.774 Y6.82 E68.82363
G1 X51.486 Y6.689 E68.83415
G1 X51.173 Y6.631 E68.84474
G1 X50.88 Y6.593 E68.85457
G1 X50.592 Y6.566 E68.86419
G1 X50.299 Y6.552 E68.87394
G1 X50.01 Y6.55 E68.88356
G1 X49.725 Y6.559 E68.89304
G1 X49.39 Y6.588 E68.90422
G1 X42.519 Y7.333 E69.13409
G1 X42.299 Y7.5 E69.14328
G1 X42.266 Y7.652 E69.14845
G1 X42.267 Y9.61 E69.21358
G1 X42.32 Y9.638 E69.21557
G1 X42.165 Y9.782 E69.22261
G1 X42.123 Y10.108 E69.23354
G1 X42.301 Y10.373 E69.24416
G1 X42.266 Y10.495 E69.24838
G1 X42.267 Y12.395 E69.31157
G1 X42.407 Y12.622 E69.32044
G1 X42.559 Y12.673 E69.32578
G1 X49.499 Y13.422 E69.55794
G1 X49.781 Y13.443 E69.56735
G1 X50.068 Y13.451 E69.5769
G1 X50.357 Y13.447 E69.58651
G1 X50.648 Y13.429 E69.59621
G1 X50.939 Y13.401 E69.60593
G1 X51.232 Y13.358 E69.61578
G1 X51.533 Y13.302 E69.62596
G1 X51.804 Y13.151 E69.63628
G1 X51.883 Y12.913 E69.64462
G1 X51.881 Y11.93 E69.67732
G1 X51.433 Y11.914 E69.69223
G1 X51.393 Y11.989 E69.69505
M204 S2000
G1 F2400 E68.89505
G0 F9000 X51.196 Y12.165
G0 X51.198 Y13.181
G0 X50.292 Y13.638
M204 S500
G1 F2400 E69.69505
G1 F716.1 X49.995 Y13.637 E69.70493
G1 X49.712 Y13.625 E69.71435
G1 X49.454 Y13.604 E69.72296
G1 X47.673 Y13.41 E69.78255
G1 X47.425 Y13.43 E69.79082
G1 X47.158 Y13.437 E69.79971
G1 X47.032 Y13.423 E69.80392
G1 X46.69 Y13.371 E69.81543
G1 X45.765 Y13.241 E69.8465
G1 X45.043 Y13.146 E69.87072
G1 X43.762 Y12.991 E69.91364
G1 X42.474 Y12.859 E69.9567
G1 X42.275 Y12.815 E69.96348
G1 X42.142 Y12.712 E69.96907
G1 X42.054 Y12.467 E69.97773
G1 X42.053 Y7.534 E70.1418
G1 X42.099 Y7.354 E70.14798
G1 X42.203 Y7.23 E70.15337
G1 X42.367 Y7.156 E70.15935
G1 X43.343 Y7.053 E70.19199
G1 X43.603 Y7.028 E70.20068
G1 X44.646 Y6.904 E70.23561
G1 X45.53 Y6.791 E70.26526
G1 X46.361 Y6.677 E70.29315
G1 X47.117 Y6.568 E70.31856
G1 X47.356 Y6.561 E70.32651
G1 X47.649 Y6.592 E70.33631
G1 X49.561 Y6.386 E70.40027
G1 X49.84 Y6.369 E70.40957
G1 X50.109 Y6.361 E70.41852
G1 X50.347 Y6.364 E70.42644
G1 X50.6 Y6.375 E70.43486
G1 X50.84 Y6.395 E70.44287
G1 X51.095 Y6.424 E70.45141
G1 X51.337 Y6.461 E70.45955
G1 X51.592 Y6.509 E70.46818
G1 X51.84 Y6.565 E70.47663
G1 X52.079 Y6.628 E70.48485
G1 X52.386 Y6.724 E70.49555
G1 X52.637 Y6.813 E70.50441
G1 X52.878 Y6.908 E70.51303
G1 X53.109 Y7.009 E70.52141
G1 X53.351 Y7.126 E70.53035
G1 X53.574 Y7.245 E70.53876
G1 X53.8 Y7.376 E70.54745
G1 X54.022 Y7.516 E70.55618
G1 X54.239 Y7.664 E70.56491
G1 X54.456 Y7.825 E70.5739
G1 X54.656 Y7.985 E70.58242
G1 X54.854 Y8.155 E70.5911
G1 X55.047 Y8.335 E70.59988
G1 X55.232 Y8.519 E70.60856
G1 X55.415 Y8.717 E70.61752
G1 X55.581 Y8.909 E70.62596
G1 X55.744 Y9.113 E70.63465
G1 X55.899 Y9.322 E70.6433
G1 X56.045 Y9.536 E70.65192
G1 X56.181 Y9.751 E70.66038
G1 X56.279 Y9.954 E70.66788
G1 X56.268 Y10.093 E70.67252
G1 X56.019 Y10.504 E70.6885
G1 X55.866 Y10.724 E70.69741
G1 X55.674 Y10.977 E70.70798
G1 X55.508 Y11.178 E70.71665
G1 X55.334 Y11.373 E70.72534
G1 X55.152 Y11.562 E70.73407
G1 X54.958 Y11.75 E70.74305
G1 X54.768 Y11.92 E70.75153
G1 X54.565 Y12.089 E70.76032
G1 X54.351 Y12.255 E70.76932
G1 X54.145 Y12.402 E70.77774
G1 X53.919 Y12.551 E70.78674
G1 X53.702 Y12.682 E70.79518
G1 X53.466 Y12.813 E70.80415
G1 X53.239 Y12.929 E70.81263
G1 X53.006 Y13.038 E70.82119
G1 X52.699 Y13.164 E70.83222
G1 X52.4 Y13.272 E70.8428
G1 X52.15 Y13.35 E70.85151
G1 X51.907 Y13.417 E70.85989
G1 X51.652 Y13.479 E70.86862
G1 X51.377 Y13.532 E70.87794
G1 X51.094 Y13.576 E70.88746
G1 X50.783 Y13.612 E70.89787
G1 X50.543 Y13.628 E70.90587
G1 X50.292 Y13.638 E70.91423
M204 S2000
G1 F2400 E70.11423
G0 F9000 X51.44 Y13.131
G0 X51.902 Y13.23
G0 X52.25 Y11.445
M204 S500
;TYPE:FILL
G1 F2400 E70.91423
G1 F1432.3 X55.342 Y10.617 E71.02069
M204 S2000
G0 F9000 X54.399 Y11.6
M204 S500
G1 F1432.3 X52.25 Y9.452 E71.12175
M204 S2000
G0 F9000 X52.015 Y6.866
G0 X51.993 Y6.876
M204 S500
;TYPE:SKIN
G1 F716.1 X52.062 Y6.806 E71.12339
M204 S2000
G0 F9000 X52.055 Y6.829
G0 X52.122 Y12.968
M204 S500
G1 F716.1 X52.011 Y13.079 E71.126
M204 S2000
G0 F9000 X52.203 Y12.808
G1 F2400 E70.326
G0 F9000 X52.009 Y11.805
G0 X51.229 Y11.567
G0 X50.551 Y11.532
G0 X49.959 Y10.805
G0 X49.063 Y10.779
G0 X48.095 Y11.225
G0 X49.045 Y11.776
M204 S500
;TYPE:WALL-OUTER
G1 F2400 E71.126
G1 F716.1 X48.075 Y11.721 E71.15831
G1 X48.053 Y11.339 E71.17104
G1 X45.33 Y11.336 E71.26161
G1 X45.235 Y11.292 E71.26509
G1 X45.18 Y11.193 E71.26885
G1 X45.18 Y8.828 E71.34751
G1 X45.232 Y8.715 E71.35165
G1 X45.232 Y11.286 E71.43716
G1 X47.533 Y11.286 E71.51369
G1 X47.533 Y8.714 E71.59924
G1 X45.234 Y8.714 E71.6757
G1 X45.34 Y8.662 E71.67963
G1 X48.063 Y8.662 E71.7702
G1 X48.067 Y8.279 E71.78294
G1 X48.797 Y8.237 E71.80726
G1 X49.045 Y8.232 E71.81551
G1 X49.059 Y8.367 E71.82002
G1 X48.428 Y8.401 E71.84104
G1 X48.209 Y8.497 E71.84899
G1 X48.209 Y11.585 E71.9517
G1 X49.059 Y11.634 E71.98002
G1 X49.045 Y11.776 E71.98476
M204 S2000
G0 F9000 X48.039 Y11.169
G0 X48.012 Y11.14
M204 S500
;TYPE:SKIN
G1 F716.1 X47.872 Y10.997 E71.99013
G1 X47.872 Y9.018 E72.04323
G1 X47.74 Y8.868 E72.0486
M204 S2000
G0 F9000 X48.033 Y9.162
G1 F2400 E71.2486
;MESH:NONMESH
G0 F300 X48.033 Y9.162 Z3
G0 F9000 X48.009 Y9.162
G0 X48.095 Y11.225
G0 X49.063 Y10.779
G0 X49.959 Y10.805
G0 X50.551 Y11.532
G0 X51.229 Y11.567
G0 X52.186 Y11.546
;TIME_ELAPSED:191.224178
;LAYER:14
M204 S500
;TYPE:WALL-INNER
;MESH:3DBenchy.stl
G1 F2400 E72.0486
G1 F696.9 X52.186 Y8.446 E72.1517
G1 X52.423 Y8.434 E72.15959
G1 X52.423 Y7.242 E72.19924
G1 X52.423 Y7.186 E72.2011
G1 X52.423 Y7.065 E72.20513
G1 X52.748 Y7.186 E72.21266
G1 X52.799 Y7.208 E72.21436
G1 X52.984 Y7.288 E72.22107
G1 X53.205 Y7.392 E72.22919
G1 X53.435 Y7.512 E72.23782
G1 X53.657 Y7.637 E72.24629
G1 X53.868 Y7.768 E72.25455
G1 X54.086 Y7.915 E72.2633
G1 X54.472 Y8.206 E72.27938
G1 X54.677 Y8.379 E72.2883
G1 X54.856 Y8.542 E72.29635
G1 X55.076 Y8.76 E72.30665
G1 X55.263 Y8.962 E72.31581
G1 X55.411 Y9.133 E72.32333
G1 X55.618 Y9.395 E72.33444
G1 X55.754 Y9.581 E72.3421
G1 X55.923 Y9.836 E72.35227
G1 X56.011 Y10.021 E72.35909
G1 X55.941 Y10.136 E72.36357
G1 X55.767 Y10.398 E72.37403
G1 X55.619 Y10.605 E72.38249
G1 X55.467 Y10.798 E72.39066
G1 X55.301 Y10.996 E72.39925
G1 X55.142 Y11.171 E72.40712
G1 X54.954 Y11.363 E72.41606
G1 X54.778 Y11.531 E72.42415
G1 X54.547 Y11.733 E72.43435
G1 X54.332 Y11.904 E72.44349
G1 X54.142 Y12.046 E72.45138
G1 X53.911 Y12.203 E72.46067
G1 X53.716 Y12.327 E72.46836
G1 X53.485 Y12.461 E72.47724
G1 X53.281 Y12.569 E72.48492
G1 X53.04 Y12.686 E72.49383
G1 X52.827 Y12.781 E72.50158
G1 X52.694 Y12.834 E72.50635
G1 X52.576 Y12.881 E72.51057
G1 X52.493 Y12.91 E72.51349
G1 X52.42 Y12.936 E72.51607
G1 X52.42 Y12.879 E72.51632
G1 X52.423 Y12.714 E72.51953
G1 X52.423 Y12.587 E72.52375
G1 X52.423 Y11.553 E72.55815
G1 X52.186 Y11.546 E72.56603
M204 S2000
G1 F2400 E71.76603
G0 F9000 X52 Y11.728
G0 X50.56 Y11.652
G0 X44.605 Y12.111
G0 X44.466 Y13.036
M204 S500
;TYPE:WALL-OUTER
G1 F2400 E72.56603
G1 F696.9 X44.472 Y12.971 E72.5682
G1 X44.554 Y12.974 E72.57093
G1 X45.088 Y13.022 E72.58876
G1 X49.521 Y13.505 E72.73708
G1 X49.809 Y13.526 E72.74668
G1 X50.101 Y13.534 E72.7564
G1 X50.395 Y13.53 E72.76618
G1 X50.692 Y13.513 E72.77607
G1 X50.99 Y13.484 E72.78603
G1 X51.248 Y13.445 E72.79471
G1 X51.534 Y13.396 E72.80436
G1 X51.859 Y13.294 E72.81569
G1 X52.019 Y13.039 E72.8257
G1 X52.023 Y12.712 E72.83658
G1 X52.023 Y11.942 E72.86219
G1 X51.416 Y11.925 E72.88239
G1 X51.419 Y11.77 E72.88754
G1 X51.786 Y11.789 E72.89977
G1 X51.786 Y8.211 E73.01877
G1 X51.419 Y8.23 E73.03099
G1 X51.423 Y8.085 E73.03582
G1 X52.023 Y8.054 E73.0558
G1 X52.023 Y6.982 E73.09146
G1 X51.873 Y6.715 E73.10164
G1 X51.536 Y6.605 E73.11343
G1 X51.228 Y6.549 E73.12384
G1 X50.929 Y6.509 E73.13388
G1 X50.633 Y6.482 E73.14376
G1 X50.335 Y6.468 E73.15369
G1 X50.041 Y6.467 E73.16346
G1 X49.756 Y6.478 E73.17295
G1 X49.468 Y6.501 E73.18256
G1 X48.997 Y6.55 E73.19831
G1 X45.557 Y6.926 E73.31341
G1 X44.909 Y6.995 E73.33508
G1 X44.621 Y7.02 E73.3447
G1 X44.491 Y7.024 E73.34902
G1 X44.497 Y6.954 E73.35136
G1 X44.704 Y6.913 E73.35838
G1 X45.293 Y6.824 E73.37819
G1 X46.315 Y6.683 E73.4125
G1 X46.886 Y6.6 E73.4317
G1 X47.43 Y6.518 E73.44999
G1 X48.277 Y6.382 E73.47853
G1 X48.503 Y6.351 E73.48611
G1 X48.664 Y6.382 E73.49157
G1 X48.952 Y6.381 E73.50114
G1 X49.591 Y6.313 E73.52252
G1 X49.903 Y6.294 E73.53291
G1 X50.39 Y6.291 E73.54911
G1 X50.647 Y6.302 E73.55767
G1 X50.959 Y6.328 E73.56808
G1 X51.271 Y6.368 E73.57854
G1 X51.523 Y6.412 E73.58705
G1 X51.783 Y6.465 E73.59588
G1 X52.029 Y6.525 E73.6043
G1 X52.351 Y6.618 E73.61545
G1 X52.654 Y6.722 E73.6261
G1 X52.907 Y6.819 E73.63511
G1 X53.143 Y6.921 E73.64366
G1 X53.39 Y7.037 E73.65274
G1 X53.62 Y7.157 E73.66137
G1 X53.853 Y7.288 E73.67026
G1 X54.079 Y7.428 E73.6791
G1 X54.32 Y7.591 E73.68878
G1 X54.525 Y7.739 E73.69719
G1 X54.73 Y7.9 E73.70586
G1 X54.935 Y8.073 E73.71478
G1 X55.138 Y8.258 E73.72391
G1 X55.37 Y8.488 E73.73478
G1 X55.557 Y8.69 E73.74394
G1 X55.725 Y8.885 E73.7525
G1 X55.932 Y9.147 E73.7636
G1 X56.087 Y9.36 E73.77236
G1 X56.275 Y9.643 E73.78366
G1 X56.442 Y9.996 E73.79665
G1 X56.401 Y10.148 E73.80189
G1 X56.28 Y10.348 E73.80966
G1 X56.092 Y10.631 E73.82096
G1 X55.942 Y10.84 E73.82952
G1 X55.774 Y11.055 E73.8386
G1 X55.608 Y11.253 E73.84719
G1 X55.428 Y11.451 E73.85609
G1 X55.24 Y11.643 E73.86503
G1 X55.041 Y11.832 E73.87415
G1 X54.796 Y12.046 E73.88497
G1 X54.571 Y12.225 E73.89454
G1 X54.37 Y12.375 E73.90288
G1 X54.135 Y12.535 E73.91233
G1 X53.917 Y12.673 E73.92092
G1 X53.686 Y12.807 E73.9298
G1 X53.456 Y12.929 E73.93846
G1 X53.21 Y13.049 E73.94756
G1 X52.975 Y13.153 E73.95611
G1 X52.723 Y13.253 E73.96513
G1 X52.481 Y13.339 E73.97367
G1 X52.226 Y13.419 E73.98256
G1 X51.98 Y13.487 E73.99105
G1 X51.72 Y13.548 E73.99993
G1 X51.467 Y13.599 E74.00851
G1 X51.217 Y13.639 E74.01693
G1 X50.969 Y13.671 E74.02525
G1 X50.653 Y13.697 E74.0358
G1 X50.333 Y13.711 E74.04645
G1 X50.031 Y13.71 E74.05649
G1 X49.778 Y13.7 E74.06492
G1 X49.482 Y13.677 E74.07479
G1 X48.797 Y13.606 E74.0977
G1 X48.491 Y13.649 E74.10797
G1 X48.257 Y13.614 E74.11584
G1 X47.231 Y13.452 E74.15039
G1 X46.657 Y13.366 E74.16969
G1 X45.999 Y13.272 E74.1918
G1 X45.426 Y13.196 E74.21103
G1 X45.171 Y13.16 E74.21959
G1 X44.922 Y13.121 E74.22797
G1 X44.637 Y13.071 E74.2376
G1 X44.466 Y13.036 E74.2434
M204 S2000
G1 F2400 E73.4434
G0 F9000 X44.605 Y12.111
G0 X49.873 Y11.093
G0 X49.85 Y12.674
G0 X50.516 Y12.667
G0 X50.675 Y10.939
G0 X50.934 Y10.89
G0 X52 Y11.728
G0 X52.503 Y11.525
M204 S500
;TYPE:FILL
G1 F2400 E74.2434
G1 F1393.8 X55.403 Y10.747 E74.34327
M204 S2000
G0 F9000 X54.589 Y11.589
M204 S500
G1 F1393.8 X52.265 Y9.267 E74.45254
M204 S2000
G0 F9000 X52.303 Y6.868
G0 X52.263 Y6.89
M204 S500
;TYPE:SKIN
G1 F696.9 X52.131 Y6.758 E74.45564
M204 S2000
G0 F9000 X52.623 Y7.147
G1 F2400 E73.65564
G0 F9000 X52 Y11.728
G0 X50.56 Y11.652
G0 X46.522 Y12.174
G0 X47.334 Y12.214
G0 X47.453 Y12.466
G0 X45.754 Y12.273
G0 X43.417 Y12.576
G0 X42.738 Y12.613
G0 X42.566 Y12.833
M204 S500
;TYPE:WALL-OUTER
G1 F2400 E74.45564
G1 F696.9 X42.321 Y12.815 E74.46381
G1 X42.179 Y12.74 E74.46915
G1 X42.085 Y12.6 E74.47476
G1 X42.058 Y12.46 E74.4795
G1 X42.056 Y7.546 E74.64294
G1 X42.104 Y7.362 E74.64927
G1 X42.204 Y7.243 E74.65444
G1 X42.366 Y7.176 E74.66027
G1 X42.568 Y7.168 E74.66699
G1 X42.564 Y7.23 E74.66906
G1 X42.43 Y7.257 E74.67361
G1 X42.214 Y7.39 E74.68204
G1 X42.204 Y7.548 E74.68731
G1 X42.202 Y7.983 E74.70178
G1 X42.205 Y8.318 E74.71292
G1 X42.202 Y9.075 E74.7381
G1 X42.203 Y9.595 E74.75539
G1 X42.267 Y9.637 E74.75794
G1 X42.109 Y9.776 E74.76494
G1 X42.065 Y10.108 E74.77608
G1 X42.246 Y10.377 E74.78686
G1 X42.203 Y10.48 E74.79057
G1 X42.205 Y11.343 E74.81928
G1 X42.202 Y12.138 E74.84572
G1 X42.204 Y12.485 E74.85726
G1 X42.292 Y12.705 E74.86514
G1 X42.562 Y12.761 E74.87431
G1 X42.566 Y12.833 E74.87671
M204 S2000
G0 F9000 X42.384 Y12.619
G1 F2400 E74.07671
G0 F9000 X42.328 Y12.586
G0 X42.738 Y12.613
G0 X45.274 Y11.535
G0 X47.533 Y11.186
G0 X47.533 Y11.286
M204 S500
G1 F2400 E74.87671
G1 F696.9 X47.533 Y8.714 E74.96226
G1 X45.232 Y8.714 E75.03879
G1 X45.232 Y11.286 E75.12433
G1 X47.533 Y11.286 E75.20086
M204 S2000
G1 F2400 E74.40086
G0 F9000 X47.533 Y11.156
G0 X47.887 Y11.228
G0 X49.04 Y11.78
M204 S500
G1 F2400 E75.20086
G1 F696.9 X48.109 Y11.73 E75.23187
G1 X48.059 Y11.719 E75.23358
G1 X48.059 Y11.356 E75.24565
G1 X45.316 Y11.354 E75.33688
G1 X45.216 Y11.308 E75.34054
G1 X45.162 Y11.207 E75.34435
G1 X45.162 Y8.814 E75.42394
G1 X45.203 Y8.706 E75.42779
G1 X45.319 Y8.645 E75.43215
G1 X48.058 Y8.645 E75.52324
G1 X48.062 Y8.274 E75.53559
G1 X49.04 Y8.219 E75.56816
G1 X49.054 Y8.362 E75.57294
G1 X48.492 Y8.392 E75.59166
G1 X48.204 Y8.413 E75.60127
G1 X48.204 Y11.59 E75.70693
G1 X49.054 Y11.638 E75.73525
G1 X49.04 Y11.78 E75.74
M204 S2000
G0 F9000 X48.075 Y11.411
G0 X48.004 Y11.141
G0 X47.87 Y10.98
M204 S500
;TYPE:SKIN
G1 F696.9 X47.87 Y10.697 E75.74859
G1 X47.87 Y9.001 E75.80012
G1 X48.002 Y8.85 E75.80621
M204 S2000
G0 F9000 X47.972 Y8.82
G0 X47.703 Y11.156
G0 X47.709 Y11.102
M204 S500
G1 F696.9 X47.787 Y11.18 E75.80805
M204 S2000
G0 F9000 X48.033 Y10.856
G1 F2400 E75.00805
;MESH:NONMESH
G0 F300 X48.033 Y10.856 Z3.2
G0 F9000 X48.004 Y10.856
G0 X48.075 Y11.411
G0 X49.251 Y11.462
G0 X52.006 Y11.462
G0 X52.202 Y11.562
;TIME_ELAPSED:204.309524
;LAYER:15
M204 S500
;TYPE:WALL-INNER
;MESH:3DBenchy.stl
G1 F2400 E75.80805
G1 F600 X52.202 Y8.44 E75.91189
G1 X52.563 Y8.421 E75.92391
G1 X52.564 Y7.184 E75.96505
G1 X52.564 Y7.181 E75.96515
G1 X52.565 Y7.086 E75.96831
G1 X52.566 Y7.028 E75.97024
G1 X52.722 Y7.086 E75.97319
G1 X52.959 Y7.181 E75.98013
G1 X52.961 Y7.182 E75.98021
G1 X53.196 Y7.288 E75.98878
G1 X53.412 Y7.396 E75.99681
G1 X53.65 Y7.525 E76.00582
G1 X53.863 Y7.651 E76.01405
G1 X54.074 Y7.787 E76.0224
G1 X54.292 Y7.939 E76.03124
G1 X54.497 Y8.093 E76.03977
G1 X54.69 Y8.25 E76.04804
G1 X54.894 Y8.43 E76.05709
G1 X55.248 Y8.776 E76.07355
G1 X55.426 Y8.972 E76.08236
G1 X55.587 Y9.161 E76.09062
G1 X55.757 Y9.378 E76.09979
G1 X55.898 Y9.573 E76.10779
G1 X56.044 Y9.79 E76.11649
G1 X56.171 Y10.001 E76.12468
G1 X56.121 Y10.086 E76.12796
G1 X55.982 Y10.302 E76.1365
G1 X55.842 Y10.503 E76.14465
G1 X55.682 Y10.718 E76.15356
G1 X55.532 Y10.905 E76.16154
G1 X55.354 Y11.108 E76.17052
G1 X55.17 Y11.304 E76.17946
G1 X54.809 Y11.646 E76.196
G1 X54.602 Y11.823 E76.20506
G1 X54.407 Y11.976 E76.2133
G1 X54.199 Y12.127 E76.22185
G1 X53.982 Y12.273 E76.23055
G1 X53.753 Y12.416 E76.23953
G1 X53.553 Y12.53 E76.24718
G1 X53.325 Y12.648 E76.25572
G1 X53.084 Y12.762 E76.26459
G1 X52.928 Y12.83 E76.27025
G1 X52.845 Y12.866 E76.27326
G1 X52.566 Y12.971 E76.28317
G1 X52.566 Y12.867
G1 X52.566 Y12.776 E76.28582
G1 X52.563 Y11.582 E76.32554
G1 X52.202 Y11.562 E76.33756
M204 S2000
G1 F2400 E75.53756
G0 F9000 X52.016 Y11.738
G0 X50.575 Y11.662
G0 X47.508 Y12.485
G0 X47.142 Y13.323
M204 S500
;TYPE:WALL-OUTER
G1 F2400 E76.33756
G1 F600 X47.417 Y13.345 E76.34674
G1 X49.352 Y13.556 E76.41148
G1 X49.615 Y13.582 E76.42027
G1 X49.907 Y13.601 E76.43
G1 X50.171 Y13.605 E76.43878
G1 X50.444 Y13.603 E76.44786
G1 X50.746 Y13.585 E76.45792
G1 X51.05 Y13.556 E76.46808
G1 X51.353 Y13.512 E76.47826
G1 X51.653 Y13.455 E76.48842
G1 X51.963 Y13.366 E76.49915
G1 X52.151 Y13.132 E76.50913
G1 X52.166 Y12.965 E76.51471
G1 X52.164 Y11.96 E76.54814
G1 X51.431 Y11.919 E76.57255
G1 X51.435 Y11.776 E76.57731
G1 X51.802 Y11.795 E76.58953
G1 X51.802 Y8.205 E76.70894
G1 X51.435 Y8.224 E76.72116
G1 X51.439 Y8.079 E76.72599
G1 X52.164 Y8.041 E76.75013
G1 X52.166 Y6.968 E76.78582
G1 X52.064 Y6.712 E76.79499
G1 X51.802 Y6.578 E76.80477
G1 X51.476 Y6.508 E76.81586
G1 X51.111 Y6.452 E76.82815
G1 X50.807 Y6.42 E76.83831
G1 X50.504 Y6.4 E76.84841
G1 X50.236 Y6.395 E76.85733
G1 X49.967 Y6.397 E76.86627
G1 X49.673 Y6.412 E76.87607
G1 X49.382 Y6.44 E76.88579
G1 X47.219 Y6.676 E76.95816
G1 X47.132 Y6.677 E76.96105
G1 X47.131 Y6.59 E76.96395
G1 X47.517 Y6.503 E76.97711
G1 X47.846 Y6.452 E76.98818
G1 X48.98 Y6.263 E77.02642
G1 X49.404 Y6.188 E77.04074
G1 X49.608 Y6.187 E77.04752
G1 X49.766 Y6.238 E77.05304
G1 X50.071 Y6.226 E77.0632
G1 X50.318 Y6.224 E77.07141
G1 X50.568 Y6.231 E77.07973
G1 X50.83 Y6.248 E77.08846
G1 X51.086 Y6.272 E77.09702
G1 X51.335 Y6.305 E77.10537
G1 X51.592 Y6.349 E77.11404
G1 X51.856 Y6.404 E77.12301
G1 X52.112 Y6.467 E77.13178
G1 X52.367 Y6.54 E77.1406
G1 X52.614 Y6.62 E77.14924
G1 X52.872 Y6.715 E77.15838
G1 X53.115 Y6.813 E77.1671
G1 X53.36 Y6.923 E77.17603
G1 X53.603 Y7.044 E77.18506
G1 X53.841 Y7.173 E77.19406
G1 X54.074 Y7.311 E77.20307
G1 X54.303 Y7.459 E77.21214
G1 X54.532 Y7.619 E77.22143
G1 X54.75 Y7.783 E77.2305
G1 X54.955 Y7.95 E77.2393
G1 X55.159 Y8.13 E77.24834
G1 X55.358 Y8.319 E77.25747
G1 X55.544 Y8.507 E77.26627
G1 X55.731 Y8.713 E77.27552
G1 X55.902 Y8.914 E77.2843
G1 X56.072 Y9.131 E77.29347
G1 X56.23 Y9.35 E77.30245
G1 X56.384 Y9.579 E77.31163
G1 X56.518 Y9.795 E77.32008
G1 X56.588 Y9.962 E77.32611
G1 X56.566 Y10.117 E77.33131
G1 X56.458 Y10.302 E77.33844
G1 X56.318 Y10.52 E77.34705
G1 X56.163 Y10.742 E77.35606
G1 X56.003 Y10.957 E77.36497
G1 X55.833 Y11.168 E77.37399
G1 X55.646 Y11.382 E77.38344
G1 X55.46 Y11.58 E77.39247
G1 X55.272 Y11.765 E77.40125
G1 X55.069 Y11.95 E77.41038
G1 X54.862 Y12.127 E77.41944
G1 X54.642 Y12.3 E77.42875
G1 X54.428 Y12.455 E77.43754
G1 X54.202 Y12.607 E77.4466
G1 X53.965 Y12.755 E77.45589
G1 X53.737 Y12.885 E77.46462
G1 X53.496 Y13.01 E77.47365
G1 X53.244 Y13.129 E77.48292
G1 X53.005 Y13.233 E77.49159
G1 X52.747 Y13.332 E77.50078
G1 X52.494 Y13.42 E77.50969
G1 X52.247 Y13.496 E77.51828
G1 X51.991 Y13.564 E77.52709
G1 X51.734 Y13.622 E77.53586
G1 X51.468 Y13.672 E77.54486
G1 X51.22 Y13.71 E77.5532
G1 X50.957 Y13.742 E77.56201
G1 X50.709 Y13.761 E77.57029
G1 X50.448 Y13.773 E77.57898
G1 X50.201 Y13.776 E77.58719
G1 X49.941 Y13.77 E77.59584
G1 X49.641 Y13.778 E77.60582
G1 X49.514 Y13.824 E77.61032
G1 X49.222 Y13.779 E77.62014
G1 X48.899 Y13.722 E77.63105
G1 X47.499 Y13.494 E77.67823
G1 X47.148 Y13.424 E77.69013
G1 X47.142 Y13.323 E77.6935
M204 S2000
G1 F2400 E76.8935
G0 F9000 X47.508 Y12.485
G0 X50.575 Y11.662
G0 X52.016 Y11.738
G0 X52.642 Y11.633
M204 S500
;TYPE:FILL
G1 F2400 E77.6935
G1 F1200 X55.443 Y10.883 E77.78994
M204 S2000
G0 F9000 X54.77 Y11.571
M204 S500
G1 F1200 X52.281 Y9.083 E77.90699
M204 S2000
G0 F9000 X52.37 Y8.416
G0 X52.422 Y6.8
G0 X52.305 Y6.846
M204 S500
;TYPE:SKIN
G1 F600 X52.406 Y6.745 E77.90937
M204 S2000
G0 F9000 X52.765 Y7.142
G1 F2400 E77.10937
G0 F9000 X52.022 Y11.186
G0 X49.246 Y11.467
G0 X48.069 Y11.415
G0 X47.533 Y11.186
G0 X47.533 Y11.286
M204 S500
;TYPE:WALL-OUTER
G1 F2400 E77.90937
G1 F600 X47.533 Y8.714 E77.99492
G1 X45.232 Y8.714 E78.07145
G1 X45.232 Y11.286 E78.15699
G1 X47.533 Y11.286 E78.23352
M204 S2000
G1 F2400 E77.43352
G0 F9000 X47.533 Y11.174
G0 X47.882 Y11.246
G0 X49.034 Y11.785
M204 S500
G1 F2400 E78.23352
G1 F600 X48.135 Y11.737 E78.26347
G1 X48.054 Y11.72 E78.26622
G1 X48.054 Y11.374 E78.27773
G1 X45.302 Y11.372 E78.36926
G1 X45.195 Y11.322 E78.37319
G1 X45.146 Y11.22 E78.37695
G1 X45.144 Y10.182 E78.41148
G1 X45.145 Y8.801 E78.45741
G1 X45.189 Y8.682 E78.46163
G1 X45.305 Y8.627 E78.4659
G1 X48.053 Y8.627 E78.5573
G1 X48.056 Y8.269 E78.5692
G1 X49.034 Y8.214 E78.60178
G1 X49.048 Y8.357 E78.60656
G1 X48.52 Y8.385 E78.62415
G1 X48.198 Y8.407 E78.63488
G1 X48.198 Y11.595 E78.74092
G1 X49.048 Y11.644 E78.76923
G1 X49.034 Y11.785 E78.77395
M204 S2000
G0 F9000 X48.069 Y11.415
G0 X47.998 Y11.127
G0 X47.989 Y11.163
M204 S500
;TYPE:SKIN
G1 F600 X47.867 Y11.001 E78.77931
G1 X47.867 Y9.023 E78.83157
G1 X47.757 Y8.85 E78.83699
M204 S2000
G0 F9000 X48.033 Y9.127
G1 F2400 E78.03699
;MESH:NONMESH
G0 F300 X48.033 Y9.127 Z3.4
G0 F9000 X47.998 Y9.127
G0 X48.084 Y11.401
G0 X49.052 Y10.789
G0 X50.95 Y10.896
G0 X52.022 Y11.401
G0 X52.218 Y11.568
;TIME_ELAPSED:215.538443
;LAYER:16
M204 S500
;TYPE:WALL-INNER
;MESH:3DBenchy.stl
G1 F2400 E78.83699
G1 F600 X52.218 Y8.433 E78.94126
G1 X52.704 Y8.407 E78.95745
G1 X52.708 Y7.28 E78.99493
G1 X52.708 Y7.182 E78.99819
G1 X52.707 Y7.108 E79.00065
G1 X52.704 Y7 E79.00425
G1 X52.769 Y7.025 E79.00439
G1 X52.966 Y7.102 E79.00875
G1 X53.055 Y7.141 E79.01198
G1 X53.209 Y7.208 E79.01757
G1 X53.431 Y7.315 E79.02576
G1 X53.665 Y7.437 E79.03454
G1 X53.92 Y7.584 E79.04433
G1 X54.133 Y7.72 E79.05274
G1 X54.356 Y7.872 E79.06171
G1 X54.56 Y8.022 E79.07013
G1 X54.77 Y8.189 E79.07906
G1 X54.961 Y8.355 E79.08747
G1 X55.147 Y8.528 E79.09592
G1 X55.312 Y8.693 E79.10368
G1 X55.49 Y8.884 E79.11237
G1 X55.669 Y9.091 E79.12147
G1 X55.832 Y9.294 E79.13013
G1 X55.978 Y9.491 E79.13828
G1 X56.133 Y9.715 E79.14734
G1 X56.306 Y10.001 E79.15846
G1 X56.151 Y10.26 E79.1685
G1 X55.968 Y10.525 E79.17921
G1 X55.809 Y10.738 E79.18805
G1 X55.648 Y10.936 E79.19654
G1 X55.481 Y11.128 E79.205
G1 X55.302 Y11.318 E79.21369
G1 X55.111 Y11.506 E79.2226
G1 X54.923 Y11.678 E79.23108
G1 X54.713 Y11.857 E79.24025
G1 X54.526 Y12.003 E79.24814
G1 X54.296 Y12.17 E79.2576
G1 X54.097 Y12.305 E79.2656
G1 X53.866 Y12.45 E79.27467
G1 X53.643 Y12.575 E79.28317
G1 X53.416 Y12.695 E79.29171
G1 X53.176 Y12.808 E79.30053
G1 X53.048 Y12.864 E79.30518
G1 X52.952 Y12.905 E79.30865
G1 X52.77 Y12.975 E79.31514
G1 X52.706 Y13 E79.31742
G1 X52.707 Y12.903 E79.31815
G1 X52.708 Y12.815 E79.31885
G1 X52.708 Y12.71 E79.32235
G1 X52.707 Y11.596 E79.3594
G1 X52.218 Y11.568 E79.37569
M204 S2000
G1 F2400 E78.57569
G0 F9000 X52.032 Y11.744
G0 X49.227 Y11.585
G0 X48.917 Y11.997
G0 X48.484 Y13.529
M204 S500
;TYPE:WALL-OUTER
G1 F2400 E79.37569
G1 F600 X48.571 Y13.53 E79.37858
G1 X49.441 Y13.622 E79.40768
G1 X49.721 Y13.648 E79.41703
G1 X50.018 Y13.665 E79.42693
G1 X50.321 Y13.669 E79.43701
G1 X50.624 Y13.659 E79.44709
G1 X50.933 Y13.637 E79.45739
G1 X51.241 Y13.6 E79.46771
G1 X51.519 Y13.556 E79.47707
G1 X51.806 Y13.5 E79.4868
G1 X52.149 Y13.381 E79.49887
G1 X52.304 Y13.115 E79.50911
G1 X52.308 Y12.813 E79.51916
G1 X52.307 Y11.974 E79.54706
G1 X51.448 Y11.925 E79.57568
G1 X51.451 Y11.782 E79.58044
G1 X51.818 Y11.801 E79.59266
G1 X51.818 Y8.199 E79.71246
G1 X51.451 Y8.218 E79.72469
G1 X51.451 Y8.074 E79.72948
G1 X52.305 Y8.028 E79.75792
G1 X52.308 Y7.186 E79.78593
G1 X52.301 Y6.857 E79.79687
G1 X52.131 Y6.61 E79.80684
G1 X51.805 Y6.5 E79.81829
G1 X51.487 Y6.438 E79.82906
G1 X51.179 Y6.391 E79.83943
G1 X50.871 Y6.358 E79.84973
G1 X50.564 Y6.338 E79.85996
G1 X50.26 Y6.331 E79.87008
G1 X49.959 Y6.337 E79.88009
G1 X49.662 Y6.355 E79.88999
G1 X48.482 Y6.479 E79.92945
G1 X48.482 Y6.372 E79.93301
G1 X48.612 Y6.327 E79.93758
G1 X49.7 Y6.136 E79.97432
G1 X49.981 Y6.092 E79.98378
G1 X50.379 Y6.064 E79.99705
G1 X50.465 Y6.157 E80.00127
G1 X51.055 Y6.21 E80.02097
G1 X51.321 Y6.241 E80.02988
G1 X51.575 Y6.282 E80.03843
G1 X51.834 Y6.332 E80.04721
G1 X52.101 Y6.395 E80.05633
G1 X52.354 Y6.463 E80.06504
G1 X52.618 Y6.545 E80.07424
G1 X52.866 Y6.633 E80.08299
G1 X53.126 Y6.735 E80.09228
G1 X53.369 Y6.841 E80.1011
G1 X53.616 Y6.96 E80.11022
G1 X53.865 Y7.09 E80.11956
G1 X54.12 Y7.237 E80.12935
G1 X54.358 Y7.389 E80.13874
G1 X54.581 Y7.541 E80.14772
G1 X54.809 Y7.709 E80.15714
G1 X55.019 Y7.876 E80.16606
G1 X55.233 Y8.062 E80.17549
G1 X55.43 Y8.245 E80.18444
G1 X55.605 Y8.42 E80.19267
G1 X55.793 Y8.622 E80.20185
G1 X55.972 Y8.829 E80.21095
G1 X56.144 Y9.043 E80.22008
G1 X56.307 Y9.263 E80.22919
G1 X56.462 Y9.487 E80.23825
G1 X56.609 Y9.717 E80.24732
G1 X56.713 Y9.914 E80.25473
G1 X56.718 Y10.071 E80.25996
G1 X56.625 Y10.26 E80.26696
G1 X56.488 Y10.476 E80.27547
G1 X56.289 Y10.764 E80.28711
G1 X56.126 Y10.983 E80.29619
G1 X55.958 Y11.189 E80.30504
G1 X55.772 Y11.402 E80.31444
G1 X55.583 Y11.603 E80.32362
G1 X55.392 Y11.791 E80.33253
G1 X55.183 Y11.982 E80.34195
G1 X54.972 Y12.162 E80.35117
G1 X54.761 Y12.327 E80.36008
G1 X54.531 Y12.494 E80.36954
G1 X54.309 Y12.644 E80.37845
G1 X54.069 Y12.794 E80.38786
G1 X53.83 Y12.929 E80.39699
G1 X53.595 Y13.053 E80.40583
G1 X53.347 Y13.17 E80.41495
G1 X53.096 Y13.278 E80.42404
G1 X52.835 Y13.379 E80.43334
G1 X52.579 Y13.468 E80.44236
G1 X52.328 Y13.545 E80.45109
G1 X52.069 Y13.615 E80.46001
G1 X51.802 Y13.677 E80.46913
G1 X51.549 Y13.724 E80.47769
G1 X51.288 Y13.764 E80.48647
G1 X51.022 Y13.796 E80.49538
G1 X50.755 Y13.816 E80.50429
G1 X50.366 Y13.879 E80.5174
G1 X50.34 Y13.933 E80.51939
G1 X50.175 Y13.932 E80.52488
G1 X49.903 Y13.896 E80.534
G1 X49.626 Y13.851 E80.54334
G1 X49.334 Y13.797 E80.55321
G1 X49.023 Y13.746 E80.5637
G1 X48.714 Y13.692 E80.57413
G1 X48.484 Y13.644 E80.58194
G1 X48.484 Y13.529 E80.58577
M204 S2000
G1 F2400 E79.78577
G0 F9000 X48.917 Y11.997
G0 X49.23 Y11.541
G0 X52.038 Y11.541
G0 X52.786 Y11.742
M204 S500
;TYPE:FILL
G1 F2400 E80.58577
G1 F1200 X55.461 Y11.025 E80.67788
M204 S2000
G0 F9000 X54.946 Y11.547
M204 S500
G1 F1200 X52.296 Y8.897 E80.80253
M204 S2000
G0 F9000 X52.536 Y11.758
G0 X52.539 Y12.909
G0 X52.498 Y13.232
G0 X52.417 Y13.266
M204 S500
;TYPE:SKIN
G1 F600 X52.467 Y13.316 E80.8037
M204 S2000
G0 F9000 X52.906 Y12.92
G1 F2400 E80.0037
G0 F9000 X52.521 Y11.772
G0 X50.966 Y10.902
G0 X50.678 Y10.887
G0 X49.91 Y11.624
G0 X49.227 Y11.586
G0 X48.064 Y11.421
G0 X47.533 Y11.191
G0 X47.533 Y11.286
M204 S500
;TYPE:WALL-OUTER
G1 F2400 E80.8037
G1 F600 X47.533 Y8.714 E80.88925
G1 X45.232 Y8.714 E80.96578
G1 X45.232 Y11.286 E81.05132
G1 X47.533 Y11.286 E81.12786
M204 S2000
G1 F2400 E80.32786
G0 F9000 X47.533 Y11.191
G0 X47.858 Y11.262
G0 X49.029 Y11.791
M204 S500
G1 F2400 E81.12786
G1 F600 X48.058 Y11.736 E81.1602
G1 X48.037 Y11.391 E81.1717
G1 X45.286 Y11.389 E81.2632
G1 X45.181 Y11.343 E81.26701
G1 X45.127 Y11.242 E81.27082
G1 X45.127 Y8.784 E81.35257
G1 X45.16 Y8.68 E81.3562
G1 X45.295 Y8.61 E81.36126
G1 X48.043 Y8.61 E81.45266
G1 X48.055 Y8.264 E81.46417
G1 X48.71 Y8.226 E81.486
G1 X49.029 Y8.212 E81.49662
G1 X49.043 Y8.352 E81.5013
G1 X48.548 Y8.378 E81.51778
G1 X48.193 Y8.402 E81.52962
G1 X48.193 Y11.6 E81.63598
G1 X49.043 Y11.648 E81.6643
G1 X49.029 Y11.791 E81.66908
M204 S2000
G0 F9000 X48.064 Y11.421
G0 X47.993 Y11.129
G0 X47.864 Y10.974
M204 S500
;TYPE:SKIN
G1 F600 X47.864 Y10.692 E81.67737
G1 X47.864 Y8.996 E81.72722
G1 X47.978 Y8.827 E81.73321
M204 S2000
G0 F9000 X47.937 Y8.786
G0 X47.703 Y11.156
G0 X47.709 Y11.103
M204 S500
G1 F600 X47.823 Y11.216 E81.73588
M204 S2000
G0 F9000 X48.033 Y10.891
G1 F2400 E80.93588
;MESH:NONMESH
G0 F300 X48.033 Y10.891 Z3.6
G0 F9000 X47.993 Y10.891
G0 X48.064 Y11.421
G0 X49.206 Y12.069
G0 X49.883 Y12.106
G0 X50.543 Y12.811
G0 X50.895 Y12.805
G0 X52.508 Y12.066
G0 X52.848 Y13.019
;TIME_ELAPSED:226.585921
;LAYER:17
M204 S500
;TYPE:WALL-INNER
;MESH:3DBenchy.stl
G1 F2400 E81.73588
G1 F653.2 X52.848 Y12.995 E81.73668
G1 X52.848 Y12.894 E81.74004
G1 X52.848 Y12.828 E81.74224
G1 X52.847 Y11.609 E81.78278
G1 X52.233 Y11.574 E81.80323
G1 X52.233 Y8.426 E81.90794
G1 X52.844 Y8.393 E81.92829
G1 X52.849 Y7.406 E81.96112
G1 X52.849 Y7.401 E81.96128
G1 X52.849 Y7.397 E81.96142
G1 X52.849 Y7.154 E81.9695
G1 X52.849 Y7.135 E81.97013
G1 X52.849 Y7.025 E81.97379
G1 X52.848 Y6.981 E81.97525
G1 X52.865 Y6.987 E81.97585
G1 X52.96 Y7.023 E81.97923
G1 X52.963 Y7.024 E81.97934
G1 X53.002 Y7.04 E81.97936
G1 X53.006 Y7.041 E81.97949
G1 X53.223 Y7.135 E81.98728
G1 X53.24 Y7.142 E81.98787
G1 X53.439 Y7.235 E81.99518
G1 X53.679 Y7.357 E82.00414
G1 X53.907 Y7.484 E82.01282
G1 X54.126 Y7.617 E82.02134
G1 X54.352 Y7.766 E82.03034
G1 X54.561 Y7.914 E82.03886
G1 X54.765 Y8.073 E82.04746
G1 X54.979 Y8.251 E82.05672
G1 X55.17 Y8.422 E82.06525
G1 X55.365 Y8.61 E82.07426
G1 X55.555 Y8.809 E82.08341
G1 X55.717 Y8.989 E82.09146
G1 X55.88 Y9.188 E82.10002
G1 X56.044 Y9.401 E82.10896
G1 X56.2 Y9.62 E82.1179
G1 X56.338 Y9.829 E82.12623
G1 X56.438 Y10.004 E82.13293
G1 X56.344 Y10.16 E82.13899
G1 X56.198 Y10.383 E82.14786
G1 X56.059 Y10.58 E82.15588
G1 X55.896 Y10.794 E82.16482
G1 X55.735 Y10.99 E82.17326
G1 X55.549 Y11.198 E82.18254
G1 X55.378 Y11.377 E82.19077
G1 X55.177 Y11.571 E82.20007
G1 X54.98 Y11.749 E82.2089
G1 X54.787 Y11.909 E82.21723
G1 X54.561 Y12.085 E82.22676
G1 X54.366 Y12.224 E82.23473
G1 X54.126 Y12.382 E82.24428
G1 X53.856 Y12.545 E82.25477
G1 X53.622 Y12.674 E82.26366
G1 X53.388 Y12.79 E82.27235
G1 X53.221 Y12.866 E82.27845
G1 X53.161 Y12.893 E82.28044
G1 X52.912 Y12.995 E82.28657
G1 X52.848 Y13.019 E82.28692
M204 S2000
G1 F2400 E81.48692
G0 F9000 X52.583 Y13.316
G0 X52.501 Y14.459
G0 X51.588 Y14.829
G0 X50.859 Y14.823
G0 X49.62 Y14.728
G0 X49.519 Y13.825
M204 S500
;TYPE:WALL-OUTER
G1 F2400 E82.28692
G1 F653.2 X49.519 Y13.684 E82.29161
G1 X49.547 Y13.681 E82.29255
G1 X49.839 Y13.707 E82.3023
G1 X50.141 Y13.72 E82.31235
G1 X50.447 Y13.72 E82.32253
G1 X50.756 Y13.708 E82.33282
G1 X51.067 Y13.682 E82.3432
G1 X51.379 Y13.643 E82.35365
G1 X51.692 Y13.588 E82.36422
G1 X52.018 Y13.518 E82.37531
G1 X52.314 Y13.391 E82.38603
G1 X52.447 Y13.124 E82.39595
G1 X52.449 Y12.593 E82.41361
G1 X52.448 Y11.987 E82.43377
G1 X51.464 Y11.931 E82.46655
G1 X51.468 Y11.788 E82.4713
G1 X51.833 Y11.807 E82.48346
G1 X51.833 Y8.193 E82.60366
G1 X51.466 Y8.212 E82.61589
G1 X51.467 Y7.987 E82.62337
G1 X51.473 Y8.067 E82.62604
G1 X52.446 Y8.014 E82.65845
G1 X52.449 Y7.401 E82.67884
G1 X52.447 Y6.861 E82.6968
G1 X52.309 Y6.603 E82.70653
G1 X51.958 Y6.469 E82.71903
G1 X51.692 Y6.412 E82.72807
G1 X51.379 Y6.357 E82.73864
G1 X51.067 Y6.318 E82.7491
G1 X50.756 Y6.292 E82.75948
G1 X50.447 Y6.28 E82.76977
G1 X50.14 Y6.28 E82.77998
G1 X49.779 Y6.297 E82.792
G1 X49.53 Y6.32 E82.80031
G1 X49.52 Y6.184 E82.80485
G1 X49.856 Y6.114 E82.81627
G1 X50.118 Y6.078 E82.82506
G1 X50.368 Y6.048 E82.83344
G1 X50.61 Y6.025 E82.84152
G1 X50.948 Y6.003 E82.85279
G1 X51.048 Y6.007 E82.85612
G1 X51.082 Y6.127 E82.86026
G1 X51.476 Y6.208 E82.87364
G1 X51.742 Y6.253 E82.88262
G1 X52.012 Y6.31 E82.89179
G1 X52.274 Y6.375 E82.90077
G1 X52.528 Y6.448 E82.90956
G1 X52.794 Y6.534 E82.91886
G1 X53.108 Y6.651 E82.93001
G1 X53.38 Y6.767 E82.93984
G1 X53.62 Y6.878 E82.94863
G1 X53.86 Y7 E82.95759
G1 X54.102 Y7.135 E82.96681
G1 X54.346 Y7.283 E82.9763
G1 X54.572 Y7.432 E82.9853
G1 X54.806 Y7.598 E82.99484
G1 X55.021 Y7.765 E83.0039
G1 X55.235 Y7.943 E83.01316
G1 X55.448 Y8.134 E83.02267
G1 X55.643 Y8.322 E83.03168
G1 X55.853 Y8.542 E83.0418
G1 X56.021 Y8.729 E83.05016
G1 X56.197 Y8.944 E83.0594
G1 X56.37 Y9.169 E83.06884
G1 X56.526 Y9.388 E83.07778
G1 X56.681 Y9.623 E83.08715
G1 X56.811 Y9.839 E83.09553
G1 X56.855 Y9.992 E83.10083
G1 X56.81 Y10.163 E83.10671
G1 X56.687 Y10.367 E83.11463
G1 X56.532 Y10.603 E83.12402
G1 X56.377 Y10.822 E83.13294
G1 X56.205 Y11.048 E83.14239
G1 X56.033 Y11.257 E83.15139
G1 X55.847 Y11.465 E83.16067
G1 X55.656 Y11.665 E83.16987
G1 X55.455 Y11.859 E83.17916
G1 X55.248 Y12.046 E83.18844
G1 X55.033 Y12.225 E83.19775
G1 X54.807 Y12.401 E83.20727
G1 X54.587 Y12.558 E83.21626
G1 X54.348 Y12.716 E83.22579
G1 X54.056 Y12.892 E83.23713
G1 X53.813 Y13.025 E83.24635
G1 X53.564 Y13.149 E83.2556
G1 X53.313 Y13.263 E83.26477
G1 X53.059 Y13.367 E83.27389
G1 X52.794 Y13.465 E83.28329
G1 X52.535 Y13.55 E83.29236
G1 X52.281 Y13.623 E83.30115
G1 X52.018 Y13.688 E83.31016
G1 X51.748 Y13.745 E83.31934
G1 X51.488 Y13.79 E83.32811
G1 X51.172 Y13.84 E83.33875
G1 X51.026 Y13.989 E83.34569
G1 X50.906 Y13.994 E83.34969
G1 X50.633 Y13.977 E83.35879
G1 X50.391 Y13.956 E83.36686
G1 X50.045 Y13.915 E83.37845
G1 X49.768 Y13.876 E83.38776
G1 X49.519 Y13.825 E83.39621
M204 S2000
G1 F2400 E82.59621
G0 F9000 X49.907 Y12.845
G0 X51.211 Y12.83
G0 X52.583 Y13.316
G0 X54.599 Y11.812
G0 X54.663 Y11.444
G0 X54.442 Y11.444
M204 S500
;TYPE:FILL
G1 F2400 E83.39621
G1 F1306.3 X55.462 Y11.171 E83.43133
M204 S2000
G0 F9000 X55.115 Y11.516
M204 S500
G1 F1306.3 X54.441 Y10.842 E83.46303
M204 S2000
G0 F9000 X54.372 Y10.952
M204 S500
;TYPE:SKIN
G1 F653.2 X54.374 Y11.736 E83.48911
G1 X54.152 Y11.898 E83.49825
G1 X53.918 Y12.052 E83.50757
G1 X53.661 Y12.207 E83.51755
G1 X53.435 Y12.333 E83.52615
G1 X53.238 Y12.43 E83.53346
G1 X53.237 Y11.241 E83.573
G1 X52.623 Y11.205 E83.59346
G1 X52.623 Y8.796 E83.67359
G1 X53.232 Y8.763 E83.69387
G1 X53.238 Y7.571 E83.73352
G1 X53.49 Y7.698 E83.7429
G1 X53.917 Y7.947 E83.75934
G1 X54.131 Y8.088 E83.76787
G1 X54.375 Y8.264 E83.77787
G1 X54.372 Y10.952 E83.86728
M204 S2000
G0 F9000 X54.212 Y11.443
M204 S500
G1 F653.2 X53.6 Y12.056 E83.89609
M204 S2000
G0 F9000 X53.397 Y11.693
M204 S500
G1 F653.2 X54.211 Y10.879 E83.93437
M204 S2000
G0 F9000 X54.211 Y10.313
M204 S500
G1 F653.2 X53.396 Y11.128 E83.97271
M204 S2000
G0 F9000 X52.898 Y11.061
M204 S500
G1 F653.2 X54.212 Y9.748 E84.03449
M204 S2000
G0 F9000 X54.212 Y9.182
M204 S500
G1 F653.2 X52.782 Y10.611 E84.10173
M204 S2000
G0 F9000 X52.782 Y10.045
M204 S500
G1 F653.2 X54.213 Y8.615 E84.16902
M204 S2000
G0 F9000 X54.041 Y8.221
M204 S500
G1 F653.2 X53.391 Y8.872 E84.19962
M204 S2000
G0 F9000 X53.346 Y8.917
M204 S500
G1 F653.2 X52.782 Y9.481 E84.22614
M204 S2000
G0 F9000 X52.343 Y9.481
G0 X52.414 Y8.598
G0 X52.955 Y8.302
G0 X53.393 Y8.304
M204 S500
G1 F653.2 X53.693 Y8.004 E84.24026
M204 S2000
G0 F9000 X54.579 Y8.249
M204 S500
;TYPE:SKIN
G1 F653.2 X54.71 Y8.401 E84.24275
G1 X54.563 Y8.549 E84.24534
G1 X54.563 Y9.114 E84.25235
M204 S2000
G0 F9000 X54.624 Y9.067
G0 X54.678 Y11.543
M204 S500
G1 F653.2 X54.523 Y11.699 E84.25601
M204 S2000
G0 F9000 X54.654 Y11.699
G0 X52.668 Y13.19
G0 X52.687 Y13.251
M204 S500
G1 F653.2 X52.594 Y13.345 E84.25821
M204 S2000
G0 F9000 X52.65 Y13.275
G0 X52.672 Y11.427
G0 X52.414 Y11.402
G0 X52.414 Y8.598
G0 X52.731 Y6.756
G0 X52.619 Y6.815
M204 S500
G1 F653.2 X52.687 Y6.748 E84.25979
M204 S2000
G0 F9000 X53.048 Y7.095
G1 F2400 E83.45979
G0 F9000 X52.569 Y8.586
G0 X52.053 Y11.209
G0 X49.235 Y11.477
G0 X48.059 Y11.425
G0 X47.533 Y11.209
G0 X47.533 Y11.286
M204 S500
;TYPE:WALL-OUTER
G1 F2400 E84.25979
G1 F653.2 X47.533 Y8.714 E84.34534
G1 X45.232 Y8.714 E84.42187
G1 X45.232 Y11.286 E84.50742
G1 X47.533 Y11.286 E84.58395
M204 S2000
G1 F2400 E83.78395
G0 F9000 X47.533 Y11.209
G0 X47.85 Y11.28
G0 X49.024 Y11.796
M204 S500
G1 F2400 E84.58395
G1 F653.2 X48.052 Y11.741 E84.61633
G1 X48.03 Y11.409 E84.62739
G1 X45.266 Y11.407 E84.71932
G1 X45.175 Y11.372 E84.72257
G1 X45.109 Y11.246 E84.7273
G1 X45.109 Y8.769 E84.80968
G1 X45.143 Y8.663 E84.81339
G1 X45.274 Y8.592 E84.81834
G1 X48.031 Y8.592 E84.91004
G1 X48.053 Y8.259 E84.92114
G1 X49.024 Y8.204 E84.95349
G1 X49.038 Y8.347 E84.95827
G1 X48.578 Y8.372 E84.97359
G1 X48.188 Y8.396 E84.98658
G1 X48.188 Y11.605 E85.09332
G1 X49.038 Y11.654 E85.12163
G1 X49.024 Y11.796 E85.12638
M204 S2000
G0 F9000 X48.059 Y11.425
G0 X47.988 Y11.137
G0 X47.966 Y11.185
M204 S500
;TYPE:SKIN
G1 F653.2 X47.862 Y11.006 E85.13177
G1 X47.862 Y9.028 E85.18326
G1 X47.775 Y8.832 E85.18884
M204 S2000
G0 F9000 X47.688 Y8.983
G1 F2400 E84.38884
;MESH:NONMESH
G0 F300 X47.688 Y8.983 Z3.8
G0 F9000 X47.733 Y8.983
G0 X48.059 Y11.425
G0 X49.201 Y12.074
G0 X49.878 Y12.111
G0 X50.558 Y12.817
G0 X51.211 Y12.83
G0 X52.649 Y12.07
G0 X52.988 Y13.03
;TIME_ELAPSED:240.014275
;LAYER:18
M204 S500
;TYPE:WALL-INNER
;MESH:3DBenchy.stl
G1 F2400 E85.18884
G1 F653.3 X52.988 Y12.729 E85.19885
G1 X52.988 Y12.728 E85.19888
G1 X52.991 Y11.622 E85.23567
G1 X52.249 Y11.58 E85.26039
G1 X52.249 Y8.42 E85.36549
G1 X52.989 Y8.38 E85.39014
G1 X52.989 Y7.209 E85.42908
G1 X52.989 Y7.043 E85.43461
G1 X52.989 Y6.97 E85.43703
G1 X53.171 Y7.043 E85.44056
G1 X53.323 Y7.11 E85.44483
G1 X53.405 Y7.146 E85.44781
G1 X53.648 Y7.264 E85.45679
G1 X53.885 Y7.391 E85.46574
G1 X54.117 Y7.526 E85.47466
G1 X54.336 Y7.666 E85.48331
G1 X54.562 Y7.821 E85.49242
G1 X54.77 Y7.975 E85.50103
G1 X54.971 Y8.137 E85.50962
G1 X55.185 Y8.322 E85.51903
G1 X55.365 Y8.489 E85.52719
G1 X55.551 Y8.675 E85.53594
G1 X55.742 Y8.883 E85.54533
G1 X55.906 Y9.071 E85.55363
G1 X56.074 Y9.283 E85.56263
G1 X56.239 Y9.506 E85.57186
G1 X56.379 Y9.711 E85.58011
G1 X56.515 Y9.927 E85.5886
G1 X56.553 Y10 E85.59134
G1 X56.398 Y10.26 E85.60141
G1 X56.246 Y10.484 E85.61041
G1 X56.087 Y10.702 E85.61939
G1 X55.926 Y10.903 E85.62795
G1 X55.75 Y11.111 E85.63701
G1 X55.578 Y11.297 E85.64544
G1 X55.392 Y11.484 E85.65421
G1 X55.194 Y11.67 E85.66325
G1 X54.989 Y11.847 E85.67226
G1 X54.778 Y12.017 E85.68127
G1 X54.565 Y12.177 E85.69013
G1 X54.357 Y12.319 E85.6985
G1 X54.127 Y12.466 E85.70758
G1 X53.897 Y12.6 E85.71644
G1 X53.657 Y12.73 E85.72552
G1 X53.419 Y12.847 E85.73434
G1 X53.266 Y12.912 E85.73986
G1 X53.265 Y12.913 E85.73991
G1 X52.988 Y13.03 E85.74574
M204 S2000
G1 F2400 E84.94574
G0 F9000 X52.742 Y13.323
G0 X50.393 Y13.948
M204 S500
;TYPE:WALL-OUTER
G1 F2400 E85.74574
G1 F653.3 X50.393 Y13.771 E85.75162
G1 X50.428 Y13.764 E85.75281
G1 X50.704 Y13.758 E85.76199
G1 X51.019 Y13.737 E85.77249
G1 X51.332 Y13.702 E85.78297
G1 X51.649 Y13.653 E85.79364
G1 X51.964 Y13.59 E85.80432
G1 X52.273 Y13.513 E85.81491
G1 X52.519 Y13.345 E85.82482
G1 X52.588 Y13.098 E85.83335
G1 X52.59 Y12 E85.86987
G1 X51.482 Y11.937 E85.90678
G1 X51.482 Y11.794 E85.91154
G1 X51.849 Y11.813 E85.92376
G1 X51.849 Y8.187 E86.04436
G1 X51.483 Y8.206 E86.05655
G1 X51.485 Y8.062 E86.06134
G1 X52.589 Y8.001 E86.09812
G1 X52.589 Y6.834 E86.13693
G1 X52.429 Y6.564 E86.14737
G1 X52.1 Y6.442 E86.15904
G1 X51.837 Y6.383 E86.16801
G1 X51.522 Y6.325 E86.17866
G1 X51.207 Y6.283 E86.18923
G1 X50.893 Y6.253 E86.19972
G1 X50.63 Y6.24 E86.20848
G1 X50.393 Y6.233 E86.21636
G1 X50.411 Y6.045 E86.22265
G1 X50.653 Y6.021 E86.23073
G1 X51.188 Y5.995 E86.24855
G1 X51.317 Y5.993 E86.25284
G1 X51.355 Y6.132 E86.25763
G1 X51.751 Y6.205 E86.27103
G1 X52.022 Y6.259 E86.28022
G1 X52.279 Y6.321 E86.28901
G1 X52.546 Y6.395 E86.29823
G1 X52.815 Y6.48 E86.30761
G1 X53.068 Y6.571 E86.31655
G1 X53.332 Y6.677 E86.32601
G1 X53.58 Y6.786 E86.33502
G1 X53.837 Y6.911 E86.34453
G1 X54.074 Y7.038 E86.35347
G1 X54.319 Y7.181 E86.36291
G1 X54.562 Y7.336 E86.37249
G1 X54.788 Y7.491 E86.38161
G1 X55.02 Y7.663 E86.39121
G1 X55.233 Y7.834 E86.4003
G1 X55.447 Y8.019 E86.40971
G1 X55.648 Y8.206 E86.41884
G1 X55.846 Y8.404 E86.42815
G1 X56.037 Y8.612 E86.43754
G1 X56.219 Y8.822 E86.44679
G1 X56.396 Y9.045 E86.45626
G1 X56.561 Y9.268 E86.46548
G1 X56.718 Y9.498 E86.47475
G1 X56.862 Y9.727 E86.48374
G1 X56.957 Y9.907 E86.49051
G1 X56.962 Y10.076 E86.49614
G1 X56.872 Y10.257 E86.50286
G1 X56.729 Y10.484 E86.51178
G1 X56.569 Y10.72 E86.52127
G1 X56.408 Y10.941 E86.53036
G1 X56.231 Y11.162 E86.53978
G1 X56.054 Y11.371 E86.54889
G1 X55.862 Y11.579 E86.5583
G1 X55.666 Y11.776 E86.56754
G1 X55.456 Y11.973 E86.57712
G1 X55.249 Y12.152 E86.58622
G1 X55.029 Y12.329 E86.59561
G1 X54.805 Y12.497 E86.60493
G1 X54.572 Y12.656 E86.61431
G1 X54.329 Y12.811 E86.6239
G1 X54.088 Y12.952 E86.63318
G1 X53.848 Y13.082 E86.64226
G1 X53.59 Y13.208 E86.65181
G1 X53.343 Y13.318 E86.6608
G1 X53.075 Y13.426 E86.67041
G1 X52.822 Y13.517 E86.67936
G1 X52.554 Y13.603 E86.68872
G1 X52.29 Y13.677 E86.69784
G1 X52.032 Y13.739 E86.70666
G1 X51.76 Y13.794 E86.71589
G1 X51.453 Y13.844 E86.72624
G1 X51.295 Y13.999 E86.7336
G1 X50.975 Y13.998 E86.74424
G1 X50.624 Y13.976 E86.75594
G1 X50.393 Y13.948 E86.76368
M204 S2000
G1 F2400 E85.96368
G0 F9000 X52.742 Y13.323
G0 X53.1 Y12.432
G0 X53.379 Y12.433
M204 S500
;TYPE:SKIN
G1 F2400 E86.76368
G1 F653.3 X53.381 Y11.253 E86.80293
G1 X52.639 Y11.211 E86.82764
G1 X52.639 Y8.79 E86.90817
G1 X53.379 Y8.749 E86.93282
G1 X53.379 Y7.567 E86.97213
G1 X53.677 Y7.721 E86.98329
G1 X53.913 Y7.859 E86.99238
G1 X54.121 Y7.992 E87.00059
G1 X54.33 Y8.135 E87.00901
G1 X54.531 Y8.284 E87.01734
G1 X54.721 Y8.437 E87.02545
G1 X54.925 Y8.613 E87.03441
G1 X55.04 Y8.72 E87.03964
G1 X55.041 Y11.278 E87.12472
G1 X54.745 Y11.543 E87.13793
G1 X54.544 Y11.705 E87.14652
G1 X54.142 Y11.993 E87.16296
G1 X53.923 Y12.133 E87.17161
G1 X53.705 Y12.26 E87.18
G1 X53.471 Y12.387 E87.18886
G1 X53.379 Y12.433 E87.19228
M204 S2000
G0 F9000 X53.746 Y12.049
M204 S500
G1 F653.3 X53.538 Y11.841 E87.20206
M204 S2000
G0 F9000 X54.092 Y11.829
M204 S500
G1 F653.3 X53.539 Y11.277 E87.22805
M204 S2000
G0 F9000 X53.353 Y11.091
M204 S500
G1 F653.3 X52.798 Y10.535 E87.25418
M204 S2000
G0 F9000 X52.798 Y9.97
M204 S500
G1 F653.3 X54.422 Y11.593 E87.33054
M204 S2000
G0 F9000 X54.732 Y11.338
M204 S500
G1 F653.3 X52.798 Y9.404 E87.42151
M204 S2000
G0 F9000 X52.895 Y8.936
M204 S500
G1 F653.3 X54.879 Y10.919 E87.51481
M204 S2000
G0 F9000 X54.879 Y10.354
M204 S500
G1 F653.3 X53.431 Y8.907 E87.58289
M204 S2000
G0 F9000 X53.538 Y8.448
M204 S500
G1 F653.3 X54.879 Y9.789 E87.64597
M204 S2000
G0 F9000 X54.879 Y9.223
M204 S500
G1 F653.3 X53.538 Y7.882 E87.70905
M204 S2000
G0 F9000 X53.099 Y7.882
G0 X53.178 Y7.252
G0 X54.239 Y7.806
G0 X55.32 Y8.684
G0 X55.322 Y8.819
M204 S500
;TYPE:SKIN
G1 F653.3 X55.221 Y9 E87.71694
M204 S2000
G0 F9000 X55.32 Y8.967
G0 X55.331 Y10.947
G0 X55.312 Y11.069
M204 S500
G1 F653.3 X55.242 Y11.282 E87.72515
M204 S2000
G0 F9000 X55.321 Y11.23
G0 X54.811 Y11.737
G0 X52.805 Y13.248
G0 X52.778 Y13.344
M204 S500
G1 F653.3 X52.717 Y13.283 E87.72658
M204 S2000
G0 F9000 X52.905 Y12.846
G1 F2400 E86.92658
G0 F9000 X52.804 Y11.798
G0 X51.43 Y12.847
G0 X50.574 Y12.823
G0 X49.901 Y11.623
G0 X49.218 Y11.583
G0 X48.053 Y11.431
G0 X47.533 Y11.226
G0 X47.533 Y11.286
M204 S500
;TYPE:WALL-OUTER
G1 F2400 E87.72658
G1 F653.3 X47.533 Y8.714 E87.81213
G1 X45.232 Y8.714 E87.88866
G1 X45.232 Y11.286 E87.9742
G1 X47.533 Y11.286 E88.05073
M204 S2000
G1 F2400 E87.25073
G0 F9000 X47.533 Y11.226
G0 X47.845 Y11.297
G0 X49.019 Y11.8
M204 S500
G1 F2400 E88.05073
G1 F653.3 X48.047 Y11.746 E88.08311
G1 X48.025 Y11.426 E88.09378
G1 X45.25 Y11.425 E88.18608
G1 X45.159 Y11.392 E88.1893
G1 X45.101 Y11.312 E88.19258
G1 X45.091 Y11.205 E88.19616
G1 X45.092 Y8.752 E88.27775
G1 X45.125 Y8.645 E88.28147
G1 X45.194 Y8.59 E88.28441
G1 X45.326 Y8.574 E88.28883
G1 X48.026 Y8.575 E88.37863
G1 X48.048 Y8.254 E88.38933
G1 X49.019 Y8.199 E88.42168
G1 X49.033 Y8.342 E88.42646
G1 X48.606 Y8.365 E88.44068
G1 X48.184 Y8.391 E88.45474
G1 X48.181 Y9.139 E88.47962
G1 X48.184 Y11.61 E88.56181
G1 X49.032 Y11.658 E88.59006
G1 X49.019 Y11.8 E88.5948
M204 S2000
G0 F9000 X48.053 Y11.431
G0 X47.981 Y11.119
G0 X47.859 Y10.969
M204 S500
;TYPE:SKIN
G1 F653.3 X47.859 Y10.686 E88.60288
G1 X47.859 Y8.99 E88.65128
G1 X47.955 Y8.803 E88.65728
M204 S2000
G0 F9000 X47.902 Y8.75
G0 X47.703 Y11.156
G0 X47.709 Y11.102
M204 S500
G1 F653.3 X47.857 Y11.25 E88.66076
M204 S2000
G0 F9000 X47.681 Y11.034
G1 F2400 E87.86076
;MESH:NONMESH
G0 F300 X47.681 Y11.034 Z4
G0 F9000 X47.733 Y11.034
G0 X47.992 Y11.355
G0 X49.196 Y12.079
G0 X49.875 Y12.109
G0 X50.574 Y12.823
G0 X51.43 Y12.847
G0 X52.809 Y12.086
G0 X53.137 Y13.03
;TIME_ELAPSED:252.971188
;LAYER:19
M204 S500
;TYPE:WALL-INNER
;MESH:3DBenchy.stl
G1 F2400 E88.66076
G1 F664 X53.137 Y12.978 E88.66249
G1 X53.137 Y12.87 E88.66609
G1 X53.137 Y12.85 E88.66675
G1 X53.136 Y11.631 E88.7073
G1 X52.265 Y11.586 E88.7363
G1 X52.265 Y8.414 E88.84181
G1 X53.136 Y8.369 E88.87081
G1 X53.136 Y7.19 E88.91003
G1 X53.136 Y7.074 E88.91389
G1 X53.136 Y6.969 E88.91738
G1 X53.387 Y7.074 E88.9227
G1 X53.492 Y7.122 E88.92594
G1 X53.615 Y7.18 E88.93046
G1 X53.853 Y7.302 E88.93936
G1 X54.089 Y7.433 E88.94833
G1 X54.312 Y7.57 E88.95704
G1 X54.548 Y7.726 E88.96645
G1 X54.765 Y7.881 E88.97532
G1 X54.967 Y8.038 E88.98383
G1 X55.173 Y8.209 E88.99273
G1 X55.382 Y8.395 E89.00204
G1 X55.573 Y8.582 E89.01093
G1 X55.766 Y8.782 E89.02017
G1 X55.927 Y8.963 E89.02823
G1 X56.098 Y9.171 E89.03718
G1 X56.257 Y9.378 E89.04587
G1 X56.463 Y9.672 E89.05781
G1 X56.661 Y9.995 E89.07041
G1 X56.51 Y10.254 E89.08038
G1 X56.364 Y10.47 E89.08905
G1 X56.21 Y10.684 E89.09782
G1 X56.05 Y10.887 E89.10642
G1 X55.876 Y11.092 E89.11536
G1 X55.681 Y11.306 E89.12499
G1 X55.504 Y11.484 E89.13334
G1 X55.313 Y11.665 E89.14209
G1 X55.101 Y11.852 E89.15149
G1 X54.907 Y12.01 E89.15981
G1 X54.657 Y12.197 E89.1702
G1 X54.449 Y12.341 E89.17861
G1 X54.218 Y12.489 E89.18774
G1 X53.976 Y12.631 E89.19707
G1 X53.76 Y12.747 E89.20522
G1 X53.528 Y12.861 E89.21382
G1 X53.511 Y12.869 E89.21443
G1 X53.266 Y12.978 E89.22134
G1 X53.137 Y13.03 E89.22349
M204 S2000
G1 F2400 E88.42349
G0 F9000 X52.888 Y13.328
G0 X51.152 Y14.004
M204 S500
;TYPE:WALL-OUTER
G1 F2400 E89.22349
G1 F664 X51.154 Y13.775 E89.23111
G1 X51.237 Y13.757 E89.23393
G1 X51.542 Y13.718 E89.24416
G1 X51.86 Y13.661 E89.2549
G1 X52.114 Y13.607 E89.26354
G1 X52.4 Y13.534 E89.27336
G1 X52.653 Y13.365 E89.28348
G1 X52.737 Y13.132 E89.29172
G1 X52.736 Y12.011 E89.329
G1 X51.501 Y11.946 E89.37013
G1 X51.499 Y11.801 E89.37496
G1 X51.865 Y11.82 E89.38715
G1 X51.865 Y8.179 E89.50825
G1 X51.498 Y8.2 E89.52047
G1 X51.498 Y8.054 E89.52533
G1 X52.736 Y7.989 E89.56656
G1 X52.736 Y6.835 E89.60494
G1 X52.626 Y6.61 E89.61327
G1 X52.362 Y6.457 E89.62342
G1 X52.082 Y6.388 E89.63301
G1 X51.825 Y6.333 E89.64176
G1 X51.542 Y6.282 E89.65132
G1 X51.24 Y6.243 E89.66145
G1 X51.152 Y6.227 E89.66442
G1 X51.152 Y5.997 E89.67207
G1 X51.433 Y5.99 E89.68142
G1 X51.478 Y5.998 E89.68294
G1 X51.528 Y6.121 E89.68736
G1 X51.973 Y6.203 E89.70241
G1 X52.233 Y6.261 E89.71127
G1 X52.506 Y6.331 E89.72064
G1 X52.769 Y6.411 E89.72978
G1 X53.025 Y6.498 E89.73878
G1 X53.292 Y6.6 E89.74828
G1 X53.542 Y6.705 E89.7573
G1 X53.797 Y6.824 E89.76666
G1 X54.047 Y6.952 E89.776
G1 X54.299 Y7.092 E89.78559
G1 X54.533 Y7.236 E89.79473
G1 X54.769 Y7.392 E89.80414
G1 X54.998 Y7.556 E89.81351
G1 X55.222 Y7.73 E89.82294
G1 X55.439 Y7.91 E89.83232
G1 X55.656 Y8.103 E89.84198
G1 X55.853 Y8.296 E89.85115
G1 X56.054 Y8.505 E89.8608
G1 X56.236 Y8.709 E89.86989
G1 X56.415 Y8.927 E89.87927
G1 X56.585 Y9.148 E89.88854
G1 X56.791 Y9.442 E89.90048
G1 X56.934 Y9.665 E89.90929
G1 X57.059 Y9.889 E89.91783
G1 X57.075 Y10.047 E89.92311
G1 X56.988 Y10.246 E89.93033
G1 X56.849 Y10.467 E89.93902
G1 X56.692 Y10.699 E89.94833
G1 X56.524 Y10.932 E89.95789
G1 X56.355 Y11.146 E89.96696
G1 X56.172 Y11.361 E89.97635
G1 X55.977 Y11.575 E89.98598
G1 X55.779 Y11.775 E89.99534
G1 X55.578 Y11.965 E90.00454
G1 X55.366 Y12.152 E90.01394
G1 X55.147 Y12.33 E90.02332
G1 X54.897 Y12.517 E90.03371
G1 X54.664 Y12.678 E90.04313
G1 X54.42 Y12.834 E90.05276
G1 X54.178 Y12.976 E90.06209
G1 X53.936 Y13.106 E90.07123
G1 X53.683 Y13.23 E90.0806
G1 X53.421 Y13.347 E90.09014
G1 X53.164 Y13.45 E90.09935
G1 X52.901 Y13.545 E90.10865
G1 X52.639 Y13.63 E90.11781
G1 X52.379 Y13.703 E90.1268
G1 X52.113 Y13.767 E90.1359
G1 X51.831 Y13.825 E90.14547
G1 X51.487 Y13.923 E90.15737
G1 X51.455 Y14.007 E90.16036
G1 X51.152 Y14.004 E90.17044
M204 S2000
G1 F2400 E89.37044
G0 F9000 X52.888 Y13.328
G0 X53.246 Y12.426
G0 X53.527 Y12.426
M204 S500
;TYPE:SKIN
G1 F2400 E90.17044
G1 F664 X53.526 Y11.261 E90.20919
G1 X52.655 Y11.215 E90.2382
G1 X52.655 Y8.785 E90.31902
G1 X53.526 Y8.739 E90.34803
G1 X53.526 Y7.573 E90.38681
G1 X53.669 Y7.646 E90.39215
G1 X53.893 Y7.77 E90.40066
G1 X54.097 Y7.896 E90.40864
G1 X54.327 Y8.048 E90.41781
G1 X54.722 Y8.342 E90.43419
G1 X54.919 Y8.505 E90.44269
G1 X55.109 Y8.674 E90.45115
G1 X55.292 Y8.853 E90.45966
G1 X55.48 Y9.048 E90.46867
G1 X55.708 Y9.311 E90.48025
G1 X55.709 Y10.687 E90.52601
G1 X55.612 Y10.803 E90.53104
G1 X55.398 Y11.037 E90.54159
G1 X55.235 Y11.201 E90.54928
G1 X55.044 Y11.382 E90.55803
G1 X54.855 Y11.55 E90.56644
G1 X54.673 Y11.698 E90.57425
G1 X54.423 Y11.885 E90.58463
G1 X54.239 Y12.013 E90.59208
G1 X54.014 Y12.157 E90.60097
G1 X53.785 Y12.291 E90.60979
G1 X53.527 Y12.426 E90.61948
M204 S2000
G0 F9000 X53.246 Y12.426
G0 X53.326 Y12.745
G0 X54.351 Y12.201
G0 X55.382 Y11.364
G0 X55.936 Y10.731
G0 X55.989 Y10.108
G0 X55.547 Y10.108
M204 S500
G1 F664 X53.686 Y11.97 E90.70704
M204 S2000
G0 F9000 X53.686 Y11.405
M204 S500
G1 F664 X55.547 Y9.544 E90.79457
M204 S2000
G0 F9000 X55.365 Y9.16
M204 S500
G1 F664 X53.429 Y11.096 E90.88564
M204 S2000
G0 F9000 X52.892 Y11.067
M204 S500
G1 F664 X55.084 Y8.875 E90.98874
M204 S2000
G0 F9000 X54.789 Y8.605
M204 S500
G1 F664 X52.814 Y10.579 E91.08162
M204 S2000
G0 F9000 X52.814 Y10.014
M204 S500
G1 F664 X54.473 Y8.356 E91.15963
M204 S2000
G0 F9000 X54.144 Y8.119
M204 S500
G1 F664 X53.685 Y8.578 E91.18122
M204 S2000
G0 F9000 X53.354 Y8.909
M204 S500
G1 F664 X52.814 Y9.449 E91.20662
M204 S2000
G0 F9000 X52.375 Y9.449
G0 X52.446 Y8.587
G0 X53.246 Y8.012
G0 X53.685 Y8.012
M204 S500
G1 F664 X53.797 Y7.9 E91.21189
M204 S2000
G0 F9000 X54.01 Y7.517
G0 X53.036 Y6.8
G0 X52.917 Y6.8
M204 S500
;TYPE:SKIN
G1 F664 X52.975 Y6.742 E91.21325
M204 S2000
G0 F9000 X52.956 Y6.792
G0 X55.059 Y8.336
G0 X55.935 Y9.269
G0 X55.989 Y9.516
G0 X55.938 Y9.436
M204 S500
G1 F664 X55.998 Y9.659 E91.22307
G1 X56.056 Y9.883 E91.23291
M204 S2000
G0 F9000 X56.113 Y10.109
M204 S500
G1 F664 X56.12 Y10.384 E91.25726
M204 S2000
G0 F9000 X56.383 Y10.121
G0 X55.56 Y11.185
G0 X54.75 Y11.889
G0 X52.962 Y13.204
G0 X52.976 Y13.245
M204 S500
G1 F664 X52.873 Y13.348 E91.25968
M204 S2000
G0 F9000 X53.07 Y12.841
G1 F2400 E90.45968
G0 F9000 X52.95 Y11.808
G0 X51.613 Y12.862
G0 X50.589 Y12.83
G0 X49.896 Y11.635
G0 X49.212 Y11.597
G0 X48.046 Y11.436
G0 X47.533 Y11.229
G0 X47.533 Y11.286
M204 S500
;TYPE:WALL-OUTER
G1 F2400 E91.25968
G1 F664 X47.533 Y8.714 E91.34523
G1 X45.232 Y8.714 E91.42176
G1 X45.232 Y11.286 E91.50731
G1 X47.533 Y11.286 E91.58384
M204 S2000
G1 F2400 E90.78384
G0 F9000 X47.533 Y11.229
G0 X47.84 Y11.3
G0 X49.013 Y11.806
M204 S500
G1 F2400 E91.58384
G1 F664 X48.042 Y11.751 E91.61618
G1 X48.02 Y11.429 E91.62692
G1 X45.252 Y11.428 E91.71898
G1 X45.144 Y11.382 E91.72289
G1 X45.088 Y11.272 E91.72699
G1 X45.089 Y8.74 E91.81121
G1 X45.134 Y8.628 E91.81522
G1 X45.248 Y8.571 E91.81946
G1 X48.021 Y8.571 E91.91169
G1 X48.043 Y8.249 E91.92243
G1 X48.623 Y8.215 E91.94175
G1 X49.013 Y8.196 E91.95474
G1 X49.028 Y8.337 E91.95945
G1 X48.634 Y8.358 E91.97258
G1 X48.178 Y8.386 E91.98777
G1 X48.176 Y8.903 E92.00497
G1 X48.177 Y11.615 E92.09517
G1 X49.028 Y11.663 E92.12352
G1 X49.013 Y11.806 E92.1283
M204 S2000
G0 F9000 X48.046 Y11.436
G0 X47.976 Y11.149
G0 X47.95 Y11.201
M204 S500
;TYPE:SKIN
G1 F664 X47.856 Y11.012 E92.13362
G1 X47.856 Y9.034 E92.18348
G1 X47.785 Y8.822 E92.18911
M204 S2000
G0 F9000 X47.676 Y8.962
G1 F2400 E91.38911
;MESH:NONMESH
G0 F300 X47.676 Y8.962 Z4.2
G0 F9000 X47.733 Y8.962
G0 X48.046 Y11.436
G0 X49.191 Y12.084
G0 X49.868 Y12.121
G0 X50.589 Y12.83
G0 X51.613 Y12.862
G0 X52.937 Y12.082
G0 X53.326 Y12.745
G0 X53.697 Y12.838
;TIME_ELAPSED:266.216580
;LAYER:20
M204 S500
;TYPE:WALL-INNER
;MESH:3DBenchy.stl
G1 F2400 E92.18911
G1 F676.9 X53.697 Y12.739 E92.1924
G1 X53.697 Y12.567 E92.19813
G1 X53.699 Y12.102 E92.21359
G1 X53.697 Y11.853 E92.22187
G1 X53.696 Y7.906 E92.35315
G1 X53.698 Y7.4 E92.36998
G1 X53.698 Y7.319 E92.37267
G1 X53.699 Y7.239 E92.37534
G1 X53.697 Y7.209 E92.37634
G1 X53.692 Y7.161 E92.37794
G1 X53.727 Y7.178 E92.37801
G1 X53.776 Y7.201 E92.37842
G1 X54.003 Y7.32 E92.38438
G1 X54.073 Y7.36 E92.38679
G1 X54.231 Y7.452 E92.39287
G1 X54.472 Y7.602 E92.40231
G1 X54.688 Y7.748 E92.41098
G1 X54.903 Y7.905 E92.41984
G1 X55.11 Y8.068 E92.4286
G1 X55.321 Y8.248 E92.43782
G1 X55.527 Y8.434 E92.44706
G1 X55.705 Y8.612 E92.45543
G1 X55.894 Y8.813 E92.4646
G1 X56.075 Y9.021 E92.47378
G1 X56.244 Y9.23 E92.48271
G1 X56.394 Y9.429 E92.491
G1 X56.565 Y9.676 E92.501
G1 X56.763 Y9.995 E92.51348
G1 X56.628 Y10.228 E92.52244
G1 X56.49 Y10.435 E92.53071
G1 X56.326 Y10.663 E92.54006
G1 X56.166 Y10.87 E92.54876
G1 X56 Y11.069 E92.55738
G1 X55.82 Y11.268 E92.5663
G1 X55.633 Y11.461 E92.57524
G1 X55.428 Y11.656 E92.58465
G1 X55.23 Y11.833 E92.59348
G1 X55.027 Y11.998 E92.60218
G1 X54.805 Y12.168 E92.61148
G1 X54.589 Y12.32 E92.62027
G1 X54.355 Y12.474 E92.62959
G1 X54.139 Y12.603 E92.63795
G1 X54.043 Y12.656 E92.6416
G1 X53.893 Y12.739 E92.64605
G1 X53.697 Y12.838 E92.64986
M204 S2000
G1 F2400 E91.84986
G0 F9000 X53.455 Y13.164
G0 X51.409 Y14.004
M204 S500
;TYPE:WALL-OUTER
G1 F2400 E92.64986
G1 F676.9 X51.409 Y13.772 E92.65757
G1 X51.562 Y13.753 E92.6627
G1 X51.881 Y13.699 E92.67346
G1 X52.136 Y13.645 E92.68213
G1 X52.392 Y13.582 E92.6909
G1 X52.572 Y13.532 E92.69711
G1 X52.841 Y13.425 E92.70674
G1 X53.101 Y13.268 E92.71684
G1 X53.296 Y13.034 E92.72698
G1 X53.299 Y12.103 E92.75794
G1 X53.297 Y11.853 E92.76626
G1 X53.296 Y7.904 E92.8976
G1 X53.299 Y7.255 E92.91919
G1 X53.27 Y6.904 E92.9309
G1 X53.001 Y6.664 E92.94289
G1 X52.738 Y6.531 E92.95269
G1 X52.46 Y6.435 E92.96248
G1 X52.121 Y6.352 E92.97408
G1 X51.861 Y6.298 E92.98292
G1 X51.562 Y6.247 E92.993
G1 X51.41 Y6.228 E92.9981
G1 X51.41 Y5.991 E93.00598
G1 X51.633 Y6.003 E93.01341
G1 X51.683 Y6.109 E93.01731
G1 X52.129 Y6.197 E93.03243
G1 X52.386 Y6.258 E93.04121
G1 X52.646 Y6.328 E93.05017
G1 X52.912 Y6.411 E93.05944
G1 X53.182 Y6.506 E93.06896
G1 X53.443 Y6.608 E93.07828
G1 X53.693 Y6.717 E93.08735
G1 X53.962 Y6.847 E93.09728
G1 X54.204 Y6.974 E93.10637
G1 X54.442 Y7.112 E93.11553
G1 X54.683 Y7.262 E93.12497
G1 X54.924 Y7.425 E93.13464
G1 X55.147 Y7.588 E93.14383
G1 X55.369 Y7.763 E93.15323
G1 X55.591 Y7.952 E93.16293
G1 X55.796 Y8.139 E93.17216
G1 X55.997 Y8.338 E93.18157
G1 X56.196 Y8.55 E93.19124
G1 X56.377 Y8.758 E93.20041
G1 X56.555 Y8.978 E93.20982
G1 X56.723 Y9.201 E93.21911
G1 X56.894 Y9.448 E93.2291
G1 X57.04 Y9.674 E93.23805
G1 X57.149 Y9.863 E93.2453
G1 X57.176 Y10.034 E93.25106
G1 X57.106 Y10.216 E93.25755
G1 X56.961 Y10.45 E93.2667
G1 X56.815 Y10.669 E93.27546
G1 X56.651 Y10.897 E93.2848
G1 X56.473 Y11.126 E93.29445
G1 X56.297 Y11.337 E93.30358
G1 X56.107 Y11.547 E93.313
G1 X55.909 Y11.751 E93.32246
G1 X55.704 Y11.946 E93.33187
G1 X55.492 Y12.134 E93.34129
G1 X55.271 Y12.315 E93.3508
G1 X55.047 Y12.487 E93.36019
G1 X54.808 Y12.655 E93.36991
G1 X54.57 Y12.811 E93.37937
G1 X54.333 Y12.953 E93.38856
G1 X54.087 Y13.089 E93.39791
G1 X53.834 Y13.216 E93.40732
G1 X53.572 Y13.337 E93.41692
G1 X53.314 Y13.444 E93.42621
G1 X53.058 Y13.539 E93.43529
G1 X52.786 Y13.629 E93.44482
G1 X52.528 Y13.705 E93.45377
G1 X52.253 Y13.775 E93.46321
G1 X51.987 Y13.833 E93.47226
G1 X51.655 Y13.901 E93.48353
G1 X51.611 Y14.003 E93.48723
G1 X51.409 Y14.004 E93.49395
M204 S2000
G1 F2400 E92.69395
G0 F9000 X53.455 Y13.164
G0 X54.231 Y12.42
G0 X54.089 Y12.179
M204 S500
;TYPE:SKIN
G1 F2400 E93.49395
G1 F676.9 X54.087 Y11.853 E93.50479
G1 X54.086 Y7.821 E93.6389
G1 X54.458 Y8.063 E93.65366
G1 X54.668 Y8.216 E93.6623
G1 X54.857 Y8.365 E93.6703
G1 X55.068 Y8.545 E93.67953
G1 X55.266 Y8.723 E93.68838
G1 X55.4 Y8.857 E93.69468
G1 X55.605 Y9.075 E93.70464
G1 X55.771 Y9.266 E93.71305
G1 X55.936 Y9.471 E93.72181
G1 X56.083 Y9.664 E93.72988
G1 X56.233 Y9.881 E93.73865
G1 X56.293 Y10.028 E93.74393
G1 X56.174 Y10.207 E93.75108
G1 X56.018 Y10.425 E93.76
G1 X55.866 Y10.62 E93.76822
G1 X55.7 Y10.819 E93.77684
G1 X55.539 Y10.997 E93.78482
G1 X55.364 Y11.178 E93.7932
G1 X55.159 Y11.373 E93.80261
G1 X54.984 Y11.53 E93.81043
G1 X54.789 Y11.688 E93.81877
G1 X54.574 Y11.854 E93.82781
G1 X54.37 Y11.997 E93.83609
G1 X54.148 Y12.143 E93.84493
G1 X54.089 Y12.179 E93.84723
M204 S2000
G0 F9000 X54.52 Y11.692
M204 S500
G1 F676.9 X54.245 Y11.417 E93.86016
M204 S2000
G0 F9000 X54.245 Y10.851
M204 S500
G1 F676.9 X54.835 Y11.441 E93.88792
M204 S2000
G0 F9000 X55.133 Y11.173
M204 S500
G1 F676.9 X54.245 Y10.285 E93.92969
M204 S2000
G0 F9000 X54.245 Y9.72
M204 S500
G1 F676.9 X55.417 Y10.892 E93.98481
M204 S2000
G0 F9000 X55.681 Y10.59
M204 S500
G1 F676.9 X54.245 Y9.155 E94.05233
M204 S2000
G0 F9000 X54.245 Y8.589
M204 S500
G1 F676.9 X55.929 Y10.272 E94.13152
M204 S2000
G0 F9000 X55.864 Y9.642
M204 S500
G1 F676.9 X54.557 Y8.335 E94.193
M204 S2000
G0 F9000 X54.105 Y7.601
M204 S500
;TYPE:SKIN
G1 F676.9 X54.022 Y7.517 E94.19496
M204 S2000
G0 F9000 X53.856 Y7.635
M204 S500
G1 F676.9 X53.929 Y7.707 E94.19667
M204 S2000
G0 F9000 X53.808 Y7.706
G0 X54.803 Y8.044
G0 X55.586 Y8.762
G0 X56.556 Y9.872
G0 X56.444 Y9.94
M204 S500
G1 F676.9 X56.549 Y10.043 E94.19911
M204 S2000
G0 F9000 X56.593 Y10.069
G0 X55.516 Y11.337
G0 X54.143 Y12.473
G0 X54.106 Y12.409
M204 S500
G1 F676.9 X54.061 Y12.364 E94.20017
M204 S2000
G0 F9000 X53.942 Y12.528
M204 S500
G1 F676.9 X53.857 Y12.443 E94.20217
M204 S2000
G0 F9000 X53.809 Y12.443
G0 X53.583 Y7.055
G0 X53.56 Y7.056
M204 S500
G1 F676.9 X53.447 Y6.943 E94.20483
M204 S2000
G0 F9000 X53.653 Y7.363
G1 F2400 E93.40483
G0 F9000 X53.497 Y11.595
G0 X52.484 Y11.595
G0 X52.304 Y11.595
M204 S500
;TYPE:WALL-INNER
G1 F2400 E94.20483
G1 F676.9 X52.281 Y11.593 E94.2056
G1 X52.281 Y10.066 E94.25638
G1 X52.251 Y10.061 E94.2574
G1 X52.076 Y10.028 E94.26332
G1 X52.076 Y9.946 E94.26605
G1 X52.242 Y9.907 E94.26771
G1 X52.281 Y9.897
G1 X52.281 Y8.408 E94.31724
G1 X52.304 Y8.406 E94.318
G1 X52.304 Y9.897 E94.32089
G1 X52.304 Y9.946
G1 X52.304 Y10.028 E94.32147
G1 X52.304 Y10.066
G1 X52.304 Y11.595 E94.32443
M204 S2000
G0 F9000 X52.704 Y12.006
M204 S500
;TYPE:WALL-OUTER
G1 F676.9 X52.579 Y12.01 E94.32859
G1 X51.514 Y11.951 E94.36407
G1 X51.514 Y11.806 E94.36889
G1 X51.881 Y11.827 E94.38112
G1 X51.881 Y10.399 E94.42861
G1 X51.676 Y10.361 E94.43555
G1 X51.676 Y9.63 E94.45986
G1 X51.881 Y9.581 E94.46687
G1 X51.881 Y8.173 E94.5137
G1 X51.514 Y8.194 E94.52593
G1 X51.514 Y8.049 E94.53075
G1 X52.696 Y7.985 E94.57012
G1 X52.704 Y8.032 E94.57171
G1 X52.704 Y12.006 E94.70388
M204 S2000
G0 F9000 X52.481 Y11.515
G1 F2400 E93.90388
G0 F9000 X52.404 Y11.515
G0 X52.101 Y11.229
G0 X50.824 Y10.914
G0 X49.896 Y11.529
G0 X49.219 Y11.492
G0 X48.043 Y11.44
G0 X47.533 Y11.229
G0 X47.533 Y11.286
M204 S500
G1 F2400 E94.70388
G1 F676.9 X47.533 Y8.714 E94.78943
G1 X45.232 Y8.714 E94.86596
G1 X45.232 Y11.286 E94.9515
G1 X47.533 Y11.286 E95.02804
M204 S2000
G1 F2400 E94.22804
G0 F9000 X47.533 Y11.229
G0 X47.834 Y11.3
G0 X49.008 Y11.81
M204 S500
G1 F2400 E95.02804
G1 F676.9 X48.036 Y11.756 E95.06041
G1 X48.015 Y11.429 E95.07131
G1 X45.252 Y11.428 E95.16321
G1 X45.146 Y11.384 E95.16703
G1 X45.088 Y11.271 E95.17125
G1 X45.088 Y8.747 E95.2552
G1 X45.116 Y8.65 E95.25856
G1 X45.256 Y8.571 E95.26391
G1 X48.015 Y8.571 E95.35567
G1 X48.037 Y8.244 E95.36657
G1 X49.008 Y8.189 E95.39892
G1 X49.022 Y8.332 E95.4037
G1 X48.663 Y8.351 E95.41565
G1 X48.172 Y8.381 E95.43202
G1 X48.172 Y11.62 E95.53975
G1 X49.022 Y11.669 E95.56806
G1 X49.008 Y11.81 E95.57278
M204 S2000
G0 F9000 X48.043 Y11.44
G0 X47.972 Y11.108
G0 X47.854 Y10.964
M204 S500
;TYPE:SKIN
G1 F676.9 X47.854 Y10.681 E95.58054
G1 X47.854 Y8.985 E95.62707
G1 X47.948 Y8.797 E95.63284
M204 S2000
G0 F9000 X47.898 Y8.746
G0 X47.703 Y11.156
G0 X47.709 Y11.103
M204 S500
G1 F676.9 X47.861 Y11.254 E95.6364
M204 S2000
G0 F9000 X47.672 Y11.038
G1 F2400 E94.8364
;MESH:NONMESH
G0 F300 X47.672 Y11.038 Z4.4
G0 F9000 X47.733 Y11.038
G0 X47.984 Y11.362
G0 X49.185 Y12.089
G0 X49.862 Y12.126
G0 X50.606 Y12.835
G0 X51.754 Y12.875
G0 X53.519 Y12.103
G0 X54.364 Y12.527
;TIME_ELAPSED:279.499211
;LAYER:21
M204 S500
;TYPE:WALL-INNER
;MESH:3DBenchy.stl
G1 F2400 E95.6364
G1 F600 X54.364 Y12.362 E95.64189
G1 X54.365 Y12.123 E95.64984
G1 X54.365 Y12.08 E95.65127
G1 X54.362 Y10.949 E95.68889
G1 X54.364 Y10.679 E95.69787
G1 X54.364 Y7.774 E95.79449
G1 X54.364 Y7.624 E95.79948
G1 X54.364 Y7.472 E95.80453
G1 X54.605 Y7.624 E95.8095
G1 X54.728 Y7.709 E95.8136
G1 X54.833 Y7.782 E95.81785
G1 X55.049 Y7.944 E95.82684
G1 X55.254 Y8.109 E95.83559
G1 X55.453 Y8.282 E95.84436
G1 X55.661 Y8.476 E95.85382
G1 X55.856 Y8.672 E95.86301
G1 X56.023 Y8.853 E95.8712
G1 X56.207 Y9.068 E95.88062
G1 X56.365 Y9.268 E95.88909
G1 X56.533 Y9.495 E95.89849
G1 X56.679 Y9.708 E95.90708
G1 X56.852 Y9.999 E95.91834
G1 X56.822 Y10.062 E95.92066
G1 X56.685 Y10.282 E95.92928
G1 X56.535 Y10.5 E95.93808
G1 X56.385 Y10.705 E95.94653
G1 X56.213 Y10.925 E95.95581
G1 X56.032 Y11.137 E95.96509
G1 X55.853 Y11.331 E95.97387
G1 X55.672 Y11.513 E95.9824
G1 X55.459 Y11.713 E95.99212
G1 X55.264 Y11.882 E96.0007
G1 X55.055 Y12.051 E96.00964
G1 X54.833 Y12.218 E96.01888
G1 X54.66 Y12.338 E96.02589
G1 X54.625 Y12.362 E96.02637
G1 X54.548 Y12.411 E96.02782
G1 X54.364 Y12.527 E96.0308
M204 S2000
G1 F2400 E95.2308
G0 F9000 X54.143 Y12.874
G0 X51.551 Y14.004
M204 S500
;TYPE:WALL-OUTER
G1 F2400 E96.0308
G1 F600 X51.551 Y13.783 E96.03815
G1 X51.709 Y13.762 E96.04345
G1 X51.966 Y13.717 E96.05213
G1 X52.286 Y13.648 E96.06302
G1 X52.542 Y13.582 E96.07181
G1 X52.797 Y13.507 E96.08065
G1 X53.116 Y13.399 E96.09185
G1 X53.431 Y13.264 E96.10325
G1 X53.69 Y13.104 E96.11338
G1 X53.935 Y12.855 E96.12499
G1 X53.964 Y12.505 E96.13667
G1 X53.965 Y12.123 E96.14938
G1 X53.962 Y10.946 E96.18853
G1 X53.964 Y10.678 E96.19744
G1 X53.964 Y7.481 E96.30377
G1 X53.931 Y7.134 E96.31537
G1 X53.676 Y6.885 E96.32722
G1 X53.419 Y6.73 E96.3372
G1 X53.149 Y6.615 E96.34696
G1 X52.874 Y6.52 E96.35664
G1 X52.616 Y6.44 E96.36563
G1 X52.356 Y6.37 E96.37458
G1 X52.093 Y6.309 E96.38356
G1 X51.832 Y6.259 E96.3924
G1 X51.554 Y6.215 E96.40176
G1 X51.553 Y5.997 E96.40901
G1 X51.781 Y6.009 E96.41661
G1 X51.839 Y6.108 E96.42042
G1 X52.195 Y6.177 E96.43248
G1 X52.526 Y6.257 E96.44381
G1 X52.786 Y6.332 E96.45281
G1 X53.052 Y6.418 E96.46211
G1 X53.316 Y6.514 E96.47145
G1 X53.576 Y6.618 E96.48076
G1 X53.847 Y6.738 E96.49062
G1 X54.093 Y6.86 E96.49975
G1 X54.348 Y6.999 E96.50941
G1 X54.587 Y7.139 E96.51863
G1 X54.833 Y7.295 E96.52832
G1 X55.061 Y7.453 E96.53754
G1 X55.289 Y7.624 E96.54702
G1 X55.516 Y7.807 E96.55672
G1 X55.726 Y7.989 E96.56596
G1 X55.934 Y8.183 E96.57542
G1 X56.14 Y8.39 E96.58513
G1 X56.327 Y8.593 E96.59431
G1 X56.511 Y8.808 E96.60373
G1 X56.687 Y9.03 E96.61315
G1 X56.855 Y9.257 E96.62254
G1 X57.018 Y9.495 E96.63214
G1 X57.157 Y9.716 E96.64082
G1 X57.256 Y9.913 E96.64815
G1 X57.261 Y10.071 E96.65341
G1 X57.174 Y10.253 E96.66012
G1 X57.022 Y10.497 E96.66968
G1 X56.864 Y10.728 E96.67899
G1 X56.7 Y10.951 E96.6882
G1 X56.517 Y11.185 E96.69808
G1 X56.334 Y11.399 E96.70744
G1 X56.147 Y11.602 E96.71662
G1 X55.946 Y11.805 E96.72612
G1 X55.733 Y12.005 E96.73584
G1 X55.524 Y12.186 E96.74504
G1 X55.296 Y12.37 E96.75478
G1 X55.069 Y12.541 E96.76423
G1 X54.84 Y12.699 E96.77349
G1 X54.6 Y12.852 E96.78295
G1 X54.362 Y12.993 E96.79216
G1 X54.112 Y13.129 E96.80162
G1 X53.852 Y13.258 E96.81128
G1 X53.602 Y13.371 E96.8204
G1 X53.341 Y13.476 E96.82976
G1 X53.072 Y13.575 E96.83929
G1 X52.807 Y13.662 E96.84857
G1 X52.541 Y13.739 E96.85778
G1 X52.278 Y13.802 E96.86677
G1 X51.998 Y13.861 E96.87629
G1 X51.814 Y13.907 E96.8826
G1 X51.751 Y14.005 E96.88647
G1 X51.551 Y14.004 E96.89313
M204 S2000
G1 F2400 E96.09313
G0 F9000 X52.349 Y14.667
G0 X53.402 Y14.358
G0 X54.507 Y13.898
G0 X54.183 Y12.514
G0 X54.474 Y11.789
G0 X54.754 Y11.789
M204 S500
;TYPE:SKIN
G1 F2400 E96.89313
G1 F600 X54.752 Y10.951 E96.921
G1 X54.754 Y10.681 E96.92998
G1 X54.754 Y8.21 E97.01216
G1 X54.998 Y8.403 E97.02251
G1 X55.192 Y8.572 E97.03107
G1 X55.384 Y8.751 E97.0398
G1 X55.569 Y8.937 E97.04852
G1 X55.736 Y9.118 E97.05672
G1 X55.901 Y9.31 E97.06514
G1 X56.051 Y9.5 E97.07319
G1 X56.211 Y9.715 E97.0821
G1 X56.4 Y10.002 E97.09353
G1 X56.358 Y10.068 E97.09613
G1 X56.214 Y10.279 E97.10463
G1 X56.077 Y10.465 E97.11231
G1 X55.905 Y10.685 E97.1216
G1 X55.576 Y11.056 E97.13809
G1 X55.405 Y11.228 E97.14616
G1 X55.192 Y11.428 E97.15588
G1 X55.019 Y11.578 E97.16349
G1 X54.815 Y11.743 E97.17222
G1 X54.754 Y11.789 E97.17476
M204 S2000
G0 F9000 X54.474 Y11.789
G0 X54.474 Y10.74
G0 X54.912 Y10.743
M204 S500
G1 F600 X55.981 Y9.676 E97.225
M204 S2000
G0 F9000 X55.731 Y9.361
M204 S500
G1 F600 X54.912 Y10.178 E97.26347
M204 S2000
G0 F9000 X54.912 Y9.613
M204 S500
G1 F600 X55.464 Y9.061 E97.28944
M204 S2000
G0 F9000 X55.18 Y8.78
M204 S500
G1 F600 X54.912 Y9.047 E97.30202
M204 S2000
G0 F9000 X54.474 Y9.047
G0 X54.556 Y7.824
G0 X55.539 Y8.596
G0 X56.392 Y9.591
G0 X56.624 Y9.963
G0 X56.544 Y10.292
G0 X56.18 Y10.041
M204 S500
G1 F600 X54.912 Y11.31 E97.36169
M204 S2000
G0 F9000 X54.599 Y11.906
M204 S500
;TYPE:SKIN
G1 F600 X54.524 Y11.981 E97.36345
M204 S2000
G0 F9000 X54.61 Y12.177
M204 S500
G1 F600 X54.787 Y12.001 E97.3676
M204 S2000
G0 F9000 X54.841 Y12.074
G0 X54.557 Y12.176
G0 X54.474 Y8.023
G0 X54.523 Y8.023
M204 S500
G1 F600 X54.676 Y7.869 E97.37121
M204 S2000
G0 F9000 X54.121 Y7.293
M204 S500
G1 F600 X54.262 Y7.152 E97.37453
M204 S2000
G0 F9000 X54.203 Y7.26
G0 X54.255 Y12.614
G0 X54.152 Y12.634
M204 S500
G1 F600 X54.269 Y12.8 E97.38015
M204 S2000
G0 F9000 X54.564 Y12.402
G1 F2400 E96.58015
G0 F9000 X54.164 Y11.596
G0 X52.519 Y11.596
G0 X52.32 Y11.6
M204 S500
;TYPE:WALL-INNER
G1 F2400 E97.38015
G1 F600 X52.296 Y11.599 E97.38095
G1 X52.297 Y10.333 E97.42306
G1 X52.092 Y10.314 E97.4299
G1 X52.092 Y9.624 E97.45285
G1 X52.298 Y9.572 E97.45992
G1 X52.295 Y8.402 E97.49883
G1 X52.319 Y8.401 E97.49963
G1 X52.319 Y9.572 E97.50185
G1 X52.319 Y9.624
G1 X52.319 Y10.314 E97.5149
G1 X52.319 Y10.332
G1 X52.32 Y11.6 E97.51736
M204 S2000
G0 F9000 X52.72 Y12.011
M204 S500
;TYPE:WALL-OUTER
G1 F600 X52.565 Y12.013 E97.52252
G1 X51.53 Y11.958 E97.55699
G1 X51.53 Y11.812 E97.56185
G1 X51.896 Y11.833 E97.57404
G1 X51.897 Y10.698 E97.61179
G1 X51.692 Y10.679 E97.61864
G1 X51.692 Y9.313 E97.66407
G1 X51.897 Y9.261 E97.67111
G1 X51.895 Y8.167 E97.70749
G1 X51.529 Y8.188 E97.71969
G1 X51.53 Y8.043 E97.72451
G1 X52.719 Y7.979 E97.76411
G1 X52.72 Y12.011 E97.89822
M204 S2000
G0 F9000 X52.496 Y11.52
G1 F2400 E97.09822
G0 F9000 X52.419 Y11.519
G0 X52.11 Y11.775
G0 X50.67 Y11.702
G0 X49.884 Y11.648
G0 X49.201 Y11.61
G0 X49.003 Y11.815
M204 S500
G1 F2400 E97.89822
G1 F600 X48.028 Y11.761 E97.9307
G1 X48.023 Y11.623 E97.93529
G1 X48.022 Y8.24 E98.04781
G1 X49.003 Y8.184 E98.08049
G1 X49.017 Y8.327 E98.08527
G1 X48.691 Y8.344 E98.09613
G1 X48.167 Y8.376 E98.11359
G1 X48.167 Y11.625 E98.22165
G1 X49.017 Y11.673 E98.24997
G1 X49.003 Y11.815 E98.25471
M204 S2000
G0 F9000 X49.09 Y11.739
G1 F2400 E97.45471
;MESH:NONMESH
G0 F300 X49.09 Y11.739 Z4.6
G0 F9000 X49.874 Y11.841
G0 X50.687 Y14.3
G0 X50.93 Y14.819
G0 X52.229 Y14.852
G0 X54.074 Y14.08
G0 X55.055 Y13.588
G0 X54.165 Y11.791
G0 X55.032 Y12.132
;TIME_ELAPSED:291.114024
;LAYER:22
M204 S500
;TYPE:WALL-INNER
;MESH:3DBenchy.stl
G1 F2400 E98.25471
G1 F600 X55.032 Y12.059 E98.25714
G1 X55.032 Y11.881 E98.26306
G1 X55.032 Y11.792 E98.26602
G1 X55.031 Y8.234 E98.38436
G1 X55.031 Y8.025 E98.39131
G1 X55.03 Y7.865 E98.39663
G1 X55.235 Y8.024 E98.40056
G1 X55.395 Y8.158 E98.40596
G1 X55.436 Y8.193 E98.40776
G1 X55.633 Y8.371 E98.41659
G1 X55.825 Y8.556 E98.42545
G1 X56.026 Y8.767 E98.43515
G1 X56.203 Y8.965 E98.44398
G1 X56.363 Y9.16 E98.45237
G1 X56.54 Y9.39 E98.46202
G1 X56.683 Y9.591 E98.47023
G1 X56.842 Y9.832 E98.47983
G1 X56.932 Y10.019 E98.48673
G1 X56.848 Y10.158 E98.49213
G1 X56.696 Y10.388 E98.5013
G1 X56.539 Y10.61 E98.51035
G1 X56.374 Y10.826 E98.51939
G1 X56.073 Y11.182 E98.53489
G1 X55.897 Y11.372 E98.54351
G1 X55.694 Y11.572 E98.55299
G1 X55.417 Y11.821 E98.56537
G1 X55.351 Y11.88 E98.56805
G1 X55.13 Y12.059 E98.57533
G1 X55.032 Y12.132 E98.57684
M204 S2000
G1 F2400 E97.77684
G0 F9000 X54.834 Y12.509
G0 X53.772 Y12.176
G0 X51.718 Y12.911
G0 X51.692 Y14.002
M204 S500
;TYPE:WALL-OUTER
G1 F2400 E98.57684
G1 F600 X51.692 Y13.79 E98.58389
G1 X51.853 Y13.765 E98.58931
G1 X52.113 Y13.717 E98.5981
G1 X52.434 Y13.643 E98.60906
G1 X52.69 Y13.573 E98.61789
G1 X52.945 Y13.496 E98.62675
G1 X53.198 Y13.409 E98.63564
G1 X53.45 Y13.311 E98.64464
G1 X53.698 Y13.204 E98.65362
G1 X53.931 Y13.093 E98.66221
G1 X54.214 Y12.927 E98.67312
G1 X54.445 Y12.737 E98.68307
G1 X54.626 Y12.469 E98.69382
G1 X54.633 Y12.156 E98.70424
G1 X54.631 Y12.082 E98.7067
G1 X54.63 Y7.835 E98.84795
G1 X54.621 Y7.506 E98.8589
G1 X54.388 Y7.212 E98.87138
G1 X54.154 Y7.034 E98.88116
G1 X53.905 Y6.894 E98.89066
G1 X53.636 Y6.768 E98.90054
G1 X53.325 Y6.639 E98.91173
G1 X53.072 Y6.547 E98.92069
G1 X52.817 Y6.464 E98.92961
G1 X52.498 Y6.373 E98.94064
G1 X52.241 Y6.312 E98.94943
G1 X51.983 Y6.258 E98.95819
G1 X51.695 Y6.205 E98.96793
G1 X51.695 Y6.003 E98.97465
G1 X51.922 Y6.01 E98.98221
G1 X51.986 Y6.109 E98.98613
G1 X52.342 Y6.183 E98.99822
G1 X52.611 Y6.249 E99.00743
G1 X52.871 Y6.324 E99.01643
G1 X53.136 Y6.411 E99.02571
G1 X53.407 Y6.51 E99.03531
G1 X53.631 Y6.601 E99.04335
G1 X53.86 Y6.702 E99.05167
G1 X54.109 Y6.822 E99.06086
G1 X54.366 Y6.958 E99.07054
G1 X54.605 Y7.096 E99.07972
G1 X54.846 Y7.248 E99.08919
G1 X55.055 Y7.39 E99.0976
G1 X55.255 Y7.534 E99.10579
G1 X55.48 Y7.708 E99.11525
G1 X55.704 Y7.896 E99.12498
G1 X55.911 Y8.083 E99.13426
G1 X56.115 Y8.28 E99.14369
G1 X56.316 Y8.491 E99.15338
G1 X56.501 Y8.698 E99.16262
G1 X56.681 Y8.917 E99.17204
G1 X56.857 Y9.147 E99.18168
G1 X57.017 Y9.371 E99.19083
G1 X57.176 Y9.612 E99.20044
G1 X57.31 Y9.833 E99.20903
G1 X57.351 Y10.01 E99.21508
G1 X57.303 Y10.178 E99.22089
G1 X57.182 Y10.378 E99.22866
G1 X57.023 Y10.619 E99.23826
G1 X56.864 Y10.844 E99.24743
G1 X56.692 Y11.069 E99.25685
G1 X56.528 Y11.267 E99.2654
G1 X56.366 Y11.454 E99.27363
G1 X56.178 Y11.657 E99.28283
G1 X55.975 Y11.857 E99.29231
G1 X55.787 Y12.029 E99.30078
G1 X55.603 Y12.191 E99.30894
G1 X55.382 Y12.37 E99.3184
G1 X55.148 Y12.545 E99.32811
G1 X54.919 Y12.704 E99.33739
G1 X54.707 Y12.841 E99.34578
G1 X54.497 Y12.967 E99.35393
G1 X54.242 Y13.109 E99.36364
G1 X53.996 Y13.234 E99.37281
G1 X53.733 Y13.356 E99.38246
G1 X53.479 Y13.462 E99.39161
G1 X53.217 Y13.561 E99.40093
G1 X52.951 Y13.65 E99.41026
G1 X52.684 Y13.73 E99.41953
G1 X52.409 Y13.801 E99.42897
G1 X52.132 Y13.863 E99.43841
G1 X51.938 Y13.921 E99.44515
G1 X51.897 Y13.996 E99.44799
G1 X51.692 Y14.002 E99.45481
M204 S2000
G1 F2400 E98.65481
G0 F9000 X52.516 Y14.659
G0 X53.772 Y12.176
G0 X54.834 Y12.509
G0 X55.618 Y11.492
G0 X55.422 Y11.292
M204 S500
;TYPE:SKIN
G1 F2400 E99.45481
G1 F600 X55.42 Y8.708 E99.54076
G1 X55.542 Y8.825 E99.54638
G1 X55.739 Y9.032 E99.55588
G1 X55.901 Y9.213 E99.56396
G1 X56.07 Y9.418 E99.5728
G1 X56.226 Y9.622 E99.58134
G1 X56.485 Y9.999 E99.59655
G1 X56.229 Y10.374 E99.61165
G1 X56.076 Y10.574 E99.62003
G1 X55.781 Y10.923 E99.63523
G1 X55.448 Y11.269 E99.6512
G1 X55.422 Y11.292 E99.65236
M204 S2000
G0 F9000 X55.774 Y10.683
M204 S500
G1 F600 X55.58 Y10.489 E99.66148
M204 S2000
G0 F9000 X56.028 Y10.371
M204 S500
G1 F600 X55.579 Y9.923 E99.68258
M204 S2000
G0 F9000 X55.579 Y9.358
M204 S500
G1 F600 X56.263 Y10.041 E99.71473
M204 S2000
G0 F9000 X56.631 Y10.285
G0 X55.526 Y11.574
G0 X55.463 Y11.503
M204 S500
;TYPE:SKIN
G1 F600 X55.494 Y11.534 E99.71546
M204 S2000
G0 F9000 X55.345 Y11.668
M204 S500
G1 F600 X55.191 Y11.514 E99.71908
M204 S2000
G0 F9000 X55.141 Y11.513
G0 X55.14 Y8.552
G0 X55.339 Y8.552
M204 S500
G1 F600 X55.188 Y8.401 E99.72263
M204 S2000
G0 F9000 X54.823 Y7.754
M204 S500
G1 F600 X54.927 Y7.575 E99.72878
M204 S2000
G0 F9000 X54.867 Y7.558
G0 X54.93 Y12.262
G0 X54.804 Y12.259
M204 S500
G1 F600 X54.987 Y12.441 E99.73307
M204 S2000
G0 F9000 X55.232 Y12.082
G1 F2400 E98.93307
G0 F9000 X54.831 Y11.606
G0 X52.516 Y11.606
G0 X52.336 Y11.606
M204 S500
;TYPE:WALL-INNER
G1 F2400 E99.73307
G1 F600 X52.312 Y11.604 E99.73388
G1 X52.312 Y10.51 E99.77026
G1 X52.243 Y10.506 E99.77256
G1 X52.245 Y10.08 E99.78673
G1 X52.242 Y9.482 E99.80662
G1 X52.312 Y9.476 E99.80896
G1 X52.312 Y8.395 E99.84491
G1 X52.336 Y8.394 E99.84571
G1 X52.336 Y9.482 E99.848
G1 X52.336 Y10.08 E99.85261
G1 X52.336 Y10.51 E99.85596
G1 X52.336 Y11.606 E99.85818
M204 S2000
G0 F9000 X52.736 Y12.015
M204 S500
;TYPE:WALL-OUTER
G1 F600 X52.527 Y12.016 E99.86513
G1 X51.549 Y11.964 E99.89771
G1 X51.545 Y11.818 E99.90256
G1 X51.912 Y11.839 E99.91479
G1 X51.912 Y10.885 E99.94652
G1 X51.708 Y10.872 E99.95332
G1 X51.708 Y10.637 E99.96113
G1 X51.842 Y10.644 E99.9656
G1 X51.845 Y10.08 E99.98436
G1 X51.841 Y9.342 E100.0089
G1 X51.708 Y9.35 E100.01333
G1 X51.708 Y9.125 E100.02082
G1 X51.912 Y9.108 E100.02763
G1 X51.912 Y8.161 E100.05912
G1 X51.545 Y8.182 E100.07135
G1 X51.549 Y8.036 E100.07621
G1 X52.729 Y7.973 E100.11551
G1 X52.736 Y8.012 E100.11683
G1 X52.736 Y12.015 E100.24997
M204 S2000
G0 F9000 X52.512 Y11.526
G1 F2400 E99.44997
G0 F9000 X52.436 Y11.526
G0 X52.126 Y11.78
G0 X50.685 Y11.705
G0 X49.879 Y11.652
G0 X49.196 Y11.614
G0 X48.998 Y11.821
M204 S500
G1 F2400 E100.24997
G1 F600 X48.026 Y11.766 E100.28235
G1 X48.018 Y11.616 E100.28735
G1 X48.017 Y8.235 E100.3998
G1 X48.998 Y8.179 E100.43248
G1 X49.012 Y8.322 E100.43726
G1 X48.72 Y8.337 E100.44698
G1 X48.163 Y8.371 E100.46554
G1 X48.16 Y9.211 E100.49348
G1 X48.162 Y9.512 E100.50349
G1 X48.16 Y9.868 E100.51533
G1 X48.163 Y11.63 E100.57394
G1 X49.012 Y11.679 E100.60222
G1 X48.998 Y11.821 E100.60697
M204 S2000
G0 F9000 X49.085 Y11.744
G1 F2400 E99.80697
;MESH:NONMESH
G0 F300 X49.085 Y11.744 Z4.8
G0 F9000 X49.209 Y11.502
G0 X49.886 Y11.539
G0 X53.766 Y11.502
G0 X54.831 Y11.501
G0 X55.699 Y11.635
;TIME_ELAPSED:301.416798
;LAYER:23
M204 S500
;TYPE:WALL-INNER
;MESH:3DBenchy.stl
G1 F2400 E100.60697
G1 F600 X55.699 Y11.578 E100.60887
G1 X55.699 Y11.381 E100.61542
G1 X55.699 Y11.206 E100.62124
G1 X55.699 Y8.774 E100.70213
G1 X55.699 Y8.718 E100.70399
G1 X55.699 Y8.528 E100.71031
G1 X55.699 Y8.365 E100.71573
G1 X55.87 Y8.528 E100.71877
G1 X56.054 Y8.718 E100.72518
G1 X56.091 Y8.759 E100.72692
G1 X56.232 Y8.914 E100.73389
G1 X56.402 Y9.116 E100.74267
G1 X56.58 Y9.345 E100.75231
G1 X56.718 Y9.535 E100.76012
G1 X56.868 Y9.759 E100.76909
G1 X57.011 Y10.004 E100.77853
G1 X56.813 Y10.326 E100.7911
G1 X56.651 Y10.558 E100.80051
G1 X56.492 Y10.771 E100.80935
G1 X56.321 Y10.981 E100.81836
G1 X56.139 Y11.189 E100.82755
G1 X56.078 Y11.254 E100.83052
G1 X55.959 Y11.381 E100.83537
G1 X55.761 Y11.578 E100.84029
G1 X55.699 Y11.635 E100.8411
M204 S2000
G1 F2400 E100.0411
G0 F9000 X55.476 Y12.087
G0 X54.431 Y11.816
G0 X51.847 Y12.909
G0 X51.837 Y13.999
M204 S500
;TYPE:WALL-OUTER
G1 F2400 E100.8411
G1 F600 X51.833 Y13.787 E100.84816
G1 X51.995 Y13.761 E100.85361
G1 X52.256 Y13.71 E100.86246
G1 X52.576 Y13.633 E100.8734
G1 X52.835 Y13.56 E100.88235
G1 X53.161 Y13.454 E100.89376
G1 X53.403 Y13.363 E100.90236
G1 X53.655 Y13.262 E100.91139
G1 X53.901 Y13.151 E100.92036
G1 X54.144 Y13.031 E100.92938
G1 X54.39 Y12.897 E100.93869
G1 X54.616 Y12.763 E100.94743
G1 X54.838 Y12.609 E100.95642
G1 X55.05 Y12.424 E100.96578
G1 X55.258 Y12.162 E100.9769
G1 X55.301 Y11.807 E100.9888
G1 X55.299 Y11.595 E100.99585
G1 X55.299 Y7.978 E101.11615
G1 X55.146 Y7.684 E101.12717
G1 X54.935 Y7.471 E101.13715
G1 X54.715 Y7.301 E101.14639
G1 X54.465 Y7.146 E101.15618
G1 X54.211 Y7.005 E101.16584
G1 X53.965 Y6.881 E101.175
G1 X53.716 Y6.765 E101.18414
G1 X53.462 Y6.659 E101.19329
G1 X53.216 Y6.566 E101.20204
G1 X52.961 Y6.479 E101.211
G1 X52.705 Y6.403 E101.21988
G1 X52.449 Y6.335 E101.22869
G1 X52.19 Y6.276 E101.23753
G1 X51.833 Y6.207 E101.24962
G1 X51.833 Y5.997 E101.25661
G1 X52.064 Y6.018 E101.26432
G1 X52.122 Y6.113 E101.26802
G1 X52.482 Y6.192 E101.28028
G1 X52.756 Y6.265 E101.28971
G1 X53.018 Y6.342 E101.29879
G1 X53.276 Y6.43 E101.30786
G1 X53.546 Y6.532 E101.31746
G1 X53.816 Y6.646 E101.32721
G1 X54.055 Y6.757 E101.33597
G1 X54.308 Y6.886 E101.34542
G1 X54.563 Y7.027 E101.35511
G1 X54.8 Y7.17 E101.36432
G1 X55.044 Y7.33 E101.37402
G1 X55.272 Y7.491 E101.3833
G1 X55.504 Y7.668 E101.39301
G1 X55.718 Y7.845 E101.40225
G1 X55.937 Y8.039 E101.41198
G1 X56.146 Y8.238 E101.42158
G1 X56.341 Y8.439 E101.43089
G1 X56.528 Y8.645 E101.44014
G1 X56.718 Y8.871 E101.44996
G1 X56.896 Y9.1 E101.45961
G1 X57.051 Y9.313 E101.46837
G1 X57.208 Y9.548 E101.47777
G1 X57.351 Y9.778 E101.48678
G1 X57.422 Y9.955 E101.49312
G1 X57.403 Y10.123 E101.49875
G1 X57.293 Y10.319 E101.50622
G1 X57.141 Y10.555 E101.51556
G1 X56.971 Y10.798 E101.52542
G1 X56.802 Y11.024 E101.53481
G1 X56.631 Y11.234 E101.54382
G1 X56.431 Y11.463 E101.55393
G1 X56.25 Y11.656 E101.56273
G1 X56.043 Y11.862 E101.57244
G1 X55.839 Y12.05 E101.58167
G1 X55.622 Y12.236 E101.59118
G1 X55.398 Y12.414 E101.60069
G1 X55.152 Y12.596 E101.61087
G1 X54.933 Y12.744 E101.61966
G1 X54.691 Y12.897 E101.62918
G1 X54.429 Y13.049 E101.63926
G1 X54.185 Y13.179 E101.64845
G1 X53.942 Y13.297 E101.65744
G1 X53.672 Y13.416 E101.66725
G1 X53.416 Y13.518 E101.67642
G1 X53.158 Y13.611 E101.68554
G1 X52.891 Y13.696 E101.69486
G1 X52.616 Y13.774 E101.70437
G1 X52.336 Y13.841 E101.71394
G1 X52.075 Y13.937 E101.72319
G1 X52.037 Y13.992 E101.72541
G1 X51.837 Y13.999 E101.73207
M204 S2000
G1 F2400 E100.93207
G0 F9000 X52.625 Y14.658
G0 X54.431 Y11.816
G0 X55.476 Y12.087
G0 X56.303 Y10.827
G0 X56.089 Y10.649
M204 S500
;TYPE:SKIN
G1 F2400 E101.73207
G1 F600 X56.089 Y9.349 E101.77531
G1 X56.264 Y9.575 E101.78482
G1 X56.537 Y9.966 E101.80068
G1 X56.556 Y9.999 E101.80194
G1 X56.493 Y10.102 E101.80596
G1 X56.331 Y10.334 E101.81537
G1 X56.18 Y10.537 E101.82379
G1 X56.089 Y10.649 E101.82858
M204 S2000
G0 F9000 X56.248 Y9.974
M204 S500
G1 F600 X56.305 Y9.917 E101.83127
M204 S2000
G0 F9000 X55.858 Y9.233
M204 S500
;TYPE:SKIN
G1 F600 X56.091 Y9 E101.83675
M204 S2000
G0 F9000 X55.957 Y8.851
M204 S500
G1 F600 X55.858 Y8.95 E101.83907
M204 S2000
G0 F9000 X55.809 Y8.95
G0 X55.809 Y10.799
G0 X55.988 Y10.799
M204 S500
G1 F600 X55.858 Y10.929 E101.84213
M204 S2000
G0 F9000 X55.882 Y11.188
M204 S500
G1 F600 X56.198 Y10.872 E101.84956
M204 S2000
G0 F9000 X56.239 Y10.906
G0 X55.71 Y11.762
G0 X55.738 Y11.897
M204 S500
G1 F600 X55.528 Y11.824 E101.85483
M204 S2000
G0 F9000 X55.591 Y11.902
G0 X55.599 Y8.204
G0 X55.473 Y8.204
M204 S500
G1 F600 X55.654 Y8.023 E101.85908
M204 S2000
G0 F9000 X55.899 Y8.341
G1 F2400 E101.05908
G0 F9000 X55.861 Y8.38
G0 X55.519 Y11.595
G0 X54.435 Y11.608
G0 X53.616 Y11.594
G0 X52.551 Y11.595
G0 X52.352 Y11.612
M204 S500
;TYPE:WALL-INNER
G1 F2400 E101.85908
G1 F600 X52.328 Y11.61 E101.85988
G1 X52.328 Y10.702 E101.89008
G1 X52.258 Y10.692 E101.89244
G1 X52.259 Y9.308 E101.93847
G1 X52.338 Y9.297 E101.94112
G1 X52.327 Y8.648 E101.96271
G1 X52.328 Y8.389 E101.97132
G1 X52.351 Y8.388 E101.97209
G1 X52.351 Y8.648 E101.97262
G1 X52.351 Y9.297 E101.97362
G1 X52.351 Y9.308
G1 X52.351 Y10.701 E101.98447
G1 X52.352 Y11.612 E101.9863
M204 S2000
G0 F9000 X52.752 Y12.026
M204 S500
;TYPE:WALL-OUTER
G1 F600 X52.489 Y12.019 E101.99505
G1 X51.561 Y11.97 E102.02596
G1 X51.561 Y11.825 E102.03079
G1 X51.928 Y11.844 E102.04301
G1 X51.928 Y11.049 E102.06945
G1 X51.724 Y11.02 E102.0763
G1 X51.724 Y10.909 E102.07999
G1 X51.858 Y10.918 E102.08446
G1 X51.86 Y9.633 E102.1272
G1 X51.858 Y9.081 E102.14556
G1 X51.723 Y9.091 E102.15006
G1 X51.724 Y8.981 E102.15372
G1 X51.932 Y8.951 E102.16071
G1 X51.927 Y8.646 E102.17086
G1 X51.929 Y8.156 E102.18716
G1 X51.561 Y8.175 E102.19941
G1 X51.561 Y8.03 E102.20423
G1 X52.741 Y7.967 E102.24354
G1 X52.751 Y8.042 E102.24605
G1 X52.752 Y12.026 E102.37856
M204 S2000
G0 F9000 X52.528 Y11.533
G1 F2400 E101.57856
G0 F9000 X52.451 Y11.532
G0 X52.142 Y11.786
G0 X50.702 Y11.71
G0 X49.874 Y11.657
G0 X49.191 Y11.619
G0 X48.992 Y11.826
M204 S500
G1 F2400 E102.37856
G1 F600 X48.021 Y11.771 E102.41091
G1 X48.012 Y11.615 E102.41611
G1 X48.012 Y8.23 E102.52869
G1 X48.992 Y8.174 E102.56134
G1 X49.006 Y8.317 E102.56612
G1 X48.156 Y8.365 E102.59444
G1 X48.156 Y11.635 E102.7032
G1 X49.007 Y11.683 E102.73155
G1 X48.992 Y11.826 E102.73633
M204 S2000
G0 F9000 X49.079 Y11.749
G1 F2400 E101.93633
;MESH:NONMESH
G0 F300 X49.079 Y11.749 Z5
G0 F9000 X49.204 Y11.507
G0 X49.881 Y11.544
G0 X54.434 Y11.507
G0 X55.519 Y11.507
G0 X56.365 Y11.008
;TIME_ELAPSED:311.092026
;LAYER:24
M204 S500
;TYPE:WALL-INNER
;MESH:3DBenchy.stl
G1 F2400 E102.73633
G1 F600 X56.365 Y10.819 E102.74261
G1 X56.367 Y10.604 E102.74976
G1 X56.367 Y10.469 E102.75425
G1 X56.367 Y9.526 E102.78562
G1 X56.367 Y9.375 E102.79064
G1 X56.366 Y9.169 E102.79749
G1 X56.365 Y8.994 E102.80331
G1 X56.51 Y9.168 E102.80568
G1 X56.669 Y9.374 E102.8111
G1 X56.756 Y9.497 E102.81553
G1 X56.833 Y9.604 E102.81991
G1 X56.98 Y9.827 E102.8288
G1 X57.08 Y10.005 E102.83559
G1 X56.996 Y10.148 E102.8411
G1 X56.843 Y10.381 E102.85038
G1 X56.757 Y10.501 E102.85529
G1 X56.679 Y10.611 E102.85927
G1 X56.569 Y10.756 E102.86318
G1 X56.521 Y10.819 E102.86352
G1 X56.365 Y11.008 E102.86621
M204 S2000
G1 F2400 E102.06621
G0 F9000 X56.174 Y11.503
G0 X55.103 Y11.332
G0 X51.963 Y12.904
G0 X51.977 Y13.994
M204 S500
;TYPE:WALL-OUTER
G1 F2400 E102.86621
G1 F600 X51.974 Y13.779 E102.87336
G1 X52.136 Y13.751 E102.87883
G1 X52.394 Y13.697 E102.8876
G1 X52.651 Y13.633 E102.89641
G1 X52.904 Y13.562 E102.90515
G1 X53.164 Y13.478 E102.91423
G1 X53.416 Y13.387 E102.92315
G1 X53.667 Y13.286 E102.93214
G1 X53.914 Y13.176 E102.94114
G1 X54.158 Y13.058 E102.95015
G1 X54.429 Y12.915 E102.96034
G1 X54.661 Y12.779 E102.96929
G1 X54.888 Y12.636 E102.97821
G1 X55.11 Y12.484 E102.98716
G1 X55.304 Y12.341 E102.99518
G1 X55.515 Y12.165 E103.00431
G1 X55.719 Y11.956 E103.01403
G1 X55.899 Y11.699 E103.02446
G1 X55.967 Y11.492 E103.03171
G1 X55.965 Y11.009 E103.04778
G1 X55.967 Y10.603 E103.06128
G1 X55.965 Y8.747 E103.12301
G1 X55.959 Y8.446 E103.13302
G1 X55.807 Y8.157 E103.14388
G1 X55.623 Y7.941 E103.15332
G1 X55.424 Y7.754 E103.1624
G1 X55.2 Y7.58 E103.17184
G1 X54.979 Y7.425 E103.18082
G1 X54.75 Y7.277 E103.18988
G1 X54.517 Y7.136 E103.19894
G1 X54.279 Y7.004 E103.20799
G1 X54.036 Y6.881 E103.21705
G1 X53.791 Y6.767 E103.22604
G1 X53.543 Y6.662 E103.235
G1 X53.29 Y6.566 E103.244
G1 X53.036 Y6.48 E103.25292
G1 X52.781 Y6.402 E103.26179
G1 X52.522 Y6.334 E103.27069
G1 X52.264 Y6.274 E103.2795
G1 X51.975 Y6.214 E103.28932
G1 X51.974 Y6.002 E103.29637
G1 X52.201 Y6.028 E103.30397
G1 X52.251 Y6.12 E103.30745
G1 X52.667 Y6.221 E103.32169
G1 X52.935 Y6.296 E103.33095
G1 X53.208 Y6.382 E103.34047
G1 X53.466 Y6.475 E103.34959
G1 X53.734 Y6.582 E103.35919
G1 X53.992 Y6.696 E103.36857
G1 X54.259 Y6.825 E103.37843
G1 X54.502 Y6.955 E103.3876
G1 X54.747 Y7.097 E103.39702
G1 X54.977 Y7.242 E103.40606
G1 X55.213 Y7.403 E103.41556
G1 X55.46 Y7.583 E103.42573
G1 X55.676 Y7.755 E103.43491
G1 X55.899 Y7.945 E103.44465
G1 X56.103 Y8.132 E103.45386
G1 X56.31 Y8.338 E103.46357
G1 X56.584 Y8.624 E103.47675
G1 X56.621 Y8.553 E103.47941
G1 X56.588 Y8.637 E103.48241
G1 X56.827 Y8.924 E103.49483
G1 X56.995 Y9.142 E103.50399
G1 X57.159 Y9.372 E103.51338
G1 X57.314 Y9.607 E103.52274
G1 X57.442 Y9.818 E103.53095
G1 X57.492 Y9.982 E103.53666
G1 X57.461 Y10.146 E103.54221
G1 X57.33 Y10.368 E103.55078
G1 X57.169 Y10.613 E103.56053
G1 X57.005 Y10.843 E103.56993
G1 X56.829 Y11.074 E103.57959
G1 X56.591 Y11.362 E103.59201
G1 X56.624 Y11.446 E103.59501
G1 X56.581 Y11.494 E103.59716
G1 X56.542 Y11.428 E103.59971
G1 X56.161 Y11.811 E103.61768
G1 X55.96 Y12.001 E103.62687
G1 X55.744 Y12.189 E103.6364
G1 X55.523 Y12.368 E103.64586
G1 X55.298 Y12.537 E103.65522
G1 X55.069 Y12.696 E103.66449
G1 X54.824 Y12.855 E103.6742
G1 X54.587 Y12.996 E103.68338
G1 X54.338 Y13.132 E103.69281
G1 X54.078 Y13.263 E103.7025
G1 X53.827 Y13.377 E103.71166
G1 X53.56 Y13.489 E103.7213
G1 X53.304 Y13.584 E103.73038
G1 X53.037 Y13.672 E103.73973
G1 X52.77 Y13.751 E103.74899
G1 X52.492 Y13.823 E103.75854
G1 X52.23 Y13.896 E103.76759
G1 X52.173 Y13.986 E103.77113
G1 X51.977 Y13.994 E103.77765
M204 S2000
G1 F2400 E102.97765
G0 F9000 X52.777 Y14.639
G0 X55.103 Y11.332
G0 X56.174 Y11.503
G0 X56.202 Y11.394
M204 S500
;TYPE:SKIN
G1 F2400 E103.77765
G1 F600 X56.31 Y11.219 E103.78038
G1 X56.692 Y9.905 E103.7985
M204 S2000
G0 F9000 X56.845 Y10.057
G0 X56.374 Y8.848
G0 X56.284 Y8.649
M204 S500
G1 F600 X56.183 Y8.83 E103.80761
M204 S2000
G0 F9000 X56.235 Y9.15
G1 F2400 E103.00761
G0 F9000 X56.266 Y9.151
G0 X56.185 Y11.01
G0 X55.101 Y11.014
G0 X53.632 Y11.01
G0 X52.547 Y11.01
G0 X52.343 Y11.617
M204 S500
;TYPE:WALL-INNER
G1 F2400 E103.80761
G1 F600 X52.346 Y10.73 E103.83711
G1 X52.276 Y10.725 E103.83945
G1 X52.276 Y9.25 E103.8885
G1 X52.346 Y9.243 E103.89084
G1 X52.343 Y8.384 E103.91942
G1 X52.367 Y8.382 E103.92022
G1 X52.367 Y9.25 E103.92202
G1 X52.367 Y10.73 E103.93331
G1 X52.367 Y11.618 E103.93499
G1 X52.343 Y11.617 E103.93579
M204 S2000
G0 F9000 X51.577 Y11.975
M204 S500
;TYPE:WALL-OUTER
G1 F600 X51.577 Y11.831 E103.94058
G1 X51.942 Y11.85 E103.95274
G1 X51.945 Y11.102 E103.97762
G1 X51.739 Y11.087 E103.98449
G1 X51.74 Y11.046 E103.98585
G1 X51.876 Y11.051 E103.99038
G1 X51.876 Y8.947 E104.06036
G1 X51.739 Y8.953 E104.06492
G1 X51.739 Y8.9 E104.06668
G1 X51.945 Y8.88 E104.07356
G1 X51.942 Y8.15 E104.09784
G1 X51.577 Y8.169 E104.11
G1 X51.577 Y8.025 E104.11479
G1 X52.754 Y7.961 E104.154
G1 X52.767 Y8.073 E104.15775
G1 X52.767 Y12.035 E104.28952
G1 X52.718 Y12.038 E104.29116
G1 X51.577 Y11.975 E104.32916
M204 S2000
G0 F9000 X52.167 Y11.532
G1 F2400 E103.52916
G0 F9000 X52.243 Y11.532
G0 X52.156 Y11.793
G0 X50.717 Y11.718
G0 X49.869 Y11.659
G0 X49.187 Y11.62
G0 X48.987 Y11.831
M204 S500
G1 F2400 E104.32916
G1 F600 X48.016 Y11.776 E104.36151
G1 X48.007 Y11.614 E104.36691
G1 X48.007 Y8.225 E104.47963
G1 X48.987 Y8.169 E104.51227
G1 X49.001 Y8.312 E104.51705
G1 X48.151 Y8.36 E104.54537
G1 X48.151 Y11.64 E104.65446
G1 X49.001 Y11.688 E104.68278
G1 X48.987 Y11.831 E104.68756
M204 S2000
G0 F9000 X49.074 Y11.754
G1 F2400 E103.88756
;MESH:NONMESH
G0 F300 X49.074 Y11.754 Z5.2
G0 F9000 X49.199 Y11.512
G0 X49.876 Y11.55
G0 X55.102 Y10.6
G0 X56.187 Y10.603
G0 X56.213 Y8.606
G0 X56.223 Y8.426
;TIME_ELAPSED:319.831474
;LAYER:25
M204 S500
;TYPE:WALL-OUTER
;MESH:3DBenchy.stl
G1 F2400 E104.68756
G1 F600 X56.032 Y8.224 E104.6968
G1 X55.813 Y8.023 E104.70669
G1 X55.597 Y7.84 E104.71611
G1 X55.379 Y7.668 E104.72534
G1 X55.155 Y7.505 E104.73456
G1 X54.925 Y7.35 E104.74378
G1 X54.69 Y7.204 E104.75298
G1 X54.466 Y7.074 E104.7616
G1 X54.226 Y6.947 E104.77063
G1 X53.982 Y6.828 E104.77966
G1 X53.707 Y6.706 E104.78966
G1 X53.453 Y6.606 E104.79874
G1 X53.196 Y6.514 E104.80782
G1 X52.938 Y6.431 E104.81684
G1 X52.677 Y6.357 E104.82586
G1 X52.397 Y6.291 E104.83543
G1 X52.149 Y6.24 E104.84385
G1 X52.118 Y6.23 E104.84493
G1 X52.115 Y6.013 E104.85215
G1 X52.339 Y6.029 E104.85962
G1 X52.423 Y6.146 E104.86441
G1 X52.839 Y6.252 E104.87869
G1 X53.082 Y6.325 E104.88713
G1 X53.35 Y6.414 E104.89652
G1 X53.606 Y6.509 E104.9056
G1 X53.873 Y6.619 E104.91521
G1 X54.095 Y6.719 E104.9233
G1 X54.342 Y6.841 E104.93247
G1 X54.591 Y6.975 E104.94187
G1 X54.837 Y7.12 E104.95137
G1 X55.049 Y7.255 E104.95973
G1 X55.252 Y7.392 E104.96787
G1 X55.483 Y7.56 E104.97737
G1 X55.707 Y7.735 E104.98683
G1 X55.904 Y7.902 E104.99542
G1 X56.083 Y8.062 E105.0034
G1 X56.324 Y8.29 E105.01444
G1 X56.223 Y8.426 E105.02007
M204 S2000
G0 F9000 X56.863 Y9.279
G0 X57.033 Y10.183
M204 S500
;TYPE:WALL-INNER
G1 F600 X57.033 Y10.015 E105.02566
G1 X57.033 Y9.818 E105.03221
G1 X57.136 Y10.015 E105.0337
G1 X57.033 Y10.183 E105.03517
M204 S2000
G0 F9000 X56.863 Y10.722
G0 X56.836 Y11.243
M204 S500
;TYPE:WALL-OUTER
G1 F600 X56.562 Y11.12 E105.04516
G1 X56.632 Y10.861 E105.05408
G1 X56.633 Y9.647 E105.09446
G1 X56.632 Y9.119 E105.11202
G1 X56.555 Y8.862 E105.12095
G1 X56.811 Y8.789 E105.1298
G1 X56.858 Y8.763 E105.13159
G1 X56.804 Y8.818 E105.13415
G1 X57.073 Y9.171 E105.14891
G1 X57.218 Y9.374 E105.15721
G1 X57.378 Y9.615 E105.16683
G1 X57.501 Y9.814 E105.17461
G1 X57.552 Y9.991 E105.18074
G1 X57.512 Y10.166 E105.18671
G1 X57.384 Y10.377 E105.19492
G1 X57.229 Y10.612 E105.20428
G1 X57.064 Y10.842 E105.2137
G1 X56.791 Y11.199 E105.22864
G1 X56.836 Y11.243 E105.23074
M204 S2000
G1 F2400 E104.43074
G0 F9000 X56.873 Y10.679
G0 X55.768 Y10.749
G0 X52.105 Y12.92
G0 X52.116 Y13.987
M204 S500
G1 F2400 E105.23074
G1 F600 X52.117 Y13.766 E105.23809
G1 X52.315 Y13.728 E105.24479
G1 X52.634 Y13.654 E105.25568
G1 X52.949 Y13.566 E105.26656
G1 X53.202 Y13.484 E105.27541
G1 X53.453 Y13.395 E105.28427
G1 X53.699 Y13.297 E105.29307
G1 X53.943 Y13.191 E105.30192
G1 X54.184 Y13.075 E105.31082
G1 X54.421 Y12.951 E105.31971
G1 X54.654 Y12.818 E105.32864
G1 X54.882 Y12.677 E105.33755
G1 X55.106 Y12.529 E105.34648
G1 X55.324 Y12.373 E105.3554
G1 X55.542 Y12.205 E105.36455
G1 X55.754 Y12.03 E105.3737
G1 X55.96 Y11.845 E105.3829
G1 X56.164 Y11.642 E105.39248
G1 X56.242 Y11.551 E105.39646
G1 X56.368 Y11.777 E105.40507
G1 X56.287 Y11.749 E105.40792
G1 X55.966 Y12.044 E105.42242
G1 X55.749 Y12.23 E105.43193
G1 X55.555 Y12.385 E105.44018
G1 X55.354 Y12.535 E105.44853
G1 X55.121 Y12.698 E105.45798
G1 X54.915 Y12.832 E105.46616
G1 X54.632 Y13.002 E105.47714
G1 X54.2 Y13.23 E105.49339
G1 X53.972 Y13.337 E105.50176
G1 X53.72 Y13.446 E105.51089
G1 X53.416 Y13.563 E105.52173
G1 X52.957 Y13.714 E105.5378
G1 X52.679 Y13.79 E105.54738
G1 X52.342 Y13.893 E105.55911
G1 X52.312 Y13.971 E105.56188
G1 X52.116 Y13.987 E105.56843
M204 S2000
G1 F2400 E104.76843
G0 F9000 X52.133 Y12.882
G0 X55.768 Y10.749
G0 X56.838 Y10.798
G0 X56.905 Y10.731
M204 S500
;TYPE:SKIN
G1 F2400 E105.56843
G1 F600 X56.908 Y10.445 E105.57227
G1 X56.872 Y9.351 E105.58698
M204 S2000
G1 F2400 E104.78698
G0 F9000 X56.897 Y9.441
G0 X56.852 Y10.769
G0 X55.768 Y10.749
G0 X53.648 Y10.769
G0 X52.563 Y10.769
G0 X52.291 Y10.764
M204 S500
;TYPE:WALL-INNER
G1 F2400 E105.58698
G1 F600 X52.291 Y9.237 E105.63777
G1 X52.36 Y9.234 E105.64007
G1 X52.36 Y8.377 E105.66857
G1 X52.383 Y8.376 E105.66934
G1 X52.383 Y9.237 E105.67105
G1 X52.383 Y10.77 E105.68289
G1 X52.383 Y11.625 E105.71132
G1 X52.359 Y11.623 E105.71212
G1 X52.363 Y10.77 E105.71366
G1 X52.291 Y10.764 E105.71606
M204 S2000
G0 F9000 X51.756 Y11.121
M204 S500
;TYPE:WALL-OUTER
G1 F600 X51.891 Y11.123 E105.72055
G1 X51.892 Y10.057 E105.75601
G1 X51.755 Y10.047 E105.76057
G1 X51.755 Y9.954 E105.76367
G1 X51.891 Y9.944 E105.7682
G1 X51.891 Y8.876 E105.80373
G1 X51.754 Y8.857 E105.80833
G1 X51.96 Y8.849 E105.81518
G1 X51.96 Y8.142 E105.8387
G1 X51.592 Y8.163 E105.85096
G1 X51.593 Y8.019 E105.85575
G1 X52.77 Y7.954 E105.89495
G1 X52.783 Y8.068 E105.89877
G1 X52.783 Y12.044 E106.03101
G1 X52.748 Y12.045 E106.03218
G1 X51.593 Y11.981 E106.07065
G1 X51.593 Y11.837 E106.07544
G1 X51.958 Y11.856 E106.0876
G1 X51.961 Y11.138 E106.11148
G1 X51.756 Y11.121 E106.11832
M204 S2000
G0 F9000 X52.183 Y10.677
G1 F2400 E105.31832
G0 F9000 X52.191 Y10.677
G0 X52.172 Y11.799
G0 X50.733 Y11.726
G0 X49.863 Y11.668
G0 X49.18 Y11.63
G0 X48.982 Y11.836
M204 S500
G1 F2400 E106.11832
G1 F600 X48.007 Y11.78 E106.1508
G1 X48.002 Y11.623 E106.15603
G1 X48.002 Y8.22 E106.26921
G1 X48.982 Y8.164 E106.30186
G1 X48.996 Y8.307 E106.30664
G1 X48.146 Y8.355 E106.33495
G1 X48.145 Y10.54 E106.40763
G1 X48.146 Y11.645 E106.44438
G1 X48.996 Y11.693 E106.4727
G1 X48.982 Y11.836 E106.47747
M204 S2000
G0 F9000 X49.069 Y11.759
G1 F2400 E105.67747
;MESH:NONMESH
G0 F300 X49.069 Y11.759 Z5.4
G0 F9000 X49.159 Y12.114
G0 X49.836 Y12.151
G0 X51.251 Y13.975
G0 X52.257 Y13.977
;TIME_ELAPSED:327.959174
;LAYER:26
M204 S500
;TYPE:WALL-OUTER
;MESH:3DBenchy.stl
G1 F2400 E106.47747
G1 F600 X52.257 Y13.747 E106.48512
G1 X52.505 Y13.695 E106.49355
G1 X52.758 Y13.632 E106.50222
G1 X53.039 Y13.551 E106.51195
G1 X53.319 Y13.46 E106.52174
G1 X53.626 Y13.345 E106.53265
G1 X53.869 Y13.243 E106.54141
G1 X54.109 Y13.134 E106.55018
G1 X54.407 Y12.984 E106.56128
G1 X54.691 Y12.824 E106.57212
G1 X54.936 Y12.673 E106.58169
G1 X55.162 Y12.523 E106.59071
G1 X55.384 Y12.364 E106.59979
G1 X55.601 Y12.196 E106.60892
G1 X55.811 Y12.022 E106.61799
G1 X56.043 Y11.813 E106.62838
G1 X56.142 Y11.928 E106.63342
G1 X55.911 Y12.132 E106.64367
G1 X55.691 Y12.313 E106.65315
G1 X55.46 Y12.49 E106.66283
G1 X55.234 Y12.651 E106.67206
G1 X54.997 Y12.807 E106.6815
G1 X54.748 Y12.959 E106.6912
G1 X54.501 Y13.098 E106.70062
G1 X54.249 Y13.227 E106.71004
G1 X53.988 Y13.349 E106.71962
G1 X53.741 Y13.453 E106.72854
G1 X53.472 Y13.557 E106.73813
G1 X53.213 Y13.646 E106.74724
G1 X52.947 Y13.728 E106.7565
G1 X52.648 Y13.809 E106.7668
G1 X52.521 Y13.864 E106.7714
G1 X52.46 Y13.961 E106.77521
G1 X52.257 Y13.977 E106.78199
M204 S2000
G1 F2400 E105.98199
G0 F9000 X52.395 Y13.859
G0 X52.514 Y11.836
G0 X52.375 Y11.628
M204 S500
;TYPE:WALL-INNER
G1 F2400 E106.78199
G1 F600 X52.372 Y10.809 E106.80923
G1 X52.307 Y10.8 E106.81141
G1 X52.307 Y9.239 E106.86333
G1 X52.372 Y9.239 E106.86549
G1 X52.376 Y8.371 E106.89436
G1 X52.399 Y8.369 E106.89513
G1 X52.399 Y9.239 E106.89697
G1 X52.399 Y10.809 E106.90913
G1 X52.399 Y11.629 E106.91089
G1 X52.375 Y11.628 E106.91169
M204 S2000
G0 F9000 X51.608 Y11.843
M204 S500
;TYPE:WALL-OUTER
G1 F600 X51.976 Y11.864 E106.92395
G1 X51.973 Y11.158 E106.94743
G1 X51.907 Y11.149 E106.94964
G1 X51.907 Y10.139 E106.98324
G1 X51.772 Y10.138 E106.98773
G1 X51.771 Y9.838 E106.9977
G1 X51.907 Y9.819 E107.00227
G1 X51.907 Y8.881 E107.03347
G1 X51.771 Y8.842 E107.03817
G1 X51.974 Y8.841 E107.04493
G1 X51.977 Y8.135 E107.06841
G1 X51.608 Y8.156 E107.0807
G1 X51.611 Y8.012 E107.08549
G1 X52.786 Y7.948 E107.12463
G1 X52.799 Y8.063 E107.12848
G1 X52.799 Y12.05 E107.26109
G1 X52.767 Y12.051 E107.26215
G1 X52.368 Y12.028 E107.27545
G1 X52.286 Y12.025 E107.27817
G1 X51.611 Y11.987 E107.30066
G1 X51.608 Y11.843 E107.30545
M204 S2000
G0 F9000 X52.199 Y11.543
G1 F2400 E106.50545
G0 F9000 X52.275 Y11.544
G0 X52.19 Y11.805
G0 X50.748 Y11.729
G0 X49.859 Y11.659
G0 X49.176 Y11.618
G0 X48.977 Y11.841
M204 S500
G1 F2400 E107.30545
G1 F600 X48.003 Y11.785 E107.3379
G1 X47.997 Y11.622 E107.34333
G1 X47.996 Y8.215 E107.45664
G1 X48.977 Y8.159 E107.48932
G1 X48.99 Y8.302 E107.4941
G1 X48.142 Y8.35 E107.52235
G1 X48.139 Y9.211 E107.55099
G1 X48.142 Y11.65 E107.63211
G1 X48.99 Y11.698 E107.66036
G1 X48.977 Y11.841 E107.66513
M204 S2000
G0 F9000 X49.064 Y11.764
G1 F2400 E106.86513
G0 F9000 X49.188 Y11.522
G0 X49.865 Y11.563
G0 X55.395 Y8.764
G0 X56.043 Y8.187
M204 S500
G1 F2400 E107.66513
G1 F600 X55.986 Y8.133 E107.66774
G1 X55.779 Y7.951 E107.67691
G1 X55.564 Y7.774 E107.68617
G1 X55.343 Y7.607 E107.69539
G1 X55.129 Y7.454 E107.70414
G1 X54.878 Y7.29 E107.71411
G1 X54.644 Y7.149 E107.7232
G1 X54.407 Y7.016 E107.73224
G1 X54.165 Y6.894 E107.74125
G1 X53.921 Y6.779 E107.75022
G1 X53.654 Y6.666 E107.75986
G1 X53.395 Y6.568 E107.76907
G1 X53.133 Y6.479 E107.77828
G1 X52.846 Y6.392 E107.78825
G1 X52.588 Y6.325 E107.79712
G1 X52.342 Y6.27 E107.8055
G1 X52.259 Y6.247 E107.80837
G1 X52.257 Y6.02 E107.81592
G1 X52.491 Y6.05 E107.82376
G1 X52.57 Y6.17 E107.82854
G1 X52.947 Y6.271 E107.84152
G1 X53.206 Y6.35 E107.85053
G1 X53.472 Y6.443 E107.8599
G1 X53.74 Y6.546 E107.86945
G1 X53.992 Y6.653 E107.87856
G1 X54.242 Y6.77 E107.88774
G1 X54.494 Y6.899 E107.89715
G1 X54.747 Y7.04 E107.90679
G1 X54.989 Y7.188 E107.91622
G1 X55.221 Y7.34 E107.92545
G1 X55.458 Y7.508 E107.93511
G1 X55.679 Y7.677 E107.94436
G1 X55.903 Y7.861 E107.954
G1 X56.142 Y8.072 E107.96461
G1 X56.043 Y8.187 E107.96965
M204 S2000
G1 F2400 E107.16965
G0 F9000 X57.217 Y9.476
G0 X57.413 Y10.115
G0 X57.004 Y10.992
M204 S500
G1 F2400 E107.96965
G1 F600 X56.879 Y10.887 E107.97508
G1 X56.937 Y10.807 E107.97837
G1 X57.079 Y10.57 E107.98756
G1 X57.207 Y10.313 E107.99711
G1 X57.298 Y9.963 E108.00914
G1 X57.19 Y9.646 E108.02028
G1 X57.061 Y9.394 E108.02969
G1 X56.902 Y9.148 E108.03943
G1 X56.879 Y9.108 E108.04097
G1 X57.002 Y9.01 E108.0462
G1 X57.195 Y9.267 E108.05689
G1 X57.351 Y9.492 E108.066
G1 X57.5 Y9.723 E108.07514
G1 X57.593 Y9.912 E108.08214
G1 X57.594 Y10.088 E108.088
G1 X57.508 Y10.26 E108.09439
G1 X57.357 Y10.499 E108.1038
G1 X57.2 Y10.725 E108.11295
G1 X57.004 Y10.992 E108.12397
M204 S2000
G1 F2400 E107.32397
;MESH:NONMESH
G0 F300 X57.004 Y10.992 Z5.6
G0 F9000 X57.413 Y10.115
G0 X57.213 Y10.529
G0 X56.217 Y10.327
G0 X52.408 Y12.863
G0 X52.42 Y13.822
G0 X52.399 Y13.964
;TIME_ELAPSED:335.170194
;LAYER:27
M204 S500
;TYPE:WALL-OUTER
;MESH:3DBenchy.stl
G1 F2400 E108.12397
G1 F600 X52.399 Y13.725 E108.13192
G1 X52.77 Y13.636 E108.14461
G1 X53.018 Y13.566 E108.15318
G1 X53.269 Y13.487 E108.16193
G1 X53.516 Y13.398 E108.17066
G1 X53.761 Y13.302 E108.17941
G1 X54.003 Y13.197 E108.18819
G1 X54.242 Y13.085 E108.19696
G1 X54.478 Y12.964 E108.20579
G1 X54.765 Y12.801 E108.21676
G1 X54.991 Y12.661 E108.22561
G1 X55.213 Y12.514 E108.23446
G1 X55.436 Y12.355 E108.24357
G1 X55.69 Y12.159 E108.25424
G1 X55.914 Y11.97 E108.26399
G1 X55.987 Y11.904 E108.26726
G1 X56.09 Y12.011 E108.2722
G1 X55.861 Y12.207 E108.28223
G1 X55.626 Y12.394 E108.29222
G1 X55.406 Y12.556 E108.3013
G1 X55.163 Y12.723 E108.31111
G1 X54.924 Y12.874 E108.32051
G1 X54.688 Y13.012 E108.32961
G1 X54.439 Y13.147 E108.33903
G1 X54.192 Y13.269 E108.34819
G1 X53.935 Y13.385 E108.35757
G1 X53.675 Y13.491 E108.36691
G1 X53.403 Y13.592 E108.37656
G1 X53.089 Y13.715 E108.38777
G1 X52.954 Y13.847 E108.39405
G1 X52.514 Y13.95 E108.40908
G1 X52.399 Y13.964 E108.41294
M204 S2000
G1 F2400 E107.61294
G0 F9000 X52.576 Y13.837
G0 X52.601 Y11.833
G0 X52.323 Y10.763
M204 S500
;TYPE:WALL-INNER
G1 F2400 E108.41294
G1 F600 X52.323 Y10.331 E108.4273
G1 X52.323 Y9.259 E108.46296
G1 X52.391 Y9.26 E108.46522
G1 X52.391 Y8.365 E108.49499
G1 X52.414 Y8.364 E108.49576
G1 X52.414 Y9.259 E108.4975
G1 X52.414 Y10.331 E108.50563
G1 X52.414 Y10.767 E108.50899
G1 X52.414 Y11.636 E108.5379
G1 X52.39 Y11.634 E108.5387
G1 X52.39 Y10.767 E108.5404
G1 X52.323 Y10.763 E108.54263
M204 S2000
G0 F9000 X51.786 Y11.135
M204 S500
;TYPE:WALL-OUTER
G1 F600 X51.923 Y11.133 E108.54719
G1 X51.923 Y10.09 E108.58188
G1 X51.787 Y10.095 E108.58641
G1 X51.786 Y9.907 E108.59266
G1 X51.924 Y9.913 E108.59725
G1 X51.923 Y9.129 E108.62333
G1 X51.927 Y8.869 E108.63198
G1 X51.787 Y8.854 E108.63666
G1 X51.991 Y8.856 E108.64345
G1 X51.991 Y8.129 E108.66763
G1 X51.624 Y8.15 E108.67985
G1 X51.624 Y8.007 E108.68461
G1 X52.801 Y7.942 E108.72382
G1 X52.814 Y8.08 E108.72843
G1 X52.814 Y12.055 E108.86064
G1 X52.779 Y12.057 E108.8618
G1 X52.33 Y12.031 E108.87676
G1 X51.624 Y11.994 E108.90027
G1 X51.624 Y11.849 E108.9051
G1 X51.99 Y11.87 E108.91729
G1 X51.99 Y11.146 E108.94137
G1 X51.786 Y11.135 E108.94817
M204 S2000
G0 F9000 X52.214 Y10.678
G1 F2400 E108.14817
G0 F9000 X52.223 Y10.678
G0 X52.204 Y11.81
G0 X50.764 Y11.735
G0 X49.853 Y11.676
G0 X49.17 Y11.638
G0 X48.971 Y11.846
M204 S500
G1 F2400 E108.94817
G1 F600 X47.997 Y11.79 E108.98061
G1 X47.991 Y11.621 E108.98624
G1 X47.991 Y8.21 E109.09969
G1 X48.971 Y8.154 E109.13234
G1 X48.986 Y8.296 E109.13709
G1 X48.135 Y8.345 E109.16544
G1 X48.135 Y11.655 E109.27553
G1 X48.986 Y11.703 E109.30388
G1 X48.971 Y11.846 E109.30866
M204 S2000
G0 F9000 X49.058 Y11.769
G1 F2400 E108.50866
G0 F9000 X49.183 Y11.527
G0 X49.86 Y11.564
G0 X56.183 Y10.445
G0 X56.719 Y10.862
G0 X57.198 Y10.239
G0 X57.308 Y10.009
G0 X56.903 Y9.083
G0 X55.987 Y8.097
M204 S500
G1 F2400 E109.30866
G1 F600 X55.913 Y8.03 E109.31198
G1 X55.705 Y7.855 E109.32102
G1 X55.499 Y7.694 E109.32972
G1 X55.273 Y7.528 E109.33904
G1 X55.041 Y7.37 E109.34838
G1 X54.813 Y7.229 E109.3573
G1 X54.579 Y7.092 E109.36631
G1 X54.339 Y6.964 E109.37536
G1 X54.096 Y6.846 E109.38435
G1 X53.85 Y6.735 E109.39332
G1 X53.599 Y6.634 E109.40232
G1 X53.347 Y6.54 E109.41127
G1 X53.101 Y6.46 E109.41987
G1 X52.834 Y6.382 E109.42912
G1 X52.576 Y6.317 E109.43797
G1 X52.4 Y6.279 E109.44396
G1 X52.399 Y6.041 E109.45188
G1 X52.719 Y6.09 E109.46264
G1 X52.967 Y6.161 E109.47122
G1 X53.188 Y6.335 E109.48058
G1 X53.497 Y6.442 E109.49146
G1 X53.766 Y6.545 E109.50104
G1 X54.025 Y6.654 E109.51038
G1 X54.29 Y6.778 E109.52011
G1 X54.548 Y6.911 E109.52977
G1 X54.773 Y7.035 E109.53831
G1 X55.037 Y7.196 E109.5486
G1 X55.268 Y7.347 E109.55778
G1 X55.499 Y7.511 E109.5672
G1 X55.73 Y7.688 E109.57688
G1 X55.931 Y7.851 E109.58548
G1 X56.09 Y7.99 E109.59251
G1 X55.987 Y8.097 E109.59745
M204 S2000
G0 F9000 X57.25 Y9.199
G1 F2400 E108.79745
G0 F9000 X57.313 Y9.904
G0 X57.081 Y10.945
M204 S500
G1 F2400 E109.59745
G1 F600 X56.97 Y10.842 E109.60249
G1 X57.022 Y10.775 E109.60531
G1 X57.179 Y10.555 E109.6143
G1 X57.336 Y10.323 E109.62361
G1 X57.479 Y10.038 E109.63422
G1 X57.46 Y9.891 E109.63915
G1 X57.299 Y9.618 E109.64969
G1 X57.142 Y9.389 E109.65892
G1 X56.97 Y9.157 E109.66853
G1 X57.08 Y9.054 E109.67354
G1 X57.242 Y9.269 E109.6825
G1 X57.399 Y9.494 E109.69162
G1 X57.548 Y9.725 E109.70076
G1 X57.639 Y9.904 E109.70744
G1 X57.645 Y10.066 E109.71283
G1 X57.56 Y10.252 E109.71964
G1 X57.413 Y10.484 E109.72877
G1 X57.248 Y10.722 E109.7384
G1 X57.081 Y10.945 E109.74767
M204 S2000
G0 F9000 X57.123 Y10.712
G1 F2400 E108.94767
;MESH:NONMESH
G0 F300 X57.123 Y10.712 Z5.8
G0 F9000 X56.719 Y10.862
G0 X55.882 Y10.831
G0 X52.451 Y12.842
G0 X52.564 Y13.929
;TIME_ELAPSED:342.491746
;LAYER:28
M204 S500
;TYPE:WALL-OUTER
;MESH:3DBenchy.stl
G1 F2400 E109.74767
G1 F600 X52.564 Y13.695 E109.75545
G1 X52.826 Y13.622 E109.7645
G1 X53.081 Y13.55 E109.77331
G1 X53.331 Y13.469 E109.78205
G1 X53.581 Y13.38 E109.79088
G1 X53.825 Y13.283 E109.79961
G1 X54.067 Y13.178 E109.80839
G1 X54.307 Y13.064 E109.81722
G1 X54.563 Y12.93 E109.82683
G1 X54.799 Y12.796 E109.83586
G1 X55.031 Y12.652 E109.84494
G1 X55.256 Y12.503 E109.85392
G1 X55.479 Y12.345 E109.86301
G1 X55.696 Y12.178 E109.87211
G1 X55.957 Y11.96 E109.88342
G1 X55.99 Y11.93 E109.88491
G1 X56.096 Y12.031 E109.88978
G1 X55.888 Y12.208 E109.89886
G1 X55.66 Y12.389 E109.90854
G1 X55.437 Y12.553 E109.91775
G1 X55.203 Y12.713 E109.92718
G1 X54.964 Y12.864 E109.93658
G1 X54.713 Y13.012 E109.94627
G1 X54.47 Y13.141 E109.95542
G1 X54.211 Y13.269 E109.96503
G1 X53.948 Y13.388 E109.97463
G1 X53.697 Y13.54 E109.98439
G1 X53.625 Y13.631 E109.98825
G1 X53.431 Y13.703 E109.99514
G1 X53.149 Y13.788 E110.00493
G1 X52.89 Y13.855 E110.01383
G1 X52.624 Y13.918 E110.02292
G1 X52.564 Y13.929 E110.02495
M204 S2000
G1 F2400 E109.22495
G0 F9000 X52.748 Y13.8
G0 X52.799 Y12.243
G0 X51.64 Y11.999
M204 S500
G1 F2400 E110.02495
G1 F600 X51.64 Y11.855 E110.02974
G1 X52.685 Y11.914 E110.06455
G1 X52.685 Y8.087 E110.19184
G1 X51.64 Y8.144 E110.22665
G1 X51.64 Y8.001 E110.2314
G1 X52.736 Y7.941 E110.26791
G1 X52.831 Y7.947 E110.27108
G1 X52.83 Y12.061 E110.40791
G1 X52.798 Y12.063 E110.40898
G1 X52.288 Y12.034 E110.42597
G1 X52.223 Y12.032 E110.42813
G1 X51.64 Y11.999 E110.44755
M204 S2000
G0 F9000 X51.563 Y11.913
G1 F2400 E109.64755
G0 F9000 X49.155 Y11.844
G0 X48.966 Y11.849
M204 S500
G1 F2400 E110.44755
G1 F600 X47.996 Y11.796 E110.47986
G1 X47.986 Y11.609 E110.48609
G1 X47.988 Y8.205 E110.59931
G1 X48.966 Y8.151 E110.63189
G1 X48.98 Y8.291 E110.63656
G1 X48.13 Y8.34 E110.66488
G1 X48.13 Y11.66 E110.77531
G1 X48.98 Y11.708 E110.80362
G1 X48.966 Y11.849 E110.80834
M204 S2000
G0 F9000 X49.052 Y11.773
G1 F2400 E110.00834
G0 F9000 X49.178 Y11.532
G0 X49.855 Y11.57
G0 X50.832 Y10.956
G0 X51.614 Y11.012
G0 X56.223 Y9.554
G0 X56.757 Y9.135
G0 X57.075 Y8.935
G0 X56.097 Y7.969
M204 S500
G1 F2400 E110.80834
G1 F600 X55.99 Y8.071 E110.81325
G1 X55.905 Y7.996 E110.81702
G1 X55.692 Y7.819 E110.82623
G1 X55.479 Y7.655 E110.83517
G1 X55.256 Y7.497 E110.84426
G1 X55.031 Y7.348 E110.85324
G1 X54.799 Y7.204 E110.86232
G1 X54.563 Y7.07 E110.87135
G1 X54.323 Y6.944 E110.88036
G1 X54.078 Y6.827 E110.88939
G1 X53.772 Y6.694 E110.90049
G1 X53.515 Y6.595 E110.90965
G1 X53.256 Y6.505 E110.91877
G1 X52.995 Y6.424 E110.92786
G1 X52.694 Y6.343 E110.93823
G1 X52.562 Y6.304 E110.94281
G1 X52.563 Y6.074 E110.95046
G1 X52.668 Y6.092 E110.954
G1 X52.919 Y6.151 E110.96258
G1 X53.16 Y6.215 E110.97087
G1 X53.406 Y6.287 E110.97939
G1 X53.685 Y6.424 E110.98973
G1 X53.817 Y6.553 E110.99587
G1 X54.079 Y6.671 E111.00543
G1 X54.331 Y6.789 E111.01468
G1 X54.582 Y6.918 E111.02407
G1 X54.834 Y7.059 E111.03367
G1 X55.076 Y7.206 E111.04309
G1 X55.307 Y7.357 E111.05227
G1 X55.544 Y7.525 E111.06193
G1 X55.764 Y7.693 E111.07114
G1 X55.989 Y7.877 E111.08081
G1 X56.097 Y7.969 E111.08553
M204 S2000
G0 F9000 X57.063 Y9.313
G1 F2400 E110.28553
G0 F9000 X57.356 Y9.991
G0 X57.109 Y10.958
M204 S500
G1 F2400 E111.08553
G1 F600 X57.003 Y10.849 E111.09058
G1 X57.107 Y10.714 E111.09625
G1 X57.264 Y10.494 E111.10524
G1 X57.422 Y10.257 E111.11471
G1 X57.54 Y9.982 E111.12467
G1 X57.361 Y9.65 E111.13721
G1 X57.187 Y9.395 E111.14748
G1 X57.003 Y9.149 E111.1577
G1 X57.108 Y9.043 E111.16266
G1 X57.278 Y9.267 E111.17201
G1 X57.439 Y9.497 E111.18135
G1 X57.589 Y9.727 E111.19048
G1 X57.681 Y9.911 E111.19732
G1 X57.681 Y10.09 E111.20328
G1 X57.598 Y10.257 E111.20948
G1 X57.449 Y10.488 E111.21862
G1 X57.284 Y10.724 E111.2282
G1 X57.109 Y10.958 E111.23792
M204 S2000
G0 F9000 X57.147 Y10.99
G1 F2400 E110.43792
;MESH:NONMESH
G0 F300 X57.147 Y10.99 Z6
G0 F9000 X56.757 Y10.865
G0 X55.946 Y10.807
G0 X53.573 Y12.481
G0 X53.082 Y13.789
;TIME_ELAPSED:348.845931
;LAYER:29
M204 S500
;TYPE:WALL-OUTER
;MESH:3DBenchy.stl
G1 F2400 E111.23792
G1 F600 X53.08 Y13.57 E111.2452
G1 X53.158 Y13.527 E111.24817
G1 X53.436 Y13.435 E111.25791
G1 X53.687 Y13.341 E111.26682
G1 X53.934 Y13.241 E111.27568
G1 X54.178 Y13.131 E111.28459
G1 X54.42 Y13.012 E111.29356
G1 X54.657 Y12.886 E111.30248
G1 X54.893 Y12.749 E111.31156
G1 X55.116 Y12.61 E111.3203
G1 X55.339 Y12.46 E111.32924
G1 X55.57 Y12.293 E111.33872
G1 X55.82 Y12.095 E111.34932
G1 X56.05 Y11.899 E111.35938
G1 X56.161 Y11.996 E111.36428
G1 X55.92 Y12.2 E111.37478
G1 X55.689 Y12.382 E111.38456
G1 X55.466 Y12.545 E111.39375
G1 X55.229 Y12.707 E111.4033
G1 X54.996 Y12.853 E111.41244
G1 X54.746 Y12.999 E111.42207
G1 X54.44 Y13.17 E111.43373
G1 X54.346 Y13.3 E111.43907
G1 X54.186 Y13.408 E111.44549
G1 X53.887 Y13.527 E111.45619
G1 X53.559 Y13.643 E111.46776
G1 X53.298 Y13.726 E111.47687
G1 X53.082 Y13.789 E111.48435
M204 S2000
G1 F2400 E110.68435
G0 F9000 X53.267 Y13.648
G0 X52.818 Y12.25
G0 X51.656 Y12.006
M204 S500
G1 F2400 E111.48435
G1 F600 X51.655 Y11.861 E111.48918
G1 X52.701 Y11.92 E111.52402
G1 X52.701 Y8.081 E111.65171
G1 X51.656 Y8.138 E111.68652
G1 X51.656 Y7.995 E111.69127
G1 X52.847 Y7.929 E111.73095
G1 X52.846 Y12.069 E111.86864
G1 X52.824 Y12.071 E111.86938
G1 X52.251 Y12.037 E111.88847
G1 X51.656 Y12.006 E111.90829
M204 S2000
G0 F9000 X51.578 Y11.92
G1 F2400 E111.10829
G0 F9000 X48.961 Y11.853
M204 S500
G1 F2400 E111.90829
G1 F600 X48.513 Y11.831 E111.92321
G1 X47.987 Y11.8 E111.94073
G1 X47.981 Y11.618 E111.94679
G1 X47.981 Y10.462 E111.98524
G1 X47.9 Y10.453 E111.98795
G1 X47.9 Y9.521 E112.01894
G1 X47.981 Y9.506 E112.02168
G1 X47.983 Y8.199 E112.06516
G1 X48.961 Y8.146 E112.09773
G1 X48.975 Y8.287 E112.10244
G1 X48.125 Y8.335 E112.13076
G1 X48.124 Y10.542 E112.20417
G1 X48.125 Y11.665 E112.24152
G1 X48.975 Y11.713 E112.26983
G1 X48.961 Y11.853 E112.27451
M204 S2000
G1 F2400 E111.47451
G0 F9000 X49.83 Y11.901
G0 X56.215 Y9.508
G0 X56.74 Y9.077
G0 X57.078 Y8.825
G0 X56.16 Y8.005
M204 S500
G1 F2400 E112.27451
G1 F600 X56.047 Y8.099 E112.2794
G1 X55.956 Y8.019 E112.28343
G1 X55.744 Y7.843 E112.2926
G1 X55.525 Y7.674 E112.3018
G1 X55.293 Y7.508 E112.31128
G1 X55.009 Y7.321 E112.32259
G1 X54.777 Y7.183 E112.33157
G1 X54.539 Y7.051 E112.34062
G1 X54.294 Y6.924 E112.3498
G1 X54.046 Y6.808 E112.35891
G1 X53.796 Y6.703 E112.36793
G1 X53.553 Y6.608 E112.37661
G1 X53.084 Y6.445 E112.39312
G1 X53.081 Y6.219 E112.40064
G1 X53.148 Y6.229 E112.40289
G1 X53.403 Y6.305 E112.41174
G1 X53.652 Y6.388 E112.42047
G1 X53.893 Y6.475 E112.42899
G1 X54.163 Y6.581 E112.43864
G1 X54.32 Y6.669 E112.44463
G1 X54.43 Y6.823 E112.45092
G1 X54.739 Y6.996 E112.4627
G1 X54.99 Y7.141 E112.47234
G1 X55.223 Y7.288 E112.4815
G1 X55.456 Y7.447 E112.49089
G1 X55.684 Y7.615 E112.5003
G1 X55.907 Y7.79 E112.50973
G1 X56.16 Y8.005 E112.52078
M204 S2000
G0 F9000 X57.033 Y9.234
G1 F2400 E111.72078
G0 F9000 X57.392 Y10.027
G0 X57.088 Y11.033
M204 S500
G1 F2400 E112.52078
G1 F600 X56.984 Y10.916 E112.52598
G1 X57.063 Y10.817 E112.5302
G1 X57.224 Y10.6 E112.53918
G1 X57.382 Y10.374 E112.54835
G1 X57.572 Y10.042 E112.56108
G1 X57.463 Y9.751 E112.57141
G1 X57.302 Y9.51 E112.58105
G1 X57.132 Y9.273 E112.59075
G1 X56.983 Y9.083 E112.59878
G1 X57.082 Y8.972 E112.60373
G1 X57.27 Y9.214 E112.61392
G1 X57.431 Y9.438 E112.6231
G1 X57.59 Y9.677 E112.63265
G1 X57.699 Y9.86 E112.63973
G1 X57.726 Y10.022 E112.64519
G1 X57.672 Y10.193 E112.65116
G1 X57.524 Y10.425 E112.66031
G1 X57.361 Y10.661 E112.66985
G1 X57.088 Y11.033 E112.6852
M204 S2000
G0 F9000 X57.117 Y11.069
G1 F2400 E111.8852
;MESH:NONMESH
G0 F300 X57.117 Y11.069 Z6.2
G0 F9000 X56.778 Y10.958
G0 X55.982 Y10.804
G0 X53.595 Y12.446
G0 X53.749 Y13.551
;TIME_ELAPSED:354.995668
;LAYER:30
M204 S500
;TYPE:WALL-OUTER
;MESH:3DBenchy.stl
G1 F2400 E112.6852
G1 F600 X53.75 Y13.335 E112.69238
G1 X53.874 Y13.265 E112.69712
G1 X54.125 Y13.155 E112.70623
G1 X54.387 Y13.03 E112.71589
G1 X54.627 Y12.905 E112.72489
G1 X54.863 Y12.77 E112.73393
G1 X55.094 Y12.629 E112.74293
G1 X55.321 Y12.479 E112.75198
G1 X55.543 Y12.321 E112.76104
G1 X55.759 Y12.157 E112.77006
G1 X55.97 Y11.984 E112.77914
G1 X56.198 Y11.782 E112.78927
G1 X56.322 Y11.867 E112.79427
G1 X56.071 Y12.086 E112.80535
G1 X55.847 Y12.27 E112.81499
G1 X55.61 Y12.45 E112.82489
G1 X55.391 Y12.605 E112.83381
G1 X55.109 Y12.793 E112.84509
G1 X54.856 Y13.07 E112.85756
G1 X54.567 Y13.213 E112.86829
G1 X54.314 Y13.329 E112.87754
G1 X54.076 Y13.429 E112.88613
G1 X53.824 Y13.528 E112.89514
G1 X53.749 Y13.551 E112.89775
M204 S2000
G1 F2400 E112.09775
G0 F9000 X53.942 Y13.399
G0 X52.966 Y12.256
G0 X51.671 Y11.868
M204 S500
G1 F2400 E112.89775
G1 F600 X52.226 Y11.9 E112.91624
G1 X52.717 Y11.924 E112.93259
G1 X52.717 Y8.075 E113.0606
G1 X51.672 Y8.132 E113.09541
G1 X51.672 Y7.988 E113.1002
G1 X52.788 Y7.927 E113.13738
G1 X52.863 Y7.933 E113.13988
G1 X52.861 Y8.27 E113.15109
G1 X52.861 Y12.076 E113.27768
G1 X52.845 Y12.077 E113.27821
G1 X52.208 Y12.04 E113.29943
G1 X52.16 Y12.039 E113.30103
G1 X51.672 Y12.012 E113.31728
G1 X51.671 Y11.868 E113.32207
M204 S2000
G0 F9000 X51.859 Y12.078
G1 F2400 E112.52207
G0 F9000 X51.495 Y11.67
G0 X50.818 Y11.635
G0 X49.964 Y10.987
G0 X48.985 Y10.607
G0 X48.956 Y11.859
M204 S500
G1 F2400 E113.32207
G1 F600 X47.982 Y11.805 E113.35452
G1 X47.976 Y11.617 E113.36077
G1 X47.976 Y10.778 E113.38868
G1 X47.895 Y10.781 E113.39138
G1 X47.894 Y9.201 E113.44393
G1 X47.976 Y9.196 E113.44666
G1 X47.976 Y8.195 E113.47995
G1 X48.956 Y8.141 E113.5126
G1 X48.97 Y8.282 E113.51731
G1 X48.121 Y8.33 E113.54559
G1 X48.118 Y9.212 E113.57493
G1 X48.12 Y9.463 E113.58328
G1 X48.118 Y9.848 E113.59608
G1 X48.12 Y10.1 E113.60446
G1 X48.119 Y11.67 E113.65668
G1 X48.97 Y11.718 E113.68503
G1 X48.956 Y11.859 E113.68974
M204 S2000
G1 F2400 E112.88974
G0 F9000 X48.985 Y10.607
G0 X56.117 Y10.692
G0 X56.659 Y11.085
G0 X56.965 Y11.2
M204 S500
G1 F2400 E113.68974
G1 F600 X56.884 Y11.086 E113.6944
G1 X56.97 Y10.966 E113.69931
G1 X57.136 Y10.756 E113.70821
G1 X57.292 Y10.544 E113.71696
G1 X57.448 Y10.319 E113.72607
G1 X57.61 Y9.999 E113.738
G1 X57.42 Y9.641 E113.75148
G1 X57.259 Y9.408 E113.7609
G1 X57.094 Y9.188 E113.77005
G1 X56.88 Y8.923 E113.78137
G1 X56.965 Y8.801 E113.78632
G1 X57.17 Y9.051 E113.79707
G1 X57.345 Y9.279 E113.80663
G1 X57.503 Y9.501 E113.8157
G1 X57.656 Y9.732 E113.82491
G1 X57.747 Y9.91 E113.83156
G1 X57.752 Y10.067 E113.83678
G1 X57.656 Y10.268 E113.84419
G1 X57.514 Y10.484 E113.85279
G1 X57.352 Y10.712 E113.86209
G1 X57.168 Y10.952 E113.87215
G1 X56.965 Y11.2 E113.88281
M204 S2000
G0 F9000 X56.932 Y10.925
G1 F2400 E113.08281
G0 F9000 X57.425 Y10
G0 X56.993 Y8.574
G0 X56.32 Y8.134
M204 S500
G1 F2400 E113.88281
G1 F600 X56.197 Y8.217 E113.88775
G1 X56.106 Y8.134 E113.89184
G1 X55.897 Y7.955 E113.901
G1 X55.682 Y7.784 E113.91013
G1 X55.461 Y7.619 E113.91931
G1 X55.234 Y7.461 E113.9285
G1 X55.003 Y7.314 E113.93761
G1 X54.767 Y7.173 E113.94676
G1 X54.527 Y7.042 E113.95585
G1 X54.284 Y6.919 E113.96491
G1 X54.02 Y6.798 E113.97457
G1 X53.765 Y6.688 E113.9838
G1 X53.755 Y6.448 E113.99179
G1 X54.147 Y6.599 E114.00576
G1 X54.406 Y6.712 E114.01516
G1 X54.651 Y6.828 E114.02418
G1 X54.997 Y7.038 E114.03764
G1 X55.108 Y7.203 E114.04426
G1 X55.35 Y7.366 E114.05396
G1 X55.579 Y7.528 E114.06329
G1 X55.81 Y7.701 E114.07289
G1 X56.026 Y7.876 E114.08213
G1 X56.32 Y8.134 E114.09514
M204 S2000
G0 F9000 X56.891 Y9.027
G1 F2400 E113.29514
;MESH:NONMESH
G0 F300 X56.891 Y9.027 Z6.4
G0 F9000 X57.425 Y10
G0 X56.825 Y10.858
G0 X56.117 Y10.692
G0 X54.222 Y12.14
G0 X54.416 Y13.253
;TIME_ELAPSED:361.337350
;LAYER:31
M204 S500
;TYPE:WALL-OUTER
;MESH:3DBenchy.stl
G1 F2400 E114.09514
G1 F600 X54.417 Y13.042 E114.10216
G1 X54.544 Y12.946 E114.10746
G1 X54.767 Y12.825 E114.1159
G1 X55.013 Y12.681 E114.12538
G1 X55.239 Y12.537 E114.13429
G1 X55.462 Y12.384 E114.14328
G1 X55.674 Y12.228 E114.15204
G1 X55.888 Y12.059 E114.16111
G1 X56.095 Y11.885 E114.1701
G1 X56.293 Y11.706 E114.17898
G1 X56.493 Y11.514 E114.1882
G1 X56.726 Y11.269 E114.19945
G1 X56.906 Y11.066 E114.20847
G1 X57.078 Y10.857 E114.21747
G1 X57.243 Y10.644 E114.22643
G1 X57.401 Y10.425 E114.23542
G1 X57.58 Y10.157 E114.24614
G1 X57.606 Y9.888 E114.25512
G1 X57.418 Y9.601 E114.26654
G1 X57.259 Y9.377 E114.27567
G1 X57.091 Y9.16 E114.2848
G1 X56.917 Y8.947 E114.29395
G1 X56.735 Y8.74 E114.30311
G1 X56.54 Y8.534 E114.31255
G1 X56.346 Y8.344 E114.32158
G1 X56.147 Y8.161 E114.33057
G1 X55.94 Y7.983 E114.33965
G1 X55.723 Y7.81 E114.34888
G1 X55.511 Y7.651 E114.3577
G1 X55.277 Y7.488 E114.36718
G1 X55.002 Y7.312 E114.37804
G1 X54.753 Y7.167 E114.38763
G1 X54.528 Y7.046 E114.39612
G1 X54.418 Y6.966 E114.40065
G1 X54.416 Y6.747 E114.40793
G1 X54.499 Y6.784 E114.41095
G1 X54.74 Y6.902 E114.41988
G1 X54.957 Y7.015 E114.42802
G1 X55.27 Y7.193 E114.43999
G1 X55.487 Y7.325 E114.44844
G1 X55.641 Y7.456 E114.45516
G1 X55.73 Y7.623 E114.46146
G1 X56.162 Y7.984 E114.48018
G1 X56.404 Y8.201 E114.49099
G1 X56.651 Y8.369 E114.50093
G1 X56.672 Y8.349 E114.50189
G1 X56.793 Y8.479 E114.5078
G1 X56.76 Y8.553 E114.5105
G1 X57.027 Y8.853 E114.52385
G1 X57.201 Y9.064 E114.53295
G1 X57.366 Y9.279 E114.54196
G1 X57.534 Y9.512 E114.55152
G1 X57.681 Y9.733 E114.56035
G1 X57.771 Y9.909 E114.56692
G1 X57.776 Y10.068 E114.57221
G1 X57.685 Y10.261 E114.57931
G1 X57.541 Y10.479 E114.588
G1 X57.376 Y10.707 E114.59736
G1 X57.201 Y10.935 E114.60692
G1 X57.027 Y11.147 E114.61604
G1 X56.729 Y11.482 E114.63095
G1 X56.773 Y11.547 E114.63356
G1 X56.644 Y11.673 E114.63956
G1 X56.579 Y11.634 E114.64208
G1 X56.288 Y11.905 E114.65531
G1 X56.066 Y12.1 E114.66514
G1 X55.791 Y12.322 E114.67689
G1 X55.601 Y12.586 E114.68771
G1 X55.431 Y12.708 E114.69467
G1 X55.205 Y12.844 E114.70344
G1 X54.988 Y12.969 E114.71177
G1 X54.727 Y13.105 E114.72156
G1 X54.489 Y13.222 E114.73038
G1 X54.416 Y13.253 E114.73302
M204 S2000
G1 F2400 E113.93302
G0 F9000 X54.316 Y13.356
G0 X53.551 Y13.141
G0 X50.779 Y12.903
G0 X50.881 Y10.972
G0 X52.045 Y10.918
G0 X51.75 Y10.891
G0 X51.687 Y12.019
M204 S500
G1 F2400 E114.73302
G1 F600 X51.687 Y11.874 E114.73784
G1 X52.137 Y11.9 E114.75283
G1 X52.732 Y11.931 E114.77265
G1 X52.732 Y8.069 E114.9011
G1 X51.688 Y8.126 E114.93588
G1 X51.675 Y7.902 E114.94334
G1 X51.725 Y7.979 E114.94639
G1 X52.808 Y7.921 E114.98246
G1 X52.878 Y7.927 E114.9848
G1 X52.877 Y8.297 E114.99711
G1 X52.959 Y8.373 E115.00083
G1 X52.958 Y11.586 E115.10769
G1 X52.878 Y11.596 E115.11037
G1 X52.877 Y12.082 E115.12654
G1 X52.864 Y12.083 E115.12697
G1 X52.171 Y12.043 E115.15006
G1 X51.687 Y12.019 E115.16618
M204 S2000
G0 F9000 X51.659 Y10.67
G0 X51.85 Y10.747
M204 S500
G1 F600 X51.85 Y9.253 E115.21587
G1 X51.857 Y9.254 E115.2161
G1 X51.859 Y10.746 E115.26573
G1 X51.85 Y10.747 E115.26603
M204 S2000
G0 F9000 X52.05 Y10.548
G1 F2400 E114.46603
G0 F9000 X51.958 Y10.547
G0 X51.65 Y10.851
G0 X50.985 Y10.851
G0 X48.977 Y10.855
G0 X48.95 Y11.864
M204 S500
G1 F2400 E115.26603
G1 F600 X47.978 Y11.811 E115.2984
G1 X47.97 Y11.616 E115.30489
G1 X47.971 Y10.999 E115.32542
G1 X47.889 Y11.001 E115.32814
G1 X47.888 Y10.73 E115.33716
G1 X48.114 Y10.717 E115.34469
G1 X48.115 Y11.675 E115.37655
G1 X48.965 Y11.723 E115.40487
G1 X48.95 Y11.864 E115.40958
M204 S2000
G1 F2400 E114.60958
G0 F9000 X48.039 Y10.857
G0 X48.039 Y9.105
G0 X48.114 Y9.283
M204 S500
G1 F2400 E115.40958
G1 F600 X47.889 Y9.271 E115.41708
G1 X47.889 Y8.988 E115.42649
G1 X47.971 Y8.985 E115.42922
G1 X47.972 Y8.19 E115.45566
G1 X48.95 Y8.136 E115.48824
G1 X48.964 Y8.277 E115.49295
G1 X48.114 Y8.325 E115.52127
G1 X48.114 Y9.283 E115.55313
M204 S2000
G1 F2400 E114.75313
;MESH:NONMESH
G0 F300 X48.114 Y9.283 Z6.6
G0 F9000 X48.968 Y9.132
G0 X50.779 Y12.903
G0 X52.493 Y12.999
G0 X53.321 Y12.93
G0 X53.658 Y12.498
G0 X55.151 Y11.54
G0 X55.617 Y12.033
G0 X55.731 Y12.434
G0 X55.083 Y12.879
;TIME_ELAPSED:367.833475
;LAYER:32
M204 S500
;TYPE:WALL-OUTER
;MESH:3DBenchy.stl
G1 F2400 E115.55313
G1 F600 X55.088 Y12.648 E115.56082
G1 X55.248 Y12.527 E115.56749
G1 X55.459 Y12.385 E115.57595
G1 X55.729 Y12.187 E115.58708
G1 X55.958 Y12.005 E115.59681
G1 X56.163 Y11.828 E115.60582
G1 X56.364 Y11.646 E115.61484
G1 X56.558 Y11.455 E115.62389
G1 X56.745 Y11.26 E115.63288
G1 X56.926 Y11.059 E115.64188
G1 X57.154 Y10.783 E115.65378
G1 X57.346 Y10.53 E115.66435
G1 X57.514 Y10.289 E115.67412
G1 X57.647 Y10.003 E115.68461
G1 X57.597 Y9.839 E115.69031
G1 X57.424 Y9.581 E115.70064
G1 X57.266 Y9.363 E115.7096
G1 X57.084 Y9.131 E115.7194
G1 X56.908 Y8.921 E115.72852
G1 X56.7 Y8.69 E115.73886
G1 X56.462 Y8.448 E115.75015
G1 X56.265 Y8.262 E115.75916
G1 X56.062 Y8.083 E115.76816
G1 X55.852 Y7.91 E115.77721
G1 X55.636 Y7.743 E115.78629
G1 X55.416 Y7.586 E115.79528
G1 X55.114 Y7.384 E115.80736
G1 X55.082 Y7.347 E115.80899
G1 X55.083 Y7.122 E115.81647
G1 X55.151 Y7.158 E115.81903
G1 X55.412 Y7.316 E115.82918
G1 X55.625 Y7.454 E115.83762
G1 X55.83 Y7.594 E115.84588
G1 X56.049 Y7.752 E115.85486
G1 X56.224 Y7.893 E115.86233
G1 X56.454 Y8.239 E115.87615
G1 X56.7 Y8.483 E115.88768
G1 X56.897 Y8.693 E115.89725
G1 X57.079 Y8.9 E115.90642
G1 X57.256 Y9.116 E115.91571
G1 X57.431 Y9.344 E115.92527
G1 X57.59 Y9.567 E115.93438
G1 X57.743 Y9.798 E115.94359
G1 X57.802 Y9.971 E115.94967
G1 X57.777 Y10.135 E115.95519
G1 X57.633 Y10.371 E115.96439
G1 X57.48 Y10.59 E115.97327
G1 X57.312 Y10.813 E115.98256
G1 X57.131 Y11.037 E115.99214
G1 X56.952 Y11.246 E116.00129
G1 X56.761 Y11.453 E116.01066
G1 X56.562 Y11.654 E116.02007
G1 X56.349 Y11.885 E116.03052
G1 X56.266 Y12.064 E116.03708
G1 X56.114 Y12.198 E116.04382
G1 X55.913 Y12.347 E116.05214
G1 X55.612 Y12.555 E116.06431
G1 X55.349 Y12.723 E116.07469
G1 X55.083 Y12.879 E116.08494
M204 S2000
G1 F2400 E115.28494
G0 F9000 X54.983 Y12.969
G0 X54.888 Y12.712
G0 X52.824 Y11.521
G0 X51.703 Y12.024
M204 S500
G1 F2400 E116.08494
G1 F600 X51.703 Y11.88 E116.08973
G1 X52.748 Y11.937 E116.12454
G1 X52.748 Y8.063 E116.25339
G1 X51.703 Y8.12 E116.2882
G1 X51.703 Y7.976 E116.29299
G1 X52.83 Y7.915 E116.33053
G1 X52.894 Y7.92 E116.33266
G1 X52.892 Y8.367 E116.34753
G1 X52.974 Y8.367 E116.35026
G1 X52.974 Y11.669 E116.46008
G1 X52.893 Y11.692 E116.46289
G1 X52.894 Y12.089 E116.47609
G1 X52.882 Y12.09 E116.47649
G1 X51.703 Y12.024 E116.51577
M204 S2000
G1 F2400 E115.71577
G0 F9000 X52.824 Y11.521
G0 X52.059 Y10.642
G0 X51.866 Y10.481
M204 S500
G1 F2400 E116.51577
G1 F600 X51.866 Y9.517 E116.54783
G1 X51.873 Y9.518 E116.54806
G1 X51.874 Y10.48 E116.58006
G1 X51.866 Y10.481 E116.58033
M204 S2000
G0 F9000 X52.066 Y10.282
G1 F2400 E115.78033
G0 F9000 X51.973 Y10.281
G0 X51.679 Y10.695
G0 X49.156 Y11.552
G0 X48.945 Y11.869
M204 S500
G1 F2400 E116.58033
G1 F600 X47.976 Y11.816 E116.6126
G1 X47.965 Y11.604 E116.61967
G1 X47.965 Y11.211 E116.63274
G1 X47.884 Y11.187 E116.63555
G1 X47.884 Y11.025 E116.64093
G1 X48.109 Y11.019 E116.64842
G1 X48.109 Y11.68 E116.67041
G1 X48.958 Y11.728 E116.69869
G1 X48.945 Y11.869 E116.7034
M204 S2000
G0 F9000 X49.031 Y11.793
G1 F2400 E115.9034
G0 F9000 X48.295 Y11.503
G0 X48.295 Y9.173
G0 X48.108 Y8.981
M204 S500
G1 F2400 E116.7034
G1 F600 X47.884 Y8.975 E116.71085
G1 X47.884 Y8.841 E116.71531
G1 X47.964 Y8.842 E116.71797
G1 X47.967 Y8.185 E116.73982
G1 X48.945 Y8.131 E116.7724
G1 X48.959 Y8.272 E116.77711
G1 X48.109 Y8.32 E116.80543
G1 X48.108 Y8.981 E116.82741
M204 S2000
G0 F9000 X47.914 Y8.776
G1 F2400 E116.02741
;MESH:NONMESH
G0 F300 X47.914 Y8.776 Z6.8
G0 F9000 X48.243 Y8.513
G0 X49.157 Y8.448
G0 X49.833 Y8.409
G0 X50.796 Y12.909
G0 X52.509 Y13.005
G0 X53.41 Y12.911
G0 X53.831 Y12.318
G0 X53.839 Y11.52
G0 X52.908 Y12.095
;TIME_ELAPSED:373.701273
;LAYER:33
M204 S500
;TYPE:WALL-OUTER
;MESH:3DBenchy.stl
G1 F2400 E116.82741
G1 F600 X51.719 Y12.03 E116.86702
G1 X51.718 Y11.886 E116.87181
G1 X52.763 Y11.943 E116.90662
G1 X52.764 Y11.553 E116.91959
G1 X52.991 Y11.554 E116.92714
G1 X52.99 Y11.633 E116.92977
G1 X52.911 Y11.633 E116.93239
G1 X52.908 Y12.095 E116.94776
M204 S2000
G0 F9000 X52.71 Y11.894
G1 F2400 E116.14776
G0 F9000 X53.176 Y11.819
G0 X55.574 Y12.26
G0 X55.755 Y12.416
M204 S500
G1 F2400 E116.94776
G1 F600 X55.753 Y12.2 E116.95494
G1 X55.82 Y12.113 E116.9586
G1 X56.035 Y11.938 E116.96782
G1 X56.238 Y11.763 E116.97673
G1 X56.435 Y11.58 E116.98567
G1 X56.625 Y11.393 E116.99454
G1 X56.806 Y11.201 E117.00332
G1 X56.986 Y10.999 E117.01232
G1 X57.158 Y10.792 E117.02127
G1 X57.323 Y10.579 E117.03023
G1 X57.481 Y10.36 E117.03921
G1 X57.631 Y10.137 E117.04815
G1 X57.631 Y9.864 E117.05723
G1 X57.449 Y9.594 E117.06806
G1 X57.282 Y9.368 E117.07741
G1 X57.117 Y9.158 E117.08629
G1 X56.941 Y8.948 E117.0954
G1 X56.756 Y8.744 E117.10456
G1 X56.572 Y8.554 E117.11336
G1 X56.378 Y8.365 E117.12237
G1 X56.177 Y8.183 E117.13139
G1 X55.779 Y7.848 E117.14869
G1 X55.75 Y7.58 E117.15765
G1 X55.988 Y7.752 E117.16742
G1 X56.184 Y7.9 E117.17559
G1 X56.38 Y8.059 E117.18398
G1 X56.631 Y8.275 E117.195
G1 X56.818 Y8.446 E117.20343
G1 X56.958 Y8.615 E117.21072
G1 X57.058 Y8.854 E117.21934
G1 X57.264 Y9.112 E117.23032
G1 X57.44 Y9.339 E117.23988
G1 X57.6 Y9.559 E117.24892
G1 X57.747 Y9.778 E117.2577
G1 X57.817 Y9.949 E117.26384
G1 X57.802 Y10.115 E117.26939
G1 X57.703 Y10.289 E117.27604
G1 X57.533 Y10.535 E117.28599
G1 X57.369 Y10.755 E117.29512
G1 X57.025 Y11.192 E117.31361
G1 X56.926 Y11.42 E117.32188
G1 X56.6 Y11.751 E117.33733
G1 X56.33 Y11.982 E117.34915
G1 X56.113 Y12.154 E117.35836
G1 X55.907 Y12.308 E117.36692
G1 X55.755 Y12.416 E117.37312
M204 S2000
G1 F2400 E116.57312
G0 F9000 X55.653 Y12.494
G0 X54.971 Y11.802
G0 X53.179 Y9.31
G0 X53.177 Y8.632
G0 X52.764 Y8.446
M204 S500
G1 F2400 E117.37312
G1 F600 X52.763 Y8.057 E117.38606
G1 X51.719 Y8.114 E117.42083
G1 X51.719 Y7.97 E117.42562
G1 X52.852 Y7.909 E117.46336
G1 X52.91 Y7.914 E117.4653
G1 X52.908 Y8.367 E117.48036
G1 X52.991 Y8.367 E117.48312
G1 X52.991 Y8.447 E117.48578
G1 X52.764 Y8.446 E117.49333
M204 S2000
G0 F9000 X52.965 Y8.246
G1 F2400 E116.69333
G0 F9000 X51.543 Y8.311
G0 X49.151 Y8.443
G0 X48.275 Y8.478
G0 X48.103 Y8.804
M204 S500
G1 F2400 E117.49333
G1 F600 X47.878 Y8.8 E117.50082
G1 X47.878 Y8.675 E117.50498
G1 X47.959 Y8.649 E117.50781
G1 X47.962 Y8.18 E117.5234
G1 X48.94 Y8.125 E117.55598
G1 X48.954 Y8.267 E117.56073
G1 X48.104 Y8.315 E117.58905
G1 X48.103 Y8.804 E117.60531
M204 S2000
G0 F9000 X47.904 Y8.604
G1 F2400 E116.80531
G0 F9000 X48.289 Y8.993
G0 X48.29 Y11.508
G0 X48.94 Y11.872
M204 S500
G1 F2400 E117.60531
G1 F600 X48.623 Y11.858 E117.61586
G1 X47.966 Y11.819 E117.63776
G1 X47.949 Y11.306 E117.65483
G1 X47.879 Y11.292 E117.6572
G1 X47.878 Y11.201 E117.66023
G1 X48.103 Y11.197 E117.66771
G1 X48.104 Y11.685 E117.68394
G1 X48.954 Y11.733 E117.71226
G1 X48.94 Y11.872 E117.71691
M204 S2000
G0 F9000 X49.027 Y11.8
G1 F2400 E116.91691
;MESH:NONMESH
G0 F300 X49.027 Y11.8 Z7
G0 F9000 X51.531 Y12.015
G0 X52.924 Y12.102
;TIME_ELAPSED:378.097687
;LAYER:34
M204 S500
;TYPE:WALL-OUTER
;MESH:3DBenchy.stl
G1 F2400 E117.71691
G1 F600 X51.735 Y12.036 E117.75651
G1 X51.734 Y11.893 E117.76127
G1 X52.781 Y11.95 E117.79614
G1 X52.78 Y11.625 E117.80695
G1 X52.927 Y11.633 E117.81185
G1 X52.924 Y12.102 E117.82745
M204 S2000
G0 F9000 X52.726 Y11.9
G1 F2400 E117.02745
G0 F9000 X53.192 Y11.819
G0 X53.871 Y11.82
G0 X55.552 Y11.843
G0 X56.237 Y11.848
G0 X56.418 Y11.856
M204 S500
G1 F2400 E117.82745
G1 F600 X56.42 Y11.652 E117.83424
G1 X56.613 Y11.405 E117.84466
G1 X56.801 Y11.21 E117.85367
G1 X56.98 Y11.012 E117.86255
G1 X57.17 Y10.785 E117.87239
G1 X57.337 Y10.573 E117.88137
G1 X57.503 Y10.345 E117.89075
G1 X57.676 Y10.02 E117.903
G1 X57.637 Y9.858 E117.90854
G1 X57.458 Y9.592 E117.9192
G1 X57.296 Y9.374 E117.92824
G1 X57.103 Y9.132 E117.93853
G1 X56.924 Y8.925 E117.94763
G1 X56.725 Y8.709 E117.9574
G1 X56.507 Y8.489 E117.9677
G1 X56.42 Y8.374 E117.9725
G1 X56.419 Y8.143 E117.98018
G1 X56.673 Y8.368 E117.99147
G1 X56.866 Y8.55 E118.00029
G1 X57.047 Y8.731 E118.0088
G1 X57.22 Y8.912 E118.01713
G1 X57.533 Y9.278 E118.03315
G1 X57.725 Y9.713 E118.04896
G1 X57.825 Y9.925 E118.05676
G1 X57.823 Y10.091 E118.06228
G1 X57.706 Y10.322 E118.07089
G1 X57.63 Y10.556 E118.07908
G1 X57.355 Y10.936 E118.09468
G1 X57.162 Y11.148 E118.10421
G1 X56.972 Y11.345 E118.11332
G1 X56.756 Y11.554 E118.12331
G1 X56.528 Y11.762 E118.13358
G1 X56.418 Y11.856 E118.13839
M204 S2000
G1 F2400 E117.33839
G0 F9000 X56.31 Y11.456
G0 X55.819 Y10.981
G0 X53.871 Y8.562
G0 X53.192 Y8.561
G0 X52.781 Y8.374
M204 S500
G1 F2400 E118.13839
G1 F600 X52.781 Y8.048 E118.14923
G1 X51.735 Y8.108 E118.18408
G1 X51.735 Y7.964 E118.18887
G1 X52.926 Y7.898 E118.22854
G1 X52.924 Y8.367 E118.24414
G1 X52.781 Y8.374 E118.24891
M204 S2000
G0 F9000 X52.981 Y8.175
G1 F2400 E117.44891
G0 F9000 X51.559 Y8.305
G0 X49.146 Y8.439
G0 X48.271 Y8.473
G0 X48.098 Y8.688
M204 S500
G1 F2400 E118.24891
G1 F600 X47.873 Y8.686 E118.25639
G1 X47.872 Y8.599 E118.25928
G1 X47.955 Y8.576 E118.26215
G1 X47.956 Y8.175 E118.27549
G1 X48.935 Y8.121 E118.3081
G1 X48.948 Y8.263 E118.31284
G1 X48.1 Y8.31 E118.34109
G1 X48.098 Y8.688 E118.35366
M204 S2000
G0 F9000 X47.901 Y8.487
G1 F2400 E117.55366
G0 F9000 X48.283 Y8.876
G0 X48.285 Y11.513
G0 X48.935 Y11.88
M204 S500
G1 F2400 E118.35366
G1 F600 X47.961 Y11.824 E118.38611
G1 X47.955 Y11.612 E118.39316
G1 X47.955 Y11.35 E118.40188
G1 X47.873 Y11.351 E118.4046
G1 X47.873 Y11.314 E118.40583
G1 X48.098 Y11.312 E118.41332
G1 X48.099 Y11.69 E118.42589
G1 X48.949 Y11.737 E118.45421
G1 X48.935 Y11.88 E118.45898
M204 S2000
G0 F9000 X49.021 Y11.803
G1 F2400 E117.65898
;MESH:NONMESH
G0 F300 X49.021 Y11.803 Z7.2
G0 F9000 X51.547 Y12.018
G0 X52.94 Y12.108
;TIME_ELAPSED:382.041727
;LAYER:35
M204 S500
;TYPE:WALL-OUTER
;MESH:3DBenchy.stl
G1 F2400 E118.45898
G1 F600 X51.75 Y12.042 E118.49862
G1 X51.75 Y11.898 E118.50341
G1 X52.795 Y11.957 E118.53823
G1 X52.795 Y11.625 E118.54927
G1 X52.942 Y11.633 E118.55417
G1 X52.94 Y12.108 E118.56996
M204 S2000
G0 F9000 X52.742 Y11.907
G1 F2400 E117.76996
G0 F9000 X52.79 Y11.445
G0 X52.791 Y10.76
G0 X52.795 Y9.24
G0 X52.796 Y8.555
G0 X52.796 Y8.374
M204 S500
G1 F2400 E118.56996
G1 F600 X52.795 Y8.043 E118.58097
G1 X51.751 Y8.101 E118.61575
G1 X51.75 Y7.958 E118.62051
G1 X52.941 Y7.892 E118.66018
G1 X52.939 Y8.367 E118.67598
G1 X52.796 Y8.374 E118.68074
M204 S2000
G0 F9000 X52.996 Y8.175
G1 F2400 E117.88074
G0 F9000 X51.575 Y8.298
G0 X49.141 Y8.434
G0 X48.264 Y8.468
G0 X48.093 Y8.617
M204 S500
G1 F2400 E118.68074
G1 F600 X47.869 Y8.616 E118.68819
G1 X47.868 Y8.55 E118.69039
G1 X47.949 Y8.527 E118.69319
G1 X47.951 Y8.17 E118.70506
G1 X48.161 Y8.157 E118.71206
G1 X48.879 Y8.119 E118.73597
G1 X48.898 Y8.035 E118.73884
G1 X48.931 Y8.033 E118.73994
G1 X48.944 Y8.258 E118.74743
G1 X48.094 Y8.305 E118.77575
G1 X48.093 Y8.617 E118.78612
M204 S2000
G0 F9000 X47.894 Y8.417
G1 F2400 E117.98612
G0 F9000 X48.278 Y8.804
G0 X48.279 Y11.518
G0 X48.929 Y11.885
M204 S500
G1 F2400 E118.78612
G1 F600 X47.955 Y11.829 E118.81857
G1 X47.944 Y11.429 E118.83188
G1 X47.867 Y11.422 E118.83445
G1 X47.868 Y11.384 E118.83572
G1 X48.093 Y11.383 E118.8432
G1 X48.093 Y11.695 E118.85358
G1 X48.944 Y11.742 E118.88193
G1 X48.929 Y11.885 E118.88671
M204 S2000
G0 F9000 X49.015 Y11.808
G1 F2400 E118.08671
G0 F9000 X49.141 Y11.566
G0 X49.818 Y11.603
G0 X50.944 Y10.999
G0 X51.752 Y10.815
G0 X56.538 Y10.199
G0 X57.085 Y11.166
M204 S500
G1 F2400 E118.88671
G1 F600 X57.101 Y10.894 E118.89577
G1 X57.23 Y10.716 E118.90308
G1 X57.43 Y10.457 E118.91397
G1 X57.607 Y10.211 E118.92405
G1 X57.677 Y9.9 E118.93465
G1 X57.47 Y9.596 E118.94688
G1 X57.305 Y9.378 E118.95598
G1 X57.144 Y9.174 E118.96462
G1 X57.086 Y9.07 E118.96858
G1 X57.091 Y8.842 E118.97616
G1 X57.154 Y8.908 E118.9792
G1 X57.323 Y9.094 E118.98756
G1 X57.558 Y9.373 E118.99969
G1 X57.718 Y9.577 E119.00831
G1 X57.857 Y9.768 E119.01617
G1 X57.921 Y9.936 E119.02215
G1 X57.909 Y10.113 E119.02805
G1 X57.676 Y10.479 E119.04248
G1 X57.463 Y10.742 E119.05374
G1 X57.288 Y10.943 E119.0626
G1 X57.085 Y11.166 E119.07263
M204 S2000
G1 F2400 E118.27263
;MESH:NONMESH
G0 F300 X57.085 Y11.166 Z7.4
G0 F9000 X56.538 Y10.199
G0 X53.889 Y11.441
G0 X53.209 Y11.44
G0 X52.955 Y12.114
;TIME_ELAPSED:385.805255
;LAYER:36
M204 S500
;TYPE:WALL-OUTER
;MESH:3DBenchy.stl
G1 F2400 E119.07263
G1 F600 X51.766 Y12.048 E119.11224
G1 X51.766 Y11.904 E119.11703
G1 X52.811 Y11.963 E119.15184
G1 X52.811 Y11.625 E119.16308
G1 X52.958 Y11.633 E119.16798
G1 X52.955 Y12.114 E119.18398
M204 S2000
G0 F9000 X52.757 Y11.913
G1 F2400 E118.38398
G0 F9000 X53.01 Y11.445
G0 X53.011 Y10.76
G0 X53.015 Y9.24
G0 X53.016 Y8.555
G0 X53.016 Y8.367
M204 S500
G1 F2400 E119.18398
G1 F600 X52.812 Y8.374 E119.19077
G1 X52.812 Y8.036 E119.20201
G1 X51.766 Y8.095 E119.23685
G1 X51.754 Y7.871 E119.24431
G1 X51.801 Y7.869 E119.24588
G1 X51.823 Y7.95 E119.24867
G1 X52.944 Y7.887 E119.28601
G1 X52.959 Y8.087 E119.29269
G1 X53.016 Y8.367 E119.30219
M204 S2000
G0 F9000 X52.766 Y8.194
G1 F2400 E118.50219
G0 F9000 X53.224 Y8.561
G0 X53.903 Y8.562
G0 X56.891 Y9.203
G0 X57.566 Y9.225
G0 X57.753 Y10.27
M204 S500
G1 F2400 E119.30219
G1 F600 X57.756 Y9.99 E119.3115
G1 X57.751 Y9.705 E119.32098
G1 X57.865 Y9.967 E119.33049
G1 X57.838 Y10.149 E119.33661
G1 X57.753 Y10.27 E119.34152
M204 S2000
G0 F9000 X57.645 Y10.081
G1 F2400 E118.54152
G0 F9000 X57.655 Y10.082
G0 X57.564 Y10.777
G0 X56.888 Y10.782
G0 X51.958 Y10.771
G0 X51.058 Y10.981
G0 X49.813 Y11.609
G0 X49.136 Y11.571
G0 X48.426 Y11.544
G0 X47.862 Y11.418
M204 S500
G1 F2400 E119.34152
G1 F600 X48.088 Y11.417 E119.34904
G1 X48.088 Y11.7 E119.35845
G1 X48.938 Y11.747 E119.38677
G1 X48.925 Y11.971 E119.39423
G1 X48.879 Y11.969 E119.39576
G1 X48.866 Y11.888 E119.39849
G1 X47.95 Y11.834 E119.42901
G1 X47.937 Y11.45 E119.44179
G1 X47.862 Y11.418 E119.4445
M204 S2000
G0 F9000 X48.03 Y11.357
G1 F2400 E118.6445
G0 F9000 X47.884 Y8.763
G0 X47.863 Y8.567
M204 S500
G1 F2400 E119.4445
G1 F600 X47.944 Y8.564 E119.4472
G1 X47.944 Y8.173 E119.4602
G1 X48.13 Y8.154 E119.46642
G1 X48.905 Y8.112 E119.49223
G1 X48.925 Y8.028 E119.49511
G1 X48.938 Y8.253 E119.5026
G1 X48.088 Y8.3 E119.53092
G1 X48.088 Y8.583 E119.54033
G1 X47.863 Y8.567 E119.54783
M204 S2000
G0 F9000 X48.064 Y8.384
G1 F2400 E118.74783
;MESH:NONMESH
G0 F300 X48.064 Y8.384 Z7.6
G0 F9000 X49.136 Y8.429
G0 X49.173 Y9.105
G0 X50.912 Y11.673
G0 X51.589 Y11.707
G0 X52.971 Y12.12
;TIME_ELAPSED:389.285268
;LAYER:37
M204 S500
;TYPE:WALL-OUTER
;MESH:3DBenchy.stl
G1 F2400 E119.54783
G1 F600 X51.777 Y12.055 E119.5876
G1 X51.774 Y11.91 E119.59243
G1 X52.827 Y11.968 E119.6275
G1 X52.827 Y11.625 E119.63891
G1 X52.974 Y11.633 E119.64381
G1 X52.971 Y12.12 E119.66001
M204 S2000
G0 F9000 X52.773 Y11.92
G1 F2400 E118.86001
G0 F9000 X52.822 Y11.445
G0 X52.823 Y10.76
G0 X52.827 Y9.24
G0 X52.828 Y8.555
G0 X52.828 Y8.374
M204 S500
G1 F2400 E119.66001
G1 F600 X52.828 Y8.03 E119.67145
G1 X51.774 Y8.09 E119.70656
G1 X51.761 Y7.866 E119.71402
G1 X51.796 Y7.864 E119.71519
G1 X51.812 Y7.943 E119.71787
G1 X52.936 Y7.883 E119.75531
G1 X52.973 Y7.887 E119.75655
G1 X52.971 Y8.367 E119.77251
G1 X52.828 Y8.374 E119.77727
M204 S2000
G0 F9000 X53.028 Y8.175
G1 F2400 E118.97727
G0 F9000 X51.598 Y8.287
G0 X49.131 Y8.424
G0 X48.342 Y8.452
G0 X48.082 Y8.581
M204 S500
G1 F2400 E119.77727
G1 F600 X47.858 Y8.582 E119.78472
G1 X47.858 Y8.523 E119.78669
G1 X47.937 Y8.499 E119.78943
G1 X47.939 Y8.168 E119.80044
G1 X48.105 Y8.15 E119.80599
G1 X48.916 Y8.106 E119.83301
G1 X48.935 Y8.248 E119.83777
G1 X48.081 Y8.293 E119.86622
G1 X48.082 Y8.581 E119.8758
M204 S2000
G0 F9000 X47.993 Y8.209
G1 F2400 E119.0758
G0 F9000 X48.27 Y8.767
G0 X48.269 Y11.53
G0 X48.923 Y11.976
M204 S500
G1 F2400 E119.8758
G1 F600 X48.885 Y11.974 E119.87706
G1 X48.876 Y11.893 E119.87977
G1 X47.949 Y11.841 E119.91065
G1 X47.944 Y11.426 E119.92446
G1 X48.082 Y11.419 E119.92905
G1 X48.081 Y11.707 E119.93863
G1 X48.935 Y11.752 E119.96707
G1 X48.923 Y11.976 E119.97454
M204 S2000
G0 F9000 X48.971 Y11.794
G1 F2400 E119.17454
;MESH:NONMESH
G0 F300 X48.971 Y11.794 Z7.8
G0 F9000 X51.58 Y12.137
G0 X51.737 Y12.138
;TIME_ELAPSED:391.905381
;LAYER:38
M204 S500
;TYPE:WALL-OUTER
;MESH:3DBenchy.stl
G1 F2400 E119.97454
G1 F600 X51.751 Y11.914 E119.982
G1 X52.844 Y11.976 E120.01841
G1 X52.843 Y11.625 E120.03009
G1 X52.99 Y11.633 E120.03498
G1 X52.987 Y12.127 E120.05141
G1 X51.758 Y12.057 E120.09236
G1 X51.737 Y12.138 E120.09514
M204 S2000
G0 F9000 X51.679 Y11.968
G1 F2400 E119.29514
G0 F9000 X49.125 Y12.018
G0 X48.934 Y11.982
M204 S500
G1 F2400 E120.09514
G1 F600 X48.938 Y11.902 E120.0978
G1 X47.939 Y11.845 E120.13108
G1 X47.933 Y11.697 E120.13601
G1 X47.936 Y11.403 E120.14579
G1 X47.853 Y11.385 E120.14862
G1 X48.077 Y11.387 E120.15607
G1 X48.076 Y11.711 E120.16684
G1 X48.957 Y11.759 E120.19619
G1 X48.934 Y11.982 E120.20364
M204 S2000
G0 F9000 X48.756 Y11.774
G1 F2400 E119.40364
G0 F9000 X48.933 Y10.903
G0 X48.933 Y9.097
G0 X48.582 Y8.461
G0 X48.946 Y8.017
M204 S500
G1 F2400 E120.20364
G1 F600 X48.957 Y8.241 E120.2111
G1 X48.077 Y8.288 E120.24041
G1 X48.077 Y8.614 E120.25126
G1 X47.853 Y8.616 E120.25871
G1 X47.852 Y8.579 E120.25994
G1 X47.934 Y8.57 E120.26268
G1 X47.934 Y8.162 E120.27625
G1 X48.076 Y8.147 E120.281
G1 X48.934 Y8.101 E120.30958
G1 X48.946 Y8.017 E120.3124
M204 S2000
G0 F9000 X49.022 Y8.179
G1 F2400 E119.5124
G0 F9000 X49.153 Y8.417
G0 X51.576 Y8.283
G0 X52.669 Y8.208
G0 X52.843 Y8.374
M204 S500
G1 F2400 E120.3124
G1 F600 X52.842 Y8.024 E120.32404
G1 X51.751 Y8.086 E120.36039
G1 X51.737 Y7.862 E120.36785
G1 X51.785 Y7.859 E120.36945
G1 X51.806 Y7.94 E120.37224
G1 X52.977 Y7.874 E120.41125
G1 X52.988 Y8.01 E120.41578
G1 X52.988 Y8.367 E120.42766
G1 X52.843 Y8.374 E120.43249
M204 S2000
G0 F9000 X53.043 Y8.175
G1 F2400 E119.63249
;MESH:NONMESH
G0 F300 X53.043 Y8.175 Z8
G0 F9000 X52.657 Y8.56
G0 X52.656 Y9.24
G0 X51.987 Y10.771
G0 X51.989 Y11.074
G0 X52.477 Y11.772
G0 X51.678 Y12.14
;TIME_ELAPSED:394.715581
;LAYER:39
M204 S500
;TYPE:WALL-OUTER
;MESH:3DBenchy.stl
G1 F2400 E120.43249
G1 F600 X51.693 Y11.916 E120.43995
G1 X52.86 Y11.982 E120.47883
G1 X52.859 Y11.625 E120.4907
G1 X53.005 Y11.633 E120.49557
G1 X53.003 Y12.133 E120.5122
G1 X51.758 Y12.063 E120.55367
G1 X51.731 Y12.143 E120.55648
G1 X51.678 Y12.14 E120.55824
M204 S2000
G0 F9000 X51.674 Y11.941
G1 F2400 E119.75824
G0 F9000 X51.496 Y12.156
G0 X49.183 Y12.052
G0 X49.005 Y11.991
M204 S500
G1 F2400 E120.55824
G1 F600 X48.94 Y11.988 E120.56041
G1 X48.927 Y11.906 E120.56317
G1 X47.933 Y11.85 E120.59628
G1 X47.928 Y11.706 E120.60108
G1 X47.928 Y11.386 E120.61172
G1 X47.847 Y11.37 E120.61446
G1 X47.848 Y11.315 E120.61629
G1 X48.072 Y11.318 E120.62375
G1 X48.071 Y11.717 E120.63702
G1 X49.015 Y11.767 E120.66846
G1 X49.005 Y11.991 E120.67592
M204 S2000
G0 F9000 X49.023 Y11.802
G1 F2400 E119.87592
G0 F9000 X48.257 Y11.54
G0 X48.216 Y8.88
G0 X47.847 Y8.651
M204 S500
G1 F2400 E120.67592
G1 F600 X47.927 Y8.651 E120.67858
G1 X47.93 Y8.156 E120.69504
G1 X48.049 Y8.143 E120.69902
G1 X48.978 Y8.092 E120.72997
G1 X48.975 Y8.01 E120.7327
G1 X49.005 Y8.009 E120.73369
G1 X49.015 Y8.233 E120.74115
G1 X48.071 Y8.283 E120.77259
G1 X48.072 Y8.683 E120.7859
G1 X47.848 Y8.686 E120.79335
G1 X47.847 Y8.651 E120.79451
M204 S2000
G0 F9000 X47.871 Y8.651
G1 F2400 E119.99451
G0 F9000 X48.204 Y8.467
G0 X49.21 Y8.409
G0 X51.52 Y8.281
G0 X52.686 Y8.202
G0 X52.859 Y8.374
M204 S500
G1 F2400 E120.79451
G1 F600 X52.859 Y8.018 E120.80635
G1 X51.693 Y8.084 E120.8452
G1 X51.678 Y7.86 E120.85266
G1 X51.705 Y7.858 E120.85357
G1 X51.71 Y7.94 E120.8563
G1 X52.982 Y7.868 E120.89867
G1 X53.004 Y7.873 E120.89942
G1 X53.002 Y8.367 E120.91585
G1 X52.859 Y8.374 E120.92061
M204 S2000
G0 F9000 X53.059 Y8.175
G1 F2400 E120.12061
;MESH:NONMESH
G0 F300 X53.059 Y8.175 Z8.2
G0 F9000 X52.673 Y8.56
G0 X52.672 Y9.24
G0 X52.003 Y10.771
G0 X52.005 Y11.08
G0 X52.493 Y11.778
G0 X51.577 Y12.14
;TIME_ELAPSED:397.634598
;LAYER:40
M204 S500
;TYPE:WALL-OUTER
;MESH:3DBenchy.stl
G1 F2400 E120.92061
G1 F600 X51.592 Y11.916 E120.92808
G1 X52.876 Y11.988 E120.97085
G1 X52.875 Y11.625 E120.98293
G1 X53.02 Y11.633 E120.98776
G1 X53.02 Y12.139 E121.00459
G1 X51.644 Y12.061 E121.05043
G1 X51.637 Y12.143 E121.05316
G1 X51.577 Y12.14 E121.05516
M204 S2000
G0 F9000 X51.789 Y11.954
G1 F2400 E120.25516
G0 F9000 X51.393 Y12.162
G0 X49.283 Y12.08
G0 X49.105 Y12.003
M204 S500
G1 F2400 E121.05516
G1 F600 X49.046 Y12 E121.05713
G1 X49.049 Y11.919 E121.05982
G1 X48.445 Y11.883 E121.07995
G1 X47.932 Y11.856 E121.09703
G1 X47.923 Y11.718 E121.10163
G1 X47.925 Y11.275 E121.11637
G1 X47.841 Y11.273 E121.11916
G1 X47.842 Y11.201 E121.12156
G1 X48.066 Y11.205 E121.12901
G1 X48.066 Y11.72 E121.14614
G1 X49.113 Y11.778 E121.18102
G1 X49.105 Y12.003 E121.1885
M204 S2000
G0 F9000 X49.138 Y11.84
G1 F2400 E120.3885
G0 F9000 X48.252 Y11.543
G0 X48.208 Y8.992
G0 X47.842 Y8.798
M204 S500
G1 F2400 E121.1885
G1 F600 X47.841 Y8.681 E121.1924
G1 X47.925 Y8.655 E121.19532
G1 X47.923 Y8.245 E121.20896
G1 X47.932 Y8.145 E121.2123
G1 X49.028 Y8.083 E121.24881
G1 X49.034 Y8.002 E121.25151
G1 X49.105 Y7.998 E121.25387
G1 X49.113 Y8.222 E121.26133
G1 X48.066 Y8.28 E121.29621
G1 X48.067 Y8.794 E121.3133
G1 X47.842 Y8.798 E121.32079
M204 S2000
G0 F9000 X48.039 Y8.594
G1 F2400 E120.52079
G0 F9000 X49.307 Y8.398
G0 X51.42 Y8.28
G0 X52.702 Y8.195
G0 X52.875 Y8.374
M204 S500
G1 F2400 E121.32079
G1 F600 X52.875 Y8.012 E121.33283
G1 X51.593 Y8.084 E121.37553
G1 X51.578 Y7.861 E121.38297
G1 X51.689 Y7.854 E121.38667
G1 X51.722 Y7.935 E121.38958
G1 X53.008 Y7.861 E121.43242
G1 X53.026 Y8.367 E121.44926
G1 X52.875 Y8.374 E121.45429
M204 S2000
G0 F9000 X53.075 Y8.175
G1 F2400 E120.65429
;MESH:NONMESH
G0 F300 X53.075 Y8.175 Z8.4
G0 F9000 X52.689 Y8.56
G0 X52.688 Y9.24
G0 X52.019 Y10.771
G0 X52.021 Y11.086
G0 X52.507 Y11.785
G0 X51.475 Y12.139
G0 X51.421 Y12.136
;TIME_ELAPSED:400.719180
;LAYER:41
M204 S500
;TYPE:WALL-OUTER
;MESH:3DBenchy.stl
G1 F2400 E121.45429
G1 F600 X51.439 Y11.913 E121.46173
G1 X52.892 Y11.993 E121.51013
G1 X52.891 Y11.625 E121.52237
G1 X53.036 Y11.633 E121.5272
G1 X53.036 Y12.145 E121.54423
G1 X51.54 Y12.061 E121.59406
G1 X51.533 Y12.142 E121.59677
G1 X51.421 Y12.136 E121.6005
M204 S2000
G0 F9000 X51.461 Y11.972
G1 F2400 E120.8005
G0 F9000 X51.238 Y12.173
G0 X49.438 Y12.109
G0 X49.26 Y12.016
M204 S500
G1 F2400 E121.6005
G1 F600 X49.152 Y12.011 E121.60409
G1 X49.156 Y11.931 E121.60676
G1 X48.443 Y11.888 E121.63051
G1 X47.927 Y11.861 E121.6477
G1 X47.917 Y11.719 E121.65243
G1 X47.919 Y11.164 E121.67089
G1 X47.836 Y11.161 E121.67366
G1 X47.837 Y11.027 E121.67811
G1 X48.062 Y11.033 E121.6856
G1 X48.061 Y11.725 E121.70862
G1 X49.267 Y11.791 E121.74879
G1 X49.26 Y12.016 E121.75627
M204 S2000
G0 F9000 X49.067 Y11.811
G1 F2400 E120.95627
G0 F9000 X48.247 Y11.548
G0 X47.933 Y8.896
G0 X47.837 Y8.973
M204 S500
G1 F2400 E121.75627
G1 F600 X47.836 Y8.791 E121.76233
G1 X47.92 Y8.764 E121.76526
G1 X47.917 Y8.339 E121.7794
G1 X47.918 Y8.145 E121.78585
G1 X47.985 Y8.136 E121.7881
G1 X48.645 Y8.101 E121.81008
G1 X49.101 Y8.073 E121.82528
G1 X49.123 Y7.992 E121.82807
G1 X49.259 Y7.984 E121.8326
G1 X49.266 Y8.209 E121.84009
G1 X48.061 Y8.275 E121.88023
G1 X48.062 Y8.967 E121.90324
G1 X47.837 Y8.973 E121.91073
M204 S2000
G1 F2400 E121.11073
G0 F9000 X48.916 Y9.083
G0 X50.144 Y9.016
G0 X50.594 Y8.337
G0 X51.268 Y8.282
G0 X52.718 Y8.189
G0 X52.891 Y8.374
M204 S500
G1 F2400 E121.91073
G1 F600 X52.891 Y8.007 E121.92293
G1 X51.439 Y8.087 E121.9713
G1 X51.421 Y7.863 E121.97878
G1 X51.566 Y7.855 E121.98361
G1 X51.588 Y7.936 E121.9864
G1 X53.021 Y7.856 E122.03413
G1 X53.044 Y8.367 E122.05115
G1 X52.891 Y8.374 E122.05624
M204 S2000
G0 F9000 X53.091 Y8.175
G1 F2400 E121.25624
;MESH:NONMESH
G0 F300 X53.091 Y8.175 Z8.6
G0 F9000 X52.705 Y8.56
G0 X52.704 Y9.24
G0 X52.035 Y10.771
G0 X52.037 Y11.092
G0 X52.526 Y11.792
G0 X51.321 Y12.139
G0 X51.172 Y12.128
;TIME_ELAPSED:404.053187
;LAYER:42
M204 S500
;TYPE:WALL-OUTER
;MESH:3DBenchy.stl
G1 F2400 E122.05624
G1 F600 X51.194 Y11.905 E122.06369
G1 X52.907 Y12.001 E122.12076
G1 X52.906 Y11.625 E122.13326
G1 X53.053 Y11.633 E122.13816
G1 X53.05 Y12.151 E122.15539
G1 X51.397 Y12.06 E122.21045
G1 X51.39 Y12.14 E122.21312
G1 X51.172 Y12.128 E122.22038
M204 S2000
G1 F2400 E121.42038
G0 F9000 X51.264 Y12.043
G0 X49.398 Y11.916
G0 X49.509 Y12.035
M204 S500
G1 F2400 E122.22038
G1 F600 X49.292 Y12.023 E122.22761
G1 X49.294 Y11.942 E122.23031
G1 X47.922 Y11.866 E122.27601
G1 X47.912 Y11.718 E122.28094
G1 X47.912 Y11.261 E122.29614
G1 X47.92 Y11.047 E122.30327
G1 X47.831 Y11.024 E122.30632
G1 X47.832 Y10.733 E122.316
G1 X48.056 Y10.744 E122.32346
G1 X48.056 Y11.731 E122.35629
G1 X49.513 Y11.81 E122.40482
G1 X49.509 Y12.035 E122.41231
M204 S2000
G1 F2400 E121.61231
G0 F9000 X49.211 Y11.854
G0 X48.242 Y11.554
G0 X47.943 Y9.147
G0 X47.907 Y8.692
G0 X47.831 Y9.267
M204 S500
G1 F2400 E122.41231
G1 F600 X47.831 Y8.999 E122.42122
G1 X47.913 Y8.997 E122.42395
G1 X47.913 Y8.139 E122.45249
G1 X47.961 Y8.132 E122.4541
G1 X49.273 Y8.06 E122.4978
G1 X49.28 Y7.978 E122.50054
G1 X49.508 Y7.965 E122.50813
G1 X49.512 Y8.189 E122.51559
G1 X48.056 Y8.27 E122.56409
G1 X48.057 Y9.255 E122.59685
G1 X47.831 Y9.267 E122.60438
M204 S2000
G0 F9000 X48.208 Y8.392
G1 F2400 E121.80438
G0 F9000 X48.184 Y8.391
G0 X48.95 Y8.123
G0 X49.396 Y8.081
G0 X50.375 Y8.065
G0 X52.056 Y8.901
G0 X52.906 Y8.374
M204 S500
G1 F2400 E122.60438
G1 F600 X52.905 Y7.999 E122.61685
G1 X51.195 Y8.095 E122.67381
G1 X51.173 Y7.873 E122.68123
G1 X51.387 Y7.861 E122.68836
G1 X51.393 Y7.942 E122.69106
G1 X53.043 Y7.849 E122.74603
G1 X53.051 Y7.925 E122.74857
G1 X53.051 Y8.367 E122.76327
G1 X52.906 Y8.374 E122.7681
M204 S2000
G1 F2400 E121.9681
;MESH:NONMESH
G0 F300 X52.906 Y8.374 Z8.8
G0 F9000 X52.905 Y9.24
G0 X53.988 Y10.774
G0 X53.996 Y12.16
G0 X53.067 Y12.158
;TIME_ELAPSED:407.747640
;LAYER:43
M204 S500
;TYPE:WALL-OUTER
;MESH:3DBenchy.stl
G1 F2400 E122.7681
G1 F600 X51.199 Y12.054 E122.83033
G1 X51.191 Y12.134 E122.833
G1 X49.492 Y12.039 E122.8896
G1 X49.494 Y11.959 E122.89226
G1 X48.503 Y11.902 E122.92527
G1 X47.917 Y11.871 E122.94479
G1 X47.907 Y11.721 E122.94979
G1 X47.908 Y10.816 E122.97989
G1 X47.826 Y10.799 E122.98268
G1 X47.826 Y9.218 E123.03526
G1 X47.908 Y9.215 E123.03799
G1 X47.908 Y8.138 E123.07381
G1 X48.135 Y8.117 E123.0814
G1 X48.413 Y8.103 E123.09065
G1 X49.446 Y8.044 E123.12507
G1 X49.467 Y7.962 E123.12788
G1 X49.721 Y7.949 E123.13634
G1 X49.973 Y7.933 E123.14474
G1 X51.219 Y7.865 E123.18624
G1 X51.24 Y7.945 E123.18899
G1 X53.06 Y7.843 E123.24962
G1 X53.067 Y7.903 E123.25163
G1 X53.065 Y8.367 E123.26707
G1 X52.922 Y8.374 E123.27183
G1 X52.922 Y7.993 E123.2845
G1 X48.05 Y8.265 E123.44679
G1 X48.052 Y10.444 E123.51927
G1 X48.05 Y10.711 E123.52815
G1 X48.05 Y11.736 E123.56224
G1 X52.923 Y12.006 E123.72457
G1 X52.922 Y11.626 E123.73721
G1 X53.067 Y11.633 E123.74203
G1 X53.067 Y12.158 E123.7595
M204 S2000
G0 F9000 X52.879 Y11.948
G1 F2400 E122.9595
;MESH:NONMESH
G0 F300 X52.879 Y11.948 Z9
G0 F9000 X53.083 Y12.163
;TIME_ELAPSED:411.011359
;LAYER:44
M204 S500
;TYPE:WALL-OUTER
;MESH:3DBenchy.stl
G1 F2400 E123.7595
G1 F600 X50.9 Y12.042 E123.83221
G1 X50.891 Y12.122 E123.83489
G1 X49.789 Y12.061 E123.8716
G1 X49.789 Y11.981 E123.87426
G1 X48.902 Y11.929 E123.90381
G1 X47.911 Y11.876 E123.93682
G1 X47.902 Y11.737 E123.94145
G1 X47.903 Y10.484 E123.98313
G1 X47.821 Y10.458 E123.98599
G1 X47.82 Y9.563 E124.01576
G1 X47.902 Y9.557 E124.01849
G1 X47.903 Y8.132 E124.06589
G1 X48.046 Y8.117 E124.07067
G1 X49.226 Y8.053 E124.10998
G1 X49.758 Y8.022 E124.1277
G1 X49.772 Y7.94 E124.13047
G1 X50.034 Y7.924 E124.1392
G1 X50.943 Y7.874 E124.16948
G1 X50.984 Y7.954 E124.17247
G1 X53.078 Y7.837 E124.24222
G1 X53.083 Y7.873 E124.24343
G1 X53.081 Y8.367 E124.25986
G1 X52.938 Y8.374 E124.26462
G1 X52.938 Y7.987 E124.27749
G1 X48.438 Y8.239 E124.4274
G1 X48.045 Y8.259 E124.44049
G1 X48.045 Y11.74 E124.55627
G1 X52.939 Y12.012 E124.71929
G1 X52.938 Y11.626 E124.73213
G1 X53.083 Y11.633 E124.73696
G1 X53.083 Y12.163 E124.75459
M204 S2000
G0 F9000 X52.895 Y11.954
G1 F2400 E123.95459
;MESH:NONMESH
G0 F300 X52.895 Y11.954 Z9.2
G0 F9000 X53.097 Y12.169
;TIME_ELAPSED:414.283618
;LAYER:45
M204 S500
;TYPE:WALL-OUTER
;MESH:3DBenchy.stl
G1 F2400 E124.75459
G1 F600 X47.976 Y11.884 E124.92518
G1 X47.897 Y11.869 E124.92785
G1 X47.898 Y8.128 E125.05228
G1 X48.039 Y8.113 E125.05699
G1 X50.321 Y7.986 E125.13301
G1 X53.095 Y7.831 E125.22542
G1 X53.098 Y7.854 E125.22619
G1 X53.098 Y8.367 E125.24325
G1 X52.953 Y8.374 E125.24808
G1 X52.952 Y7.982 E125.26112
G1 X48.04 Y8.255 E125.42474
G1 X48.04 Y11.745 E125.54082
G1 X52.953 Y12.018 E125.70448
G1 X52.953 Y11.626 E125.71752
G1 X53.1 Y11.633 E125.72241
G1 X53.097 Y12.169 E125.74024
M204 S2000
G0 F9000 X52.898 Y11.97
G1 F2400 E124.94024
;MESH:NONMESH
G0 F300 X52.898 Y11.97 Z9.4
G0 F9000 X52.969 Y12.024
;TIME_ELAPSED:417.495431
;LAYER:46
M204 S500
;TYPE:WALL-OUTER
;MESH:3DBenchy.stl
G1 F2400 E125.74024
G1 F600 X52.969 Y7.975 E125.87491
G1 X48.034 Y8.25 E126.0393
G1 X48.035 Y11.749 E126.15568
G1 X52.969 Y12.024 E126.32004
M204 S2000
G0 F9000 X53.114 Y12.173
M204 S500
G1 F600 X52.937 Y12.166 E126.32593
G1 X47.9 Y11.886 E126.49372
G1 X47.891 Y11.761 E126.49789
G1 X47.893 Y8.123 E126.61889
G1 X48.037 Y8.108 E126.62371
G1 X53.113 Y7.825 E126.7928
G1 X53.114 Y8.367 E126.81083
G1 X53.196 Y8.367 E126.81355
G1 X53.196 Y11.633 E126.92218
G1 X53.115 Y11.633 E126.92487
G1 X53.114 Y12.173 E126.94283
M204 S2000
G0 F9000 X52.927 Y11.966
G1 F2400 E126.14283
;MESH:NONMESH
G0 F300 X52.927 Y11.966 Z9.6
G0 F9000 X52.985 Y12.03
;TIME_ELAPSED:421.394860
;LAYER:47
M204 S500
;TYPE:WALL-OUTER
;MESH:3DBenchy.stl
G1 F2400 E126.94283
G1 F600 X52.985 Y7.97 E127.07787
G1 X48.029 Y8.245 E127.24296
G1 X48.03 Y11.754 E127.35967
G1 X52.985 Y12.03 E127.52473
M204 S2000
G0 F9000 X53.13 Y12.179
M204 S500
G1 F600 X52.975 Y12.173 E127.52989
G1 X49.047 Y11.954 E127.66074
G1 X48.658 Y11.937 E127.67369
G1 X48.464 Y11.931 E127.68014
G1 X48.097 Y11.925 E127.69235
G1 X47.845 Y11.928 E127.70073
G1 X47.813 Y11.912 E127.70192
G1 X47.814 Y8.098 E127.82878
G1 X47.835 Y8.072 E127.82989
G1 X48.119 Y8.074 E127.83934
G1 X48.545 Y8.066 E127.85351
G1 X48.937 Y8.051 E127.86656
G1 X53.13 Y7.818 E128.00623
G1 X53.13 Y8.357 E128.02416
G1 X53.212 Y8.361 E128.02689
G1 X53.212 Y11.633 E128.13572
G1 X53.131 Y11.633 E128.13841
G1 X53.13 Y12.179 E128.15657
M204 S2000
G1 F2400 E127.35657
;MESH:NONMESH
G0 F300 X53.13 Y12.179 Z9.8
G0 F9000 X53.001 Y12.036
;TIME_ELAPSED:425.307832
;LAYER:48
M204 S500
;TYPE:WALL-OUTER
;MESH:3DBenchy.stl
G1 F2400 E128.15657
G1 F600 X53.001 Y7.964 E128.292
G1 X48.025 Y8.241 E128.45776
G1 X48.025 Y11.759 E128.57477
G1 X53.001 Y12.036 E128.74053
M204 S2000
G0 F9000 X53.146 Y12.185
M204 S500
G1 F600 X52.989 Y12.179 E128.74576
G1 X50.879 Y12.064 E128.81604
G1 X50.454 Y12.05 E128.83018
G1 X50.091 Y12.046 E128.84226
G1 X49.768 Y12.052 E128.853
G1 X49.491 Y12.066 E128.86223
G1 X49.217 Y12.096 E128.87139
G1 X48.944 Y12.171 E128.88081
G1 X48.562 Y12.189 E128.89353
G1 X48.269 Y12.183 E128.90328
G1 X47.991 Y12.171 E128.91253
G1 X47.775 Y12.156 E128.91973
G1 X47.658 Y12.099 E128.92406
G1 X47.599 Y11.938 E128.92977
G1 X47.601 Y8.023 E129.05998
G1 X47.65 Y7.911 E129.06405
G1 X47.762 Y7.845 E129.06837
G1 X47.985 Y7.83 E129.0758
G1 X48.259 Y7.816 E129.08493
G1 X48.545 Y7.812 E129.09444
G1 X49.029 Y7.843 E129.11057
G1 X49.31 Y7.918 E129.12025
G1 X49.624 Y7.942 E129.13072
G1 X49.889 Y7.952 E129.13954
G1 X50.254 Y7.952 E129.15168
G1 X50.552 Y7.948 E129.16159
G1 X51.099 Y7.926 E129.1798
G1 X53.133 Y7.812 E129.24756
G1 X53.146 Y8.009 E129.25412
G1 X53.146 Y12.185 E129.39302
M204 S2000
G0 F9000 X52.957 Y11.978
G1 F2400 E128.59302
;MESH:NONMESH
G0 F300 X52.957 Y11.978 Z10
G0 F9000 X53.016 Y12.042
;TIME_ELAPSED:429.299755
;LAYER:49
M204 S500
;TYPE:WALL-OUTER
;MESH:3DBenchy.stl
G1 F2400 E129.39302
G1 F600 X53.016 Y7.958 E129.52885
G1 X48.245 Y8.224 E129.68778
G1 X48.019 Y8.224 E129.6953
G1 X48.019 Y11.771 E129.81327
G1 X48.281 Y11.778 E129.82199
G1 X53.016 Y12.042 E129.97972
M204 S2000
G0 F9000 X53.161 Y12.192
M204 S500
G1 F600 X52.618 Y12.173 E129.99779
G1 X52.389 Y12.169 E130.00541
G1 X52.049 Y12.168 E130.01672
G1 X51.768 Y12.175 E130.02607
G1 X51.496 Y12.192 E130.03513
G1 X51.213 Y12.235 E130.04465
G1 X50.964 Y12.297 E130.05319
G1 X50.685 Y12.309 E130.06248
G1 X50.426 Y12.307 E130.07109
G1 X50.128 Y12.295 E130.08101
G1 X47.775 Y12.159 E130.1594
G1 X47.647 Y12.104 E130.16404
G1 X47.579 Y11.947 E130.16973
G1 X47.581 Y8.025 E130.30017
G1 X47.632 Y7.91 E130.30436
G1 X47.754 Y7.842 E130.309
G1 X50.23 Y7.701 E130.39149
G1 X50.555 Y7.691 E130.4023
G1 X50.904 Y7.698 E130.41391
G1 X51.134 Y7.736 E130.42167
G1 X51.406 Y7.8 E130.43096
G1 X51.69 Y7.822 E130.44044
G1 X52.012 Y7.832 E130.45115
G1 X52.389 Y7.831 E130.46369
G1 X52.617 Y7.828 E130.47127
G1 X53.02 Y7.814 E130.48469
G1 X53.161 Y7.824 E130.48939
G1 X53.161 Y12.192 E130.63467
M204 S2000
G1 F2400 E129.83467
G0 F9000 X51.892 Y12.093
G0 X51.478 Y12.074
G0 X48.573 Y11.929
G0 X47.819 Y11.858
G0 X47.808 Y11.909
M204 S500
;TYPE:SKIN
G1 F2400 E130.63467
G1 F600 X47.8 Y11.634 E130.63682
G1 X47.801 Y8.523 E130.6612
M204 S2000
G0 F9000 X47.757 Y8.284
M204 S500
G1 F600 X47.845 Y8.196 E130.66327
M204 S2000
G1 F2400 E129.86327
;MESH:NONMESH
G0 F300 X47.845 Y8.196 Z10.2
G0 F9000 X47.819 Y8.196
G0 X47.891 Y11.894
G0 X48.98 Y12.016
G0 X49.038 Y10.974
;TIME_ELAPSED:434.248121
;LAYER:50
M204 S500
;TYPE:WALL-INNER
;MESH:3DBenchy.stl
G1 F2400 E130.66327
G1 F600 X49.513 Y10.624 E130.6829
G1 X49.717 Y10.083 E130.70213
G1 X49.619 Y9.555 E130.71999
G1 X49.238 Y9.124 E130.73912
G1 X48.67 Y8.967 E130.75872
G1 X48.272 Y9.094 E130.77262
G1 X48.11 Y9.145 E130.77826
G1 X47.96 Y9.328 E130.78613
G1 X47.96 Y9.145 E130.78689
G1 X47.96 Y8.975 E130.79112
G1 X47.96 Y8.229 E130.81593
G1 X52.213 Y7.985 E130.95762
G1 X52.528 Y7.973 E130.9681
G1 X52.597 Y7.971 E130.9704
G1 X52.861 Y7.975 E130.97918
G1 X52.861 Y8.044 E130.98148
G1 X52.862 Y11.972 E131.11212
G1 X52.862 Y12.025 E131.11389
G1 X52.566 Y12.029 E131.12373
G1 X52.513 Y12.028 E131.12549
G1 X52.279 Y12.019 E131.13328
G1 X47.96 Y11.771 E131.27717
G1 X47.96 Y11.068 E131.30055
G1 X47.96 Y11.067 E131.30059
G1 X47.96 Y10.723 E131.31203
G1 X48.259 Y10.895 E131.31853
G1 X48.448 Y11.005 E131.3258
G1 X49.038 Y10.974 E131.34545
M204 S2000
G0 F9000 X48.897 Y10.581
M204 S500
;TYPE:WALL-OUTER
G1 F600 X49.18 Y10.372 E131.35716
G1 X49.303 Y10.046 E131.36874
G1 X49.246 Y9.737 E131.3792
G1 X49.017 Y9.478 E131.39069
G1 X48.678 Y9.384 E131.40239
G1 X48.344 Y9.49 E131.41405
G1 X48.122 Y9.761 E131.4257
G1 X48.084 Y10.111 E131.43741
G1 X48.243 Y10.424 E131.44909
G1 X48.546 Y10.599 E131.46072
G1 X48.897 Y10.581 E131.47241
M204 S2000
G0 F9000 X49.045 Y10.995
G1 F2400 E130.67241
G0 F9000 X48.151 Y11.053
G0 X48.141 Y11.599
G0 X53.051 Y12.217
G0 X53.118 Y12.409
M204 S500
G1 F2400 E131.47241
G1 F600 X52.82 Y12.428 E131.48235
G1 X52.554 Y12.429 E131.49119
G1 X52.265 Y12.419 E131.50081
G1 X47.764 Y12.16 E131.65076
G1 X47.63 Y12.107 E131.65556
G1 X47.56 Y11.954 E131.66115
G1 X47.56 Y8.052 E131.79093
G1 X47.598 Y7.928 E131.79525
G1 X47.751 Y7.841 E131.8011
G1 X52.199 Y7.585 E131.94929
G1 X52.585 Y7.571 E131.96213
G1 X52.821 Y7.572 E131.96998
G1 X53.116 Y7.591 E131.97981
G1 X53.224 Y7.669 E131.98425
G1 X53.261 Y7.772 E131.98789
G1 X53.262 Y12.237 E132.13639
G1 X53.223 Y12.334 E132.13987
G1 X53.118 Y12.409 E132.14416
M204 S2000
G0 F9000 X52.821 Y11.994
G0 X52.472 Y11.635
M204 S500
;TYPE:SKIN
G1 F600 X52.301 Y11.629 E132.14985
G1 X48.35 Y11.402 E132.28148
G1 X49.175 Y11.358 E132.30896
G1 X49.837 Y10.87 E132.33631
G1 X50.12 Y10.119 E132.36301
G1 X49.983 Y9.378 E132.38807
G1 X49.454 Y8.779 E132.41465
G1 X48.721 Y8.576 E132.43995
G1 X52.235 Y8.375 E132.55701
G1 X52.471 Y8.366 E132.56487
G1 X52.472 Y11.635 E132.6736
M204 S2000
G0 F9000 X52.752 Y11.635
G0 X52.679 Y8.154
G0 X48.571 Y8.305
G0 X48.586 Y8.584
M204 S500
G1 F600 X48.35 Y8.659 E132.68183
G1 X48.35 Y8.598 E132.68386
G1 X48.586 Y8.584 E132.69172
M204 S2000
G0 F9000 X48.571 Y8.305
G0 X48.141 Y8.401
G0 X48.147 Y8.938
G0 X49.093 Y9.357
G0 X49.374 Y9.675
G0 X49.577 Y10.788
G0 X48.151 Y11.053
G0 X48.141 Y11.599
G0 X49.975 Y11.775
G0 X50 Y11.336
M204 S500
G1 F600 X50 Y10.892 E132.70649
M204 S2000
G0 F9000 X50.399 Y11.358
M204 S500
G1 F600 X50.4 Y8.639 E132.79693
M204 S2000
G0 F9000 X50.8 Y8.617
M204 S500
G1 F600 X50.799 Y11.381 E132.88886
M204 S2000
G0 F9000 X51.199 Y11.404
M204 S500
G1 F600 X51.2 Y8.595 E132.98228
M204 S2000
G0 F9000 X51.6 Y8.572
M204 S500
G1 F600 X51.599 Y11.427 E133.07724
M204 S2000
G0 F9000 X51.999 Y11.45
M204 S500
G1 F600 X52 Y8.549 E133.17373
M204 S2000
G0 F9000 X51.976 Y8.11
G0 X49.976 Y8.224
G0 X50 Y8.662
M204 S500
G1 F600 X50 Y9.155 E133.19013
M204 S2000
G0 F9000 X49.671 Y9.446
G0 X49.294 Y10.459
G0 X48.269 Y11.03
G0 X48.244 Y11.071
M204 S500
;TYPE:SKIN
G1 F600 X48.395 Y11.223 E133.19369
M204 S2000
G0 F9000 X47.886 Y10.431
M204 S500
G1 F600 X47.834 Y10.096 E133.20262
G1 X47.855 Y9.552 E133.21696
M204 S2000
G0 F9000 X47.76 Y9.433
G0 X47.76 Y10.564
G0 X47.736 Y10.564
M204 S500
G1 F600 X47.801 Y10.629 E133.21849
M204 S2000
G0 F9000 X47.877 Y10.771
G1 F2400 E132.41849
;MESH:NONMESH
G0 F300 X47.877 Y10.771 Z10.4
G0 F9000 X49.045 Y10.971
;TIME_ELAPSED:444.579274
;LAYER:51
M204 S500
;TYPE:WALL-INNER
;MESH:3DBenchy.stl
G1 F2400 E133.21849
G1 F600 X49.518 Y10.616 E133.23816
G1 X49.717 Y10.073 E133.25739
G1 X49.614 Y9.548 E133.27519
G1 X49.234 Y9.122 E133.29417
G1 X48.666 Y8.967 E133.31375
G1 X48.268 Y9.096 E133.32767
G1 X48.105 Y9.148 E133.33336
G1 X47.957 Y9.33 E133.34116
G1 X47.957 Y9.148 E133.34191
G1 X47.957 Y8.976 E133.34618
G1 X47.957 Y8.23 E133.37099
G1 X48.001 Y8.225 E133.37246
G1 X52.806 Y7.95 E133.53254
G1 X53.016 Y7.938 E133.53954
G1 X53.016 Y8.148 E133.54398
G1 X53.016 Y8.149 E133.54402
G1 X53.016 Y11.851 E133.66715
G1 X53.016 Y11.852 E133.66718
G1 X53.016 Y12.062 E133.67416
G1 X52.806 Y12.05 E133.67862
G1 X47.957 Y11.771 E133.84017
G1 X47.957 Y11.065 E133.86365
G1 X47.957 Y11.064 E133.86368
G1 X47.957 Y10.723 E133.87502
G1 X48.254 Y10.891 E133.88147
G1 X48.454 Y11.005 E133.88913
G1 X49.045 Y10.971 E133.90882
M204 S2000
G0 F9000 X48.901 Y10.579
M204 S500
;TYPE:WALL-OUTER
G1 F600 X49.183 Y10.367 E133.92055
G1 X49.303 Y10.04 E133.93214
G1 X49.243 Y9.733 E133.94254
G1 X49.014 Y9.477 E133.95396
G1 X48.675 Y9.384 E133.96566
G1 X48.341 Y9.492 E133.97733
G1 X48.12 Y9.764 E133.98899
G1 X48.084 Y10.114 E134.00069
G1 X48.246 Y10.427 E134.01241
G1 X48.549 Y10.599 E134.024
G1 X48.901 Y10.579 E134.03573
M204 S2000
G0 F9000 X49.052 Y10.992
G1 F2400 E133.23573
G0 F9000 X48.147 Y11.05
G0 X48.138 Y11.599
G0 X53.212 Y12.272
G0 X53.285 Y12.462
M204 S500
G1 F2400 E134.03573
G1 F600 X53.176 Y12.472 E134.03937
G1 X47.96 Y12.172 E134.21314
G1 X47.729 Y12.156 E134.22084
G1 X47.616 Y12.098 E134.22507
G1 X47.557 Y11.967 E134.22984
G1 X47.557 Y8.053 E134.36002
G1 X47.6 Y7.921 E134.36464
G1 X47.679 Y7.862 E134.36792
G1 X47.96 Y7.827 E134.37734
G1 X53.222 Y7.526 E134.55264
G1 X53.344 Y7.573 E134.55699
G1 X53.416 Y7.748 E134.56328
G1 X53.416 Y12.256 E134.71322
G1 X53.377 Y12.391 E134.71789
G1 X53.285 Y12.462 E134.72176
M204 S2000
G0 F9000 X52.976 Y12.053
G0 X52.626 Y11.648
M204 S500
;TYPE:SKIN
G1 F600 X48.347 Y11.402 E134.86431
G1 X49.185 Y11.353 E134.89223
G1 X49.844 Y10.858 E134.91965
G1 X50.121 Y10.105 E134.94633
G1 X49.976 Y9.368 E134.97131
G1 X49.448 Y8.777 E134.99767
G1 X48.713 Y8.576 E135.02302
G1 X52.626 Y8.352 E135.15338
G1 X52.626 Y11.648 E135.263
M204 S2000
G0 F9000 X52.906 Y11.648
G0 X48.138 Y11.599
G0 X48.147 Y11.05
G0 X49.662 Y10.724
G0 X49.745 Y10.09
G0 X48.669 Y8.85
G0 X48.584 Y8.583
M204 S500
G1 F600 X48.347 Y8.66 E135.27129
G1 X48.347 Y8.597 E135.27339
G1 X48.584 Y8.583 E135.28128
M204 S2000
G0 F9000 X48.669 Y8.85
G0 X49.537 Y9.296
G0 X49.865 Y9.004
M204 S500
G1 F600 X50.217 Y8.651 E135.29786
M204 S2000
G0 F9000 X50.817 Y8.617
M204 S500
G1 F600 X50.127 Y9.308 E135.33034
M204 S2000
G0 F9000 X50.219 Y9.781
M204 S500
G1 F600 X51.417 Y8.583 E135.38669
M204 S2000
G0 F9000 X52.018 Y8.548
M204 S500
G1 F600 X50.19 Y10.374 E135.47263
M204 S2000
G0 F9000 X50.341 Y11.355
M204 S500
G1 F600 X52.464 Y9.233 E135.57246
M204 S2000
G0 F9000 X52.464 Y9.798
M204 S500
G1 F600 X50.876 Y11.386 E135.64716
M204 S2000
G0 F9000 X51.411 Y11.417
M204 S500
G1 F600 X52.464 Y10.363 E135.69671
M204 S2000
G0 F9000 X52.464 Y10.929
M204 S500
G1 F600 X51.945 Y11.448 E135.72112
M204 S2000
G0 F9000 X51.92 Y11.887
G0 X49.782 Y11.764
G0 X49.807 Y11.324
M204 S500
G1 F600 X52.464 Y8.667 E135.8461
M204 S2000
G0 F9000 X52.906 Y8.667
G0 X52.833 Y8.132
G0 X48.138 Y8.399
G0 X48.144 Y8.939
G0 X49.774 Y9.468
G0 X49.822 Y10.13
G0 X48.347 Y11.071
G0 X48.323 Y11.112
M204 S500
;TYPE:SKIN
G1 F600 X48.198 Y11.236 E135.84903
M204 S2000
G0 F9000 X48.051 Y10.535
M204 S500
G1 F600 X47.912 Y10.391 E135.85297
G1 X47.838 Y9.9 E135.86273
G1 X47.845 Y9.611 E135.86841
M204 S2000
G0 F9000 X48.057 Y9.369
G1 F2400 E135.06841
;MESH:NONMESH
G0 F300 X48.057 Y9.369 Z10.6
G0 F9000 X47.942 Y10.14
G0 X48.138 Y11.599
G0 X49.502 Y11.843
;TIME_ELAPSED:455.520235
;LAYER:52
M204 S500
;TYPE:WALL-INNER
;MESH:3DBenchy.stl
G1 F2400 E135.86841
G1 F600 X49.494 Y10.633 E135.90866
G1 X49.526 Y10.609 E135.90999
G1 X49.717 Y10.062 E135.92926
G1 X49.61 Y9.54 E135.94698
G1 X49.491 Y9.409 E135.95287
G1 X49.493 Y8.156 E135.99455
G1 X49.541 Y8.149 E135.99616
G1 X49.811 Y8.124 E136.00518
G1 X50.043 Y8.108 E136.01291
G1 X52.786 Y7.95 E136.1043
G1 X52.996 Y7.938 E136.11129
G1 X52.996 Y8.148 E136.11574
G1 X52.996 Y8.149 E136.11577
G1 X52.996 Y11.851 E136.2389
G1 X52.996 Y11.852 E136.23894
G1 X52.996 Y12.062 E136.24592
G1 X52.786 Y12.051 E136.25038
G1 X50.076 Y11.896 E136.34067
G1 X49.667 Y11.862 E136.35432
G1 X49.502 Y11.843 E136.35984
M204 S2000
G0 F9000 X49.104 Y12.188
M204 S500
;TYPE:WALL-OUTER
G1 F600 X49.094 Y10.541 E136.41462
G1 X48.946 Y10.547 E136.41955
G1 X49.188 Y10.363 E136.42966
G1 X49.303 Y10.034 E136.44125
G1 X49.24 Y9.728 E136.45164
G1 X49.011 Y9.475 E136.46299
G1 X48.899 Y9.445 E136.46685
G1 X49.091 Y9.447 E136.47323
G1 X49.093 Y7.826 E136.52715
G1 X49.185 Y7.795 E136.53038
G1 X49.49 Y7.752 E136.54062
G1 X49.783 Y7.725 E136.55041
G1 X50.015 Y7.709 E136.55814
G1 X53.196 Y7.526 E136.66412
G1 X53.322 Y7.571 E136.66857
G1 X53.396 Y7.734 E136.67452
G1 X53.396 Y12.269 E136.82536
G1 X53.355 Y12.396 E136.8298
G1 X53.212 Y12.475 E136.83523
G1 X50.043 Y12.295 E136.9408
G1 X49.626 Y12.26 E136.95472
G1 X49.357 Y12.23 E136.96372
G1 X49.104 Y12.188 E136.97225
M204 S2000
G0 F9000 X49.279 Y12.039
G0 X49.866 Y11.767
G0 X49.89 Y11.489
M204 S500
;TYPE:SKIN
G1 F600 X49.885 Y10.763 E136.9964
G1 X50.121 Y10.089 E137.02015
G1 X49.971 Y9.357 E137.045
G1 X49.881 Y9.259 E137.04943
G1 X49.883 Y8.511 E137.07431
G1 X50.07 Y8.498 E137.08054
G1 X52.606 Y8.352 E137.16503
G1 X52.606 Y11.649 E137.27469
G1 X50.098 Y11.507 E137.35824
G1 X49.89 Y11.489 E137.36518
M204 S2000
G0 F9000 X50.047 Y11.178
M204 S500
G1 F600 X50.221 Y11.352 E137.37337
M204 S2000
G0 F9000 X50.82 Y11.386
M204 S500
G1 F600 X50.091 Y10.656 E137.40768
M204 S2000
G0 F9000 X50.237 Y10.237
M204 S500
G1 F600 X51.42 Y11.42 E137.46332
M204 S2000
G0 F9000 X52.02 Y11.454
M204 S500
G1 F600 X50.188 Y9.623 E137.54947
M204 S2000
G0 F9000 X50.041 Y8.911
M204 S500
G1 F600 X52.445 Y11.313 E137.6625
M204 S2000
G0 F9000 X52.445 Y10.748
M204 S500
G1 F600 X50.341 Y8.645 E137.76145
M204 S2000
G0 F9000 X50.876 Y8.614
M204 S500
G1 F600 X52.445 Y10.182 E137.83522
M204 S2000
G0 F9000 X52.445 Y9.617
M204 S500
G1 F600 X51.41 Y8.583 E137.88388
M204 S2000
G0 F9000 X51.945 Y8.552
M204 S500
G1 F600 X52.445 Y9.052 E137.9074
M204 S2000
G0 F9000 X52.896 Y9.052
G1 F2400 E137.1074
;MESH:NONMESH
G0 F300 X52.896 Y9.052 Z10.8
G0 F9000 X52.813 Y11.868
G0 X51.589 Y11.966
;TIME_ELAPSED:462.812855
;LAYER:53
M204 S500
;TYPE:WALL-INNER
;MESH:3DBenchy.stl
G1 F2400 E137.9074
G1 F600 X51.586 Y11.379 E137.92692
G1 X51.573 Y11.133 E137.93512
G1 X51.573 Y8.568 E138.02043
G1 X51.569 Y8.385 E138.02652
G1 X51.57 Y8.04 E138.03799
G1 X51.78 Y8.013 E138.04504
G1 X52.095 Y7.989 E138.05554
G1 X52.767 Y7.95 E138.07793
G1 X52.977 Y7.938 E138.08493
G1 X52.977 Y8.148 E138.08938
G1 X52.977 Y8.149 E138.08941
G1 X52.976 Y11.852 E138.21257
G1 X52.976 Y11.853 E138.2126
G1 X52.976 Y12.063 E138.21959
G1 X52.766 Y12.051 E138.22404
G1 X52.152 Y12.016 E138.2445
G1 X51.895 Y11.996 E138.25307
G1 X51.589 Y11.966 E138.2633
M204 S2000
G0 F9000 X51.191 Y12.307
M204 S500
;TYPE:WALL-OUTER
G1 F600 X51.186 Y11.39 E138.2938
G1 X51.173 Y11.133 E138.30236
G1 X51.173 Y8.572 E138.38754
G1 X51.169 Y8.384 E138.39379
G1 X51.171 Y7.71 E138.41621
G1 X51.311 Y7.669 E138.42106
G1 X51.741 Y7.615 E138.43548
G1 X52.064 Y7.59 E138.44625
G1 X53.173 Y7.526 E138.4832
G1 X53.286 Y7.557 E138.4871
G1 X53.356 Y7.635 E138.49058
G1 X53.377 Y7.734 E138.49395
G1 X53.376 Y12.287 E138.64538
G1 X53.332 Y12.401 E138.64944
G1 X53.192 Y12.475 E138.65471
G1 X52.121 Y12.415 E138.69039
G1 X51.864 Y12.395 E138.69896
G1 X51.58 Y12.368 E138.70845
G1 X51.324 Y12.337 E138.71703
G1 X51.191 Y12.307 E138.72156
M204 S2000
G0 F9000 X51.464 Y12.077
G0 X51.954 Y11.89
G0 X51.977 Y11.612
M204 S500
;TYPE:SKIN
G1 F600 X51.976 Y11.368 E138.72968
G1 X51.963 Y11.112 E138.7382
G1 X51.963 Y8.564 E138.82295
G1 X51.959 Y8.389 E138.82877
G1 X52.05 Y8.382 E138.83181
G1 X52.587 Y8.352 E138.8497
G1 X52.586 Y11.65 E138.95939
G1 X52.119 Y11.623 E138.97495
G1 X51.977 Y11.612 E138.97968
M204 S2000
G0 F9000 X52.13 Y11.263
M204 S500
G1 F600 X52.424 Y10.969 E138.99351
M204 S2000
G0 F9000 X52.122 Y10.705
M204 S500
G1 F600 X52.425 Y10.403 E139.00774
M204 S2000
G0 F9000 X52.122 Y10.14
M204 S500
G1 F600 X52.425 Y9.838 E139.02197
M204 S2000
G0 F9000 X52.122 Y9.575
M204 S500
G1 F600 X52.426 Y9.271 E139.03627
M204 S2000
G0 F9000 X52.122 Y9.009
M204 S500
G1 F600 X52.426 Y8.706 E139.05055
M204 S2000
G0 F9000 X52.777 Y8.707
G1 F2400 E138.25055
;MESH:NONMESH
G0 F300 X52.777 Y8.707 Z11
G0 F9000 X52.866 Y8.707
G0 X53.097 Y12.194
G0 X53.26 Y12.395
;TIME_ELAPSED:467.070906
;LAYER:54
M204 S500
;TYPE:WALL-OUTER
;MESH:3DBenchy.stl
G1 F2400 E139.05055
G1 F600 X53.251 Y12.081 E139.06099
G1 X53.252 Y7.6 E139.21003
G1 X53.336 Y7.708 E139.21458
G1 X53.338 Y12.268 E139.36625
G1 X53.26 Y12.395 E139.37121
M204 S2000
G0 F9000 X53.128 Y12.263
G1 F2400 E138.57121
;MESH:NONMESH
G0 F300 X53.128 Y12.263 Z11.6
G0 F9000 X53.144 Y12.264
G0 X53.071 Y10.367
G0 X52.386 Y10.367
G0 X49.154 Y10.365
;TIME_ELAPSED:468.588307
;LAYER:57
M204 S500
;TYPE:WALL-OUTER
;MESH:3DBenchy.stl
G1 F2400 E139.37121
G1 F600 X49.185 Y10.324 E139.37292
G1 X49.177 Y10.342 E139.37357
G1 X49.154 Y10.365 E139.37465
M204 S2000
G0 F9000 X49.253 Y9.825
M204 S500
G1 F600 X49.236 Y9.768 E139.37663
G1 X49.244 Y9.78 E139.37711
G1 X49.253 Y9.825 E139.37864
M204 S2000
G0 F9000 X48.787 Y9.417
M204 S500
G1 F600 X48.81 Y9.418 E139.3794
G1 X48.818 Y9.421 E139.37969
G1 X48.787 Y9.417 E139.38073
M204 S2000
G0 F9000 X48.442 Y9.464
M204 S500
G1 F600 X48.405 Y9.482 E139.38209
G1 X48.42 Y9.471 E139.38271
G1 X48.442 Y9.464 E139.38348
M204 S2000
G0 F9000 X48.208 Y10.342
M204 S500
G1 F600 X48.19 Y10.322 E139.38438
G1 X48.188 Y10.319 E139.3845
G1 X48.208 Y10.342 E139.38551
M204 S2000
G0 F9000 X48.54 Y10.569
M204 S500
G1 F600 X48.491 Y10.56 E139.38717
G1 X48.477 Y10.553 E139.38769
G1 X48.54 Y10.569 E139.38985
M204 S2000
G0 F9000 X48.903 Y10.551
M204 S500
G1 F600 X48.87 Y10.568 E139.39108
G1 X48.846 Y10.571 E139.39189
G1 X48.903 Y10.551 E139.3939
M204 S2000
G0 F9000 X48.944 Y10.749
G1 F2400 E138.5939
;MESH:NONMESH
G0 F300 X48.944 Y10.749 Z11.8
G0 F9000 X48.901 Y10.665
G0 X49.135 Y10
G0 X48.811 Y9.42
;TIME_ELAPSED:469.337356
;LAYER:58
M204 S500
;TYPE:WALL-OUTER
;MESH:3DBenchy.stl
G1 F2400 E139.3939
G1 F600 X48.686 Y9.404 E139.39809
G1 X48.726 Y9.4 E139.39943
G1 X48.811 Y9.42 E139.40233
M204 S2000
G0 F9000 X49.033 Y9.517
M204 S500
G1 F600 X49.102 Y9.562 E139.40507
G1 X49.135 Y9.603 E139.40682
G1 X49.033 Y9.517 E139.41126
M204 S2000
G0 F9000 X49.289 Y9.944
M204 S500
G1 F600 X49.228 Y9.738 E139.4184
G1 X49.283 Y9.898 E139.42403
G1 X49.289 Y9.944 E139.42557
M204 S2000
G0 F9000 X49.273 Y10.128
M204 S500
G1 F600 X49.268 Y10.165 E139.42682
G1 X49.262 Y10.18 E139.42735
G1 X49.273 Y10.128 E139.42912
M204 S2000
G0 F9000 X49.085 Y10.445
M204 S500
G1 F600 X49.202 Y10.311 E139.43504
G1 X49.194 Y10.331 E139.43575
G1 X49.085 Y10.445 E139.441
M204 S2000
G0 F9000 X48.682 Y10.446
G0 X48.11 Y10.165
M204 S500
G1 F600 X48.088 Y9.979 E139.44723
G1 X48.097 Y9.932 E139.44882
G1 X48.11 Y10.165 E139.45658
M204 S2000
G0 F9000 X48.291 Y10.445
M204 S500
G1 F600 X48.189 Y10.338 E139.4615
G1 X48.165 Y10.285 E139.46344
G1 X48.291 Y10.445 E139.47021
M204 S2000
G0 F9000 X48.568 Y10.581
M204 S500
G1 F600 X48.488 Y10.567 E139.47291
G1 X48.44 Y10.54 E139.47474
G1 X48.568 Y10.581 E139.47921
M204 S2000
G0 F9000 X48.796 Y10.583
M204 S500
G1 F600 X48.925 Y10.548 E139.48366
G1 X48.883 Y10.57 E139.48523
G1 X48.796 Y10.583 E139.48816
M204 S2000
G0 F9000 X48.788 Y10.383
G1 F2400 E138.68816
;MESH:NONMESH
G0 F300 X48.788 Y10.383 Z12
G0 F9000 X48.812 Y10.475
G0 X48.438 Y10.368
G0 X48.272 Y10.161
G0 X48.51 Y9.422
;TIME_ELAPSED:470.384355
;LAYER:59
M204 S500
;TYPE:WALL-OUTER
;MESH:3DBenchy.stl
G1 F2400 E139.48816
G1 F600 X48.293 Y9.551 E139.49656
G1 X48.357 Y9.491 E139.49947
G1 X48.51 Y9.422 E139.50506
M204 S2000
G0 F9000 X48.935 Y9.446
M204 S500
G1 F600 X49.108 Y9.559 E139.51193
G1 X49.139 Y9.601 E139.51367
G1 X48.935 Y9.446 E139.52219
M204 S2000
G0 F9000 X49.21 Y9.697
M204 S500
G1 F600 X49.299 Y9.962 E139.53149
G1 X49.298 Y9.968 E139.53169
G1 X49.21 Y9.697 E139.54116
M204 S2000
G0 F9000 X49.287 Y10.061
M204 S500
G1 F600 X49.274 Y10.169 E139.54478
G1 X49.266 Y10.187 E139.54544
G1 X49.287 Y10.061 E139.54969
M204 S2000
G0 F9000 X49.079 Y10.463
M204 S500
G1 F600 X49.233 Y10.261 E139.55813
G1 X49.199 Y10.337 E139.5609
G1 X49.079 Y10.463 E139.56669
M204 S2000
G0 F9000 X48.992 Y10.519
M204 S500
G1 F600 X48.882 Y10.577 E139.57083
G1 X48.793 Y10.591 E139.57382
G1 X48.992 Y10.519 E139.58086
M204 S2000
G0 F9000 X49.135 Y9.991
G0 X48.617 Y9.405
M204 S500
G1 F600 X48.73 Y9.393 E139.58464
G1 X48.824 Y9.415 E139.58785
G1 X48.617 Y9.405 E139.59475
M204 S2000
G0 F9000 X48.655 Y9.207
G1 F2400 E138.79475
;MESH:NONMESH
G0 F300 X48.655 Y9.207 Z12.2
G0 F9000 X49.187 Y9.644
;TIME_ELAPSED:471.349293
;LAYER:60
M204 S500
;TYPE:WALL-OUTER
;MESH:3DBenchy.stl
G1 F2400 E139.59475
G1 F600 X49.308 Y9.922 E139.60483
G1 X49.286 Y10.172 E139.61318
G1 X49.205 Y10.347 E139.61959
G1 X49.068 Y10.493 E139.62625
G1 X48.882 Y10.59 E139.63323
G1 X48.682 Y10.62 E139.63995
G1 X48.476 Y10.583 E139.64691
G1 X48.309 Y10.489 E139.65329
G1 X48.174 Y10.346 E139.65983
G1 X48.094 Y10.175 E139.66611
G1 X48.069 Y9.976 E139.67278
G1 X48.106 Y9.789 E139.67912
G1 X48.199 Y9.62 E139.68554
G1 X48.353 Y9.479 E139.69248
G1 X48.525 Y9.402 E139.69875
G1 X48.732 Y9.381 E139.70567
G1 X48.928 Y9.427 E139.71236
G1 X49.122 Y9.554 E139.72008
G1 X49.184 Y9.641 E139.72363
G1 X48.897 Y9.424 E139.7356
G1 X48.551 Y9.406 E139.74712
G1 X48.276 Y9.552 E139.75748
G1 X48.098 Y9.847 E139.76894
G1 X48.111 Y10.195 E139.78052
G1 X48.312 Y10.48 E139.79212
G1 X48.635 Y10.609 E139.80369
G1 X48.977 Y10.54 E139.81529
G1 X49.223 Y10.297 E139.82679
G1 X49.299 Y9.98 E139.83763
G1 X49.187 Y9.644 E139.84941
M204 S2000
G0 F9000 X49.402 Y9.64
G1 F2400 E139.04941
;MESH:NONMESH
G0 F300 X49.402 Y9.64 Z12.4
G0 F9000 X49.335 Y9.687
G0 X49.129 Y10.116
G0 X48.634 Y10.614
;TIME_ELAPSED:472.416856
;LAYER:61
M204 S500
;TYPE:WALL-OUTER
;MESH:3DBenchy.stl
G1 F2400 E139.84941
G1 F600 X48.979 Y10.544 E139.86112
G1 X49.227 Y10.299 E139.87272
G1 X49.304 Y9.976 E139.88376
G1 X49.187 Y9.636 E139.89572
G1 X48.898 Y9.419 E139.90774
G1 X48.55 Y9.401 E139.91933
G1 X48.272 Y9.548 E139.92979
G1 X48.093 Y9.846 E139.94135
G1 X48.106 Y10.197 E139.95303
G1 X48.309 Y10.484 E139.96473
G1 X48.634 Y10.614 E139.97637
M204 S2000
G0 F9000 X48.653 Y10.747
M204 S500
G1 F600 X48.447 Y10.707 E139.98335
G1 X48.268 Y10.618 E139.99
G1 X48.109 Y10.472 E139.99718
G1 X48.005 Y10.303 E140.00378
G1 X47.948 Y10.099 E140.01082
G1 X47.948 Y9.901 E140.01741
G1 X48.004 Y9.699 E140.02438
G1 X48.124 Y9.511 E140.0318
G1 X48.27 Y9.38 E140.03832
G1 X48.456 Y9.29 E140.04519
G1 X48.648 Y9.253 E140.0517
G1 X48.846 Y9.267 E140.0583
G1 X49.034 Y9.335 E140.06495
G1 X49.201 Y9.453 E140.07175
G1 X49.332 Y9.617 E140.07873
G1 X49.412 Y9.8 E140.08537
G1 X49.438 Y10 E140.09208
G1 X49.357 Y10.341 E140.10374
G1 X49.243 Y10.505 E140.11038
G1 X49.064 Y10.648 E140.118
G1 X48.866 Y10.727 E140.12509
G1 X48.653 Y10.747 E140.13221
M204 S2000
G0 F9000 X48.618 Y10.803
G1 F2400 E139.33221
;MESH:NONMESH
G0 F300 X48.618 Y10.803 Z12.6
G0 F9000 X48.634 Y10.614
;TIME_ELAPSED:473.521386
;LAYER:62
M204 S500
;TYPE:WALL-OUTER
;MESH:3DBenchy.stl
G1 F2400 E140.13221
G1 F600 X48.979 Y10.544 E140.14392
G1 X49.228 Y10.299 E140.15553
G1 X49.304 Y9.97 E140.16676
G1 X49.182 Y9.628 E140.17884
G1 X48.897 Y9.419 E140.1906
G1 X48.55 Y9.401 E140.20215
G1 X48.272 Y9.548 E140.21261
G1 X48.093 Y9.846 E140.22418
G1 X48.106 Y10.197 E140.23586
G1 X48.309 Y10.484 E140.24755
G1 X48.634 Y10.614 E140.25919
M204 S2000
G0 F9000 X48.703 Y10.748
M204 S500
G1 F600 X48.501 Y10.724 E140.26596
G1 X48.315 Y10.648 E140.27264
G1 X48.157 Y10.526 E140.27928
G1 X48.035 Y10.362 E140.28608
G1 X47.962 Y10.176 E140.29272
G1 X47.942 Y9.974 E140.29948
G1 X47.976 Y9.775 E140.30619
G1 X48.06 Y9.596 E140.31277
G1 X48.192 Y9.441 E140.31954
G1 X48.38 Y9.32 E140.32697
G1 X48.583 Y9.26 E140.33401
G1 X48.779 Y9.256 E140.34054
G1 X48.974 Y9.308 E140.34725
G1 X49.151 Y9.411 E140.35406
G1 X49.3 Y9.563 E140.36114
G1 X49.398 Y9.756 E140.36834
G1 X49.436 Y9.948 E140.37485
G1 X49.424 Y10.148 E140.38151
G1 X49.355 Y10.343 E140.38839
G1 X49.243 Y10.505 E140.39494
G1 X49.083 Y10.637 E140.40184
G1 X48.903 Y10.718 E140.40841
G1 X48.703 Y10.748 E140.41513
M204 S2000
G0 F9000 X48.776 Y10.79
G1 F2400 E139.61513
;MESH:NONMESH
G0 F300 X48.776 Y10.79 Z12.8
G0 F9000 X48.634 Y10.614
;TIME_ELAPSED:474.633035
;LAYER:63
M204 S500
;TYPE:WALL-OUTER
;MESH:3DBenchy.stl
G1 F2400 E140.41513
G1 F600 X48.979 Y10.544 E140.42684
G1 X49.228 Y10.298 E140.43848
G1 X49.304 Y9.965 E140.44984
G1 X49.181 Y9.628 E140.46177
G1 X48.897 Y9.419 E140.4735
G1 X48.55 Y9.401 E140.48506
G1 X48.272 Y9.548 E140.49552
G1 X48.093 Y9.846 E140.50708
G1 X48.106 Y10.197 E140.51876
G1 X48.309 Y10.484 E140.53046
G1 X48.634 Y10.614 E140.5421
M204 S2000
G0 F9000 X48.68 Y10.748
M204 S500
G1 F600 X48.476 Y10.718 E140.54896
G1 X48.296 Y10.637 E140.55552
G1 X48.139 Y10.506 E140.56232
G1 X48.025 Y10.343 E140.56894
G1 X47.959 Y10.157 E140.5755
G1 X47.944 Y9.938 E140.5828
G1 X47.989 Y9.738 E140.58962
G1 X48.086 Y9.558 E140.59642
G1 X48.228 Y9.411 E140.60322
G1 X48.397 Y9.311 E140.60975
G1 X48.594 Y9.257 E140.61654
G1 X48.799 Y9.259 E140.62336
G1 X48.997 Y9.317 E140.63023
G1 X49.168 Y9.424 E140.63694
G1 X49.311 Y9.584 E140.64407
G1 X49.401 Y9.768 E140.65089
G1 X49.438 Y9.967 E140.65762
G1 X49.421 Y10.164 E140.66419
G1 X49.344 Y10.365 E140.67135
G1 X49.229 Y10.52 E140.67777
G1 X49.063 Y10.649 E140.68476
G1 X48.881 Y10.723 E140.6913
G1 X48.68 Y10.748 E140.69804
M204 S2000
G0 F9000 X48.618 Y10.803
G1 F2400 E139.89804
;MESH:NONMESH
G0 F300 X48.618 Y10.803 Z13
G0 F9000 X48.634 Y10.614
;TIME_ELAPSED:475.740269
;LAYER:64
M204 S500
;TYPE:WALL-OUTER
;MESH:3DBenchy.stl
G1 F2400 E140.69804
G1 F600 X48.979 Y10.544 E140.70974
G1 X49.228 Y10.298 E140.72139
G1 X49.304 Y9.96 E140.73291
G1 X49.181 Y9.627 E140.74472
G1 X48.897 Y9.419 E140.75642
G1 X48.55 Y9.401 E140.76798
G1 X48.272 Y9.548 E140.77844
G1 X48.093 Y9.846 E140.79
G1 X48.106 Y10.197 E140.80168
G1 X48.309 Y10.484 E140.81338
G1 X48.634 Y10.614 E140.82502
M204 S2000
G0 F9000 X48.627 Y10.746
M204 S500
G1 F600 X48.432 Y10.703 E140.83166
G1 X48.254 Y10.609 E140.83836
G1 X48.107 Y10.469 E140.84511
G1 X48.003 Y10.298 E140.85176
G1 X47.949 Y10.107 E140.85837
G1 X47.948 Y9.901 E140.86522
G1 X48.001 Y9.705 E140.87197
G1 X48.103 Y9.534 E140.87859
G1 X48.251 Y9.393 E140.88539
G1 X48.427 Y9.299 E140.89203
G1 X48.626 Y9.254 E140.89881
G1 X48.826 Y9.264 E140.90547
G1 X49.018 Y9.328 E140.91221
G1 X49.185 Y9.438 E140.91886
G1 X49.316 Y9.591 E140.92556
G1 X49.404 Y9.776 E140.93237
G1 X49.438 Y9.972 E140.93899
G1 X49.419 Y10.172 E140.94567
G1 X49.34 Y10.371 E140.95279
G1 X49.209 Y10.539 E140.95988
G1 X49.034 Y10.665 E140.96705
G1 X48.832 Y10.734 E140.97415
G1 X48.627 Y10.746 E140.98098
M204 S2000
G0 F9000 X48.618 Y10.803
;TIME_ELAPSED:476.717691
G1 F2400 E140.18098
M204 S500
M107
G91 ;Relative positionning
G1 E-2 F2700 ;Retract a bit
G1 E-2 Z0.2 F2400 ;Retract and raise Z
G1 X5 Y5 F3000 ;Wipe out
G1 Z10 ;Raise Z more
G90 ;Absolute positionning

G1 X0 Y0 ;Present print
M106 S0 ;Turn-off fan
M104 S0 ;Turn-off hotend
M140 S0 ;Turn-off bed

G1 Z10


M84 X Y E ;Disable all steppers but Z

M82 ;absolute extrusion mode
M104 S0
;End of Gcode
